Loss, Time
1.4249998331069946, 13.910277605056763
1.419496774673462, 0.07688760757446289
1.4167466163635254, 0.005114555358886719
1.412129282951355, 0.004522085189819336
1.40824294090271, 0.0038874149322509766
1.4238959550857544, 0.029452085494995117
1.4192163944244385, 0.030812740325927734
1.4193885326385498, 0.029224157333374023
1.4292430877685547, 0.029395341873168945
1.4372810125350952, 0.029143095016479492
1.4146051406860352, 0.029061317443847656
1.4344996213912964, 0.02954888343811035
1.4252336025238037, 0.029086589813232422
1.4216020107269287, 0.028241634368896484
1.4233466386795044, 0.02681875228881836
1.4272575378417969, 0.02682971954345703
1.4230074882507324, 0.026904582977294922
1.4205117225646973, 0.026781797409057617
1.4136996269226074, 0.02677774429321289
1.4240370988845825, 0.026948928833007812
1.420222520828247, 0.02716660499572754
1.4318242073059082, 0.02695608139038086
1.4107110500335693, 0.02697443962097168
1.4263198375701904, 0.026869773864746094
1.429750919342041, 0.02708745002746582
1.4156579971313477, 0.02675485610961914
1.4279811382293701, 0.026946067810058594
1.4239840507507324, 0.026894569396972656
1.4399689435958862, 0.02689385414123535
1.4114558696746826, 0.0268857479095459
1.4198124408721924, 0.027123689651489258
1.4364818334579468, 0.026927709579467773
1.4148648977279663, 0.026882648468017578
1.4344054460525513, 0.026763439178466797
1.4256325960159302, 0.027074337005615234
1.4287421703338623, 0.027106285095214844
1.4253597259521484, 0.02675938606262207
1.4323227405548096, 0.027065277099609375
1.426437258720398, 0.02694845199584961
1.4164113998413086, 0.026972293853759766
1.4142701625823975, 0.026866674423217773
1.4140805006027222, 0.026976823806762695
1.428113341331482, 0.026930570602416992
1.4234647750854492, 0.026990413665771484
1.4137581586837769, 0.02683091163635254
1.4282567501068115, 0.026888370513916016
1.4245741367340088, 0.026993513107299805
1.422655701637268, 0.02704334259033203
1.4203212261199951, 0.026997804641723633
1.422177791595459, 0.0270688533782959
1.4387328624725342, 0.027211427688598633
1.4195066690444946, 0.02692389488220215
1.4295449256896973, 0.026952505111694336
1.4204119443893433, 0.026977062225341797
1.4174211025238037, 0.027033090591430664
1.4157075881958008, 0.0269010066986084
1.4222149848937988, 0.02688455581665039
1.4253910779953003, 0.027113676071166992
1.420274019241333, 0.027143001556396484
1.424468755722046, 0.026517152786254883
1.428675651550293, 0.02721881866455078
1.4230735301971436, 0.027138710021972656
1.4116454124450684, 0.026828765869140625
1.4182837009429932, 0.026914596557617188
1.4189507961273193, 0.027001142501831055
1.4149304628372192, 0.026990890502929688
1.41650390625, 0.026911020278930664
1.4265683889389038, 0.026962995529174805
1.4307931661605835, 0.026895761489868164
1.4252870082855225, 0.027178525924682617
1.4207741022109985, 0.02681899070739746
1.4146597385406494, 0.026886463165283203
1.4275298118591309, 0.027103185653686523
1.4295227527618408, 0.02679729461669922
1.4200682640075684, 0.026973724365234375
1.421809196472168, 0.02691054344177246
1.4289590120315552, 0.02696704864501953
1.421250581741333, 0.026907920837402344
1.4210718870162964, 0.027239322662353516
1.4196600914001465, 0.02664804458618164
1.4302797317504883, 0.02704167366027832
1.4245126247406006, 0.026972293853759766
1.415568470954895, 0.027240514755249023
1.4219958782196045, 0.026815176010131836
1.4321932792663574, 0.02692723274230957
1.414138674736023, 0.027190208435058594
1.430641770362854, 0.02655339241027832
1.4207851886749268, 0.026953458786010742
1.4177836179733276, 0.02697014808654785
1.4186668395996094, 0.026989459991455078
1.4202322959899902, 0.02687215805053711
1.4352041482925415, 0.027393341064453125
1.4271483421325684, 0.027204036712646484
1.4190173149108887, 0.026688814163208008
1.4272958040237427, 0.02698230743408203
1.4187688827514648, 0.02707815170288086
1.42543625831604, 0.02678394317626953
1.426209807395935, 0.027242660522460938
1.417070984840393, 0.027751684188842773
1.4369068145751953, 0.027529478073120117
1.4208149909973145, 0.027459144592285156
1.4266629219055176, 0.02682971954345703
1.418811321258545, 0.02693033218383789
1.4135019779205322, 0.026937246322631836
1.4116871356964111, 0.026856422424316406
1.4138915538787842, 0.026964664459228516
1.4259974956512451, 0.027058124542236328
1.4142593145370483, 0.02687835693359375
1.4236385822296143, 0.02839517593383789
1.4226703643798828, 0.027812957763671875
1.4089155197143555, 0.02754497528076172
1.4189366102218628, 0.026998043060302734
1.4185633659362793, 0.02688002586364746
1.4124343395233154, 0.027012109756469727
1.4156663417816162, 0.02689814567565918
1.431675910949707, 0.026941537857055664
1.4209747314453125, 0.026928424835205078
1.4115275144577026, 0.027013063430786133
1.4274799823760986, 0.0269162654876709
1.419896125793457, 0.026853322982788086
1.428457498550415, 0.026996850967407227
1.4240992069244385, 0.02704143524169922
1.4321510791778564, 0.02677750587463379
1.421767234802246, 0.026920795440673828
1.4211245775222778, 0.027022361755371094
1.4166334867477417, 0.02704596519470215
1.4256099462509155, 0.026957035064697266
1.4252111911773682, 0.02712416648864746
1.4226396083831787, 0.027181625366210938
1.4273834228515625, 0.02689385414123535
1.419368028640747, 0.026800870895385742
1.425791621208191, 0.027055978775024414
1.4153412580490112, 0.027075529098510742
1.4218664169311523, 0.0270388126373291
1.4220638275146484, 0.027319669723510742
1.4373319149017334, 0.027021169662475586
1.4289679527282715, 0.02696394920349121
1.4145545959472656, 0.026952028274536133
1.4400012493133545, 0.02724480628967285
1.4246619939804077, 0.02695441246032715
1.4227547645568848, 0.02680516242980957
1.4291486740112305, 0.027004241943359375
1.4193482398986816, 0.026953697204589844
1.4037667512893677, 0.02706003189086914
1.4284754991531372, 0.026819467544555664
1.4290149211883545, 0.026951313018798828
1.4201304912567139, 0.0271148681640625
1.4335960149765015, 0.02672576904296875
1.4205594062805176, 0.02712225914001465
1.4205195903778076, 0.026840925216674805
1.4225025177001953, 0.026975154876708984
1.4215648174285889, 0.027008771896362305
1.4200730323791504, 0.027062177658081055
1.4169130325317383, 0.026806116104125977
1.4327189922332764, 0.027051210403442383
1.4318840503692627, 0.02692270278930664
1.419927716255188, 0.02692437171936035
1.4152982234954834, 0.026988506317138672
1.4143786430358887, 0.02706456184387207
1.4171760082244873, 0.026827096939086914
1.4100887775421143, 0.026923656463623047
1.427409052848816, 0.026850223541259766
1.4196308851242065, 0.026973485946655273
1.428173542022705, 0.026800155639648438
1.4253945350646973, 0.027387380599975586
1.4192652702331543, 0.026484966278076172
1.4160699844360352, 0.02692103385925293
1.4241445064544678, 0.026987314224243164
1.413167119026184, 0.02704620361328125
1.4188759326934814, 0.02821183204650879
1.4250684976577759, 0.02611231803894043
1.4328244924545288, 0.0272371768951416
1.436345100402832, 0.026998281478881836
1.4145498275756836, 0.026944398880004883
1.417646050453186, 0.02700662612915039
1.4249475002288818, 0.027031660079956055
1.4247150421142578, 0.02702045440673828
1.4183393716812134, 0.02691507339477539
1.405048131942749, 0.0269625186920166
1.4104769229888916, 0.02692890167236328
1.4303687810897827, 0.027085542678833008
1.4302984476089478, 0.02683234214782715
1.4219787120819092, 0.026962995529174805
1.4212744235992432, 0.026978492736816406
1.420409917831421, 0.02690601348876953
1.415093183517456, 0.026969432830810547
1.4288561344146729, 0.02693653106689453
1.4245564937591553, 0.026983022689819336
1.416678547859192, 0.026905536651611328
1.4184294939041138, 0.02698493003845215
1.4216580390930176, 0.026929378509521484
1.4223724603652954, 0.027027130126953125
1.423421025276184, 0.026960372924804688
1.4193682670593262, 0.027027606964111328
1.4226490259170532, 0.026826143264770508
1.4169707298278809, 0.027013778686523438
1.41447114944458, 0.027132749557495117
1.4294147491455078, 0.026953935623168945
1.4215805530548096, 0.026915550231933594
1.4173144102096558, 0.02702045440673828
1.4217150211334229, 0.026946544647216797
1.422093152999878, 0.026899099349975586
1.4251527786254883, 0.026981353759765625
1.4213827848434448, 0.027049779891967773
1.428795337677002, 0.027134418487548828
1.4270210266113281, 0.02686333656311035
1.4237359762191772, 0.026812314987182617
1.4330888986587524, 0.02677774429321289
1.4240431785583496, 0.02700185775756836
1.4270541667938232, 0.02722620964050293
1.4030712842941284, 0.027004241943359375
1.4223620891571045, 0.02683258056640625
1.427236557006836, 0.0269167423248291
1.430126667022705, 0.026950597763061523
1.4278013706207275, 0.027092456817626953
1.4209351539611816, 0.02709221839904785
1.4372572898864746, 0.026750802993774414
1.435699701309204, 0.02710413932800293
1.420687198638916, 0.026764631271362305
1.4162222146987915, 0.026942729949951172
1.4298768043518066, 0.02701401710510254
1.430149793624878, 0.026973962783813477
1.4180033206939697, 0.026918888092041016
1.425750970840454, 0.026910066604614258
1.4218237400054932, 0.026971101760864258
1.42734694480896, 0.02704453468322754
1.4242130517959595, 0.02697277069091797
1.430633306503296, 0.02723550796508789
1.4302880764007568, 0.026850223541259766
1.4166247844696045, 0.027005672454833984
1.4220466613769531, 0.02695608139038086
1.4132617712020874, 0.026864290237426758
1.4297552108764648, 0.027016639709472656
1.4135475158691406, 0.0276641845703125
1.4215400218963623, 0.026677846908569336
1.415958046913147, 0.026734352111816406
1.4121203422546387, 0.027024030685424805
1.419837236404419, 0.0269012451171875
1.4169187545776367, 0.026863813400268555
1.420649766921997, 0.027501344680786133
1.4169752597808838, 0.027182340621948242
1.4210890531539917, 0.027411937713623047
1.4199326038360596, 0.0264894962310791
1.416601300239563, 0.02702045440673828
1.425078272819519, 0.02701401710510254
1.4174126386642456, 0.026978015899658203
1.4292418956756592, 0.027371883392333984
1.4289709329605103, 0.026742219924926758
1.4378774166107178, 0.0272676944732666
1.4261066913604736, 0.026775598526000977
1.4217026233673096, 0.026935815811157227
1.4207913875579834, 0.027085065841674805
1.4127203226089478, 0.027158737182617188
1.4344680309295654, 0.026751041412353516
1.4277124404907227, 0.026958465576171875
1.4266425371170044, 0.027018070220947266
1.4240665435791016, 0.026858091354370117
1.422971248626709, 0.026917695999145508
1.4275124073028564, 0.02697610855102539
1.4221782684326172, 0.026712656021118164
1.4084817171096802, 0.0269162654876709
1.4174084663391113, 0.027019977569580078
1.4178237915039062, 0.026808500289916992
1.4174561500549316, 0.02698993682861328
1.4203758239746094, 0.027000904083251953
1.4317755699157715, 0.02704334259033203
1.425468921661377, 0.026914358139038086
1.4387006759643555, 0.026881694793701172
1.43858802318573, 0.0270535945892334
1.4169714450836182, 0.027123689651489258
1.416074514389038, 0.026630163192749023
1.4100403785705566, 0.026905536651611328
1.427688479423523, 0.026908159255981445
1.4135706424713135, 0.026957273483276367
1.4242591857910156, 0.02715325355529785
1.4322582483291626, 0.02696537971496582
1.4174634218215942, 0.02688288688659668
1.4197759628295898, 0.026948213577270508
1.4312236309051514, 0.026953935623168945
1.4262765645980835, 0.026953697204589844
1.427270770072937, 0.027460336685180664
1.418520450592041, 0.026294946670532227
1.4163981676101685, 0.02700328826904297
1.4255425930023193, 0.027261972427368164
1.4183666706085205, 0.026819467544555664
1.4148297309875488, 0.02714252471923828
1.4311035871505737, 0.0268552303314209
1.42315673828125, 0.026871204376220703
1.4131771326065063, 0.027278900146484375
1.421905279159546, 0.026393651962280273
1.4212651252746582, 0.026957035064697266
1.4235727787017822, 0.026946067810058594
1.4198713302612305, 0.02715468406677246
1.4206568002700806, 0.026810407638549805
1.414588451385498, 0.027071714401245117
1.4411875009536743, 0.02706599235534668
1.428663969039917, 0.026998043060302734
1.4183446168899536, 0.026996135711669922
1.4201931953430176, 0.026976346969604492
1.4253482818603516, 0.027431964874267578
1.4228088855743408, 0.02642822265625
1.4283052682876587, 0.026938915252685547
1.431858777999878, 0.027378559112548828
1.4166045188903809, 0.026955127716064453
1.417464256286621, 0.026877880096435547
1.4257997274398804, 0.026955127716064453
1.4237957000732422, 0.026936769485473633
1.4222075939178467, 0.027272939682006836
1.4359303712844849, 0.027062654495239258
1.4242031574249268, 0.027085065841674805
1.4190998077392578, 0.026801347732543945
1.4094523191452026, 0.0270078182220459
1.4218369722366333, 0.026866436004638672
1.4301507472991943, 0.027036190032958984
1.4169045686721802, 0.026865720748901367
1.4334378242492676, 0.027026653289794922
1.4138531684875488, 0.02678656578063965
1.420210361480713, 0.02693009376525879
1.4179565906524658, 0.02708601951599121
1.4331779479980469, 0.027013778686523438
1.4299349784851074, 0.027073383331298828
1.4303855895996094, 0.02699422836303711
1.4326646327972412, 0.027019739151000977
1.421927809715271, 0.026932716369628906
1.4225964546203613, 0.027001142501831055
1.4213980436325073, 0.02722907066345215
1.4056358337402344, 0.02676224708557129
1.4294772148132324, 0.02683544158935547
1.413461446762085, 0.026912212371826172
1.4362021684646606, 0.027141332626342773
1.409987211227417, 0.02709674835205078
1.404963493347168, 0.026769638061523438
1.418948769569397, 0.0270235538482666
1.4250166416168213, 0.02710723876953125
1.416074514389038, 0.026880264282226562
1.4312498569488525, 0.026982545852661133
1.4234061241149902, 0.026948928833007812
1.4164235591888428, 0.02703380584716797
1.4127271175384521, 0.026948928833007812
1.4241617918014526, 0.0271608829498291
1.4176526069641113, 0.026659488677978516
1.4226487874984741, 0.027089834213256836
1.4185304641723633, 0.027054309844970703
1.4163682460784912, 0.026969432830810547
1.4316542148590088, 0.026859521865844727
1.4146615266799927, 0.02694535255432129
1.4319798946380615, 0.02731943130493164
1.425624132156372, 0.027033090591430664
1.4205691814422607, 0.026915550231933594
1.423653483390808, 0.026996135711669922
1.4164037704467773, 0.02701091766357422
1.4288368225097656, 0.027176380157470703
1.416887879371643, 0.02704310417175293
1.4258322715759277, 0.027271270751953125
1.4234435558319092, 0.02695441246032715
1.416354775428772, 0.02675938606262207
1.4244167804718018, 0.026983261108398438
1.4247665405273438, 0.02705216407775879
1.4247132539749146, 0.027275800704956055
1.4203944206237793, 0.02674412727355957
1.4305052757263184, 0.026990652084350586
1.421654462814331, 0.027068614959716797
1.425915241241455, 0.02707195281982422
1.4178931713104248, 0.02687382698059082
1.4166709184646606, 0.027277469635009766
1.4323458671569824, 0.02670001983642578
1.429842233657837, 0.02658367156982422
1.432989478111267, 0.027292966842651367
1.4212032556533813, 0.026668787002563477
1.4270269870758057, 0.02704763412475586
1.4283194541931152, 0.027090072631835938
1.43658447265625, 0.026938915252685547
1.416010856628418, 0.026983976364135742
1.4205212593078613, 0.027033090591430664
1.4201232194900513, 0.027097225189208984
1.4223989248275757, 0.026710987091064453
1.4215091466903687, 0.02692127227783203
1.433483362197876, 0.027073383331298828
1.4312857389450073, 0.027155637741088867
1.4235851764678955, 0.026777267456054688
1.4102423191070557, 0.026898860931396484
1.4265358448028564, 0.027027130126953125
1.4246060848236084, 0.02688908576965332
1.411673665046692, 0.02723979949951172
1.4141747951507568, 0.026912450790405273
1.4415535926818848, 0.02675795555114746
1.423107624053955, 0.026921510696411133
1.419165849685669, 0.02746748924255371
1.4274262189865112, 0.027088165283203125
1.4336097240447998, 0.026850461959838867
1.418468952178955, 0.026904821395874023
1.4148662090301514, 0.02714991569519043
1.4191877841949463, 0.02690720558166504
1.4312591552734375, 0.027048826217651367
1.4292964935302734, 0.026905536651611328
1.4241892099380493, 0.027311325073242188
1.4206148386001587, 0.026807546615600586
1.4273642301559448, 0.027081727981567383
1.4258038997650146, 0.026893138885498047
1.4134912490844727, 0.026950597763061523
1.4192962646484375, 0.026910781860351562
1.419954538345337, 0.02712702751159668
1.4212744235992432, 0.027107954025268555
1.4225057363510132, 0.026779651641845703
1.415877342224121, 0.026929616928100586
1.426001787185669, 0.027091264724731445
1.4270565509796143, 0.026943683624267578
1.4134521484375, 0.026899337768554688
1.4353047609329224, 0.026951313018798828
1.418485403060913, 0.0269010066986084
1.4247647523880005, 0.027027130126953125
1.4229838848114014, 0.02698230743408203
1.4193496704101562, 0.026958465576171875
1.422408103942871, 0.026870012283325195
1.4227380752563477, 0.02698206901550293
1.4267467260360718, 0.02704930305480957
1.4212528467178345, 0.026920318603515625
1.412410020828247, 0.026933908462524414
1.4287524223327637, 0.027093887329101562
1.4210188388824463, 0.027142047882080078
1.4265837669372559, 0.026912689208984375
1.4439382553100586, 0.026941776275634766
1.425511121749878, 0.02704644203186035
1.41862154006958, 0.027083635330200195
1.4189649820327759, 0.02689051628112793
1.4121284484863281, 0.026919126510620117
1.4217700958251953, 0.02695178985595703
1.4210765361785889, 0.027045488357543945
1.419075608253479, 0.027184724807739258
1.4183197021484375, 0.026691436767578125
1.4137346744537354, 0.02686786651611328
1.423001766204834, 0.02697014808654785
1.4147144556045532, 0.02731919288635254
1.4391200542449951, 0.026840925216674805
1.4284155368804932, 0.027027368545532227
1.4246654510498047, 0.026945114135742188
1.4362294673919678, 0.026935338973999023
1.4213521480560303, 0.026832103729248047
1.4146299362182617, 0.027022123336791992
1.4210493564605713, 0.027017831802368164
1.4215590953826904, 0.02692866325378418
1.4250433444976807, 0.027065277099609375
1.408618450164795, 0.02698206901550293
1.4501845836639404, 0.027033567428588867
1.4218322038650513, 0.026819229125976562
1.420527696609497, 0.027111291885375977
1.4252748489379883, 0.02702021598815918
1.420143485069275, 0.02692437171936035
1.4249472618103027, 0.026929855346679688
1.4154813289642334, 0.026949644088745117
1.418789267539978, 0.027070283889770508
1.4108216762542725, 0.026894569396972656
1.4185545444488525, 0.026859283447265625
1.4294209480285645, 0.027070999145507812
1.4286125898361206, 0.026944398880004883
1.42345130443573, 0.026976346969604492
1.4198204278945923, 0.026995182037353516
1.4362016916275024, 0.026877164840698242
1.432254433631897, 0.0271453857421875
1.428480863571167, 0.027019262313842773
1.419204831123352, 0.02738022804260254
1.4229493141174316, 0.02641749382019043
1.4286706447601318, 0.026894092559814453
1.4192140102386475, 0.027148008346557617
1.4220294952392578, 0.02693939208984375
1.4262762069702148, 0.026891469955444336
1.4216482639312744, 0.026829004287719727
1.4214738607406616, 0.026894569396972656
1.4322702884674072, 0.026892900466918945
1.407942771911621, 0.026964664459228516
1.4297219514846802, 0.027192354202270508
1.436415433883667, 0.02695775032043457
1.4189116954803467, 0.026909589767456055
1.4201464653015137, 0.027042865753173828
1.4201908111572266, 0.02693653106689453
1.4232828617095947, 0.02701425552368164
1.4223754405975342, 0.02695631980895996
1.4197176694869995, 0.027115345001220703
1.4287731647491455, 0.026778459548950195
1.4255913496017456, 0.027152538299560547
1.425637125968933, 0.026953935623168945
1.4345273971557617, 0.02765655517578125
1.4264442920684814, 0.026932239532470703
1.425358533859253, 0.0270082950592041
1.4191491603851318, 0.026943206787109375
1.4298949241638184, 0.026979923248291016
1.4271440505981445, 0.02703690528869629
1.4299228191375732, 0.026980161666870117
1.431143045425415, 0.02718329429626465
1.4184980392456055, 0.02652740478515625
1.4249956607818604, 0.027220487594604492
1.4311367273330688, 0.026964187622070312
1.4420623779296875, 0.026829957962036133
1.429303765296936, 0.027002334594726562
1.4311219453811646, 0.02706003189086914
1.4170811176300049, 0.02681899070739746
1.414131760597229, 0.027144670486450195
1.4210748672485352, 0.026898860931396484
1.4228613376617432, 0.026930570602416992
1.4245080947875977, 0.02689957618713379
1.4173418283462524, 0.027089357376098633
1.414931058883667, 0.027093887329101562
1.4163110256195068, 0.026859760284423828
1.4365143775939941, 0.026908397674560547
1.4323586225509644, 0.027051448822021484
1.4153449535369873, 0.026921749114990234
1.4209957122802734, 0.026989459991455078
1.4301557540893555, 0.027313232421875
1.4275996685028076, 0.0272216796875
1.4164241552352905, 0.02687859535217285
1.4245223999023438, 0.02692580223083496
1.429825782775879, 0.027096271514892578
1.4285469055175781, 0.026897668838500977
1.422236680984497, 0.027022123336791992
1.4222683906555176, 0.027362823486328125
1.416475534439087, 0.026625871658325195
1.4195442199707031, 0.027027368545532227
1.4163479804992676, 0.026922225952148438
1.419325590133667, 0.027016401290893555
1.4220304489135742, 0.02692723274230957
1.4048584699630737, 0.027158021926879883
1.4224752187728882, 0.026840925216674805
1.427334189414978, 0.02691197395324707
1.4125778675079346, 0.02693319320678711
1.4339516162872314, 0.026988506317138672
1.4199645519256592, 0.027212858200073242
1.4095593690872192, 0.02653646469116211
1.4306904077529907, 0.02707076072692871
1.424910306930542, 0.026962995529174805
1.4177939891815186, 0.027152299880981445
1.4240797758102417, 0.026740550994873047
1.4246931076049805, 0.027038097381591797
1.4376296997070312, 0.027009963989257812
1.4310212135314941, 0.02710247039794922
1.4085743427276611, 0.027114152908325195
1.4230852127075195, 0.02657175064086914
1.4190516471862793, 0.026865243911743164
1.4174163341522217, 0.026942014694213867
1.4317882061004639, 0.02700662612915039
1.4203681945800781, 0.02690267562866211
1.434523344039917, 0.026898622512817383
1.4120826721191406, 0.02685260772705078
1.4157836437225342, 0.0270998477935791
1.430854082107544, 0.026880264282226562
1.4132639169692993, 0.027159929275512695
1.4272150993347168, 0.02742934226989746
1.4267467260360718, 0.02666449546813965
1.4171111583709717, 0.02685689926147461
1.4187664985656738, 0.026993989944458008
1.4299263954162598, 0.027157068252563477
1.4214341640472412, 0.026841402053833008
1.4395341873168945, 0.0269625186920166
1.4306670427322388, 0.026966333389282227
1.4264642000198364, 0.027066707611083984
1.4313626289367676, 0.027126312255859375
1.4301259517669678, 0.027052879333496094
1.416333794593811, 0.027026653289794922
1.4218662977218628, 0.026931047439575195
1.4341225624084473, 0.027085304260253906
1.4140149354934692, 0.02701091766357422
1.4364027976989746, 0.026870012283325195
1.4331060647964478, 0.026912689208984375
1.4398093223571777, 0.026902437210083008
1.4230101108551025, 0.02680659294128418
1.4233653545379639, 0.026950597763061523
1.4147961139678955, 0.026720046997070312
1.4146709442138672, 0.026909351348876953
1.4186762571334839, 0.026835918426513672
1.4225465059280396, 0.02706432342529297
1.4174168109893799, 0.026902437210083008
1.4247515201568604, 0.02698349952697754
1.417478322982788, 0.026926517486572266
1.4215121269226074, 0.027098894119262695
1.4310568571090698, 0.02695441246032715
1.4151755571365356, 0.02713465690612793
1.4270236492156982, 0.02704620361328125
1.4216938018798828, 0.02699112892150879
1.4138551950454712, 0.026942014694213867
1.4282021522521973, 0.026936769485473633
1.4176645278930664, 0.026897192001342773
1.4286237955093384, 0.026816368103027344
1.4226853847503662, 0.026941299438476562
1.4270899295806885, 0.027366161346435547
1.4286314249038696, 0.027002811431884766
1.4366645812988281, 0.026726245880126953
1.4316778182983398, 0.026966094970703125
1.4112834930419922, 0.027366161346435547
1.4259870052337646, 0.026935815811157227
1.4223570823669434, 0.026392459869384766
1.4315944910049438, 0.027088403701782227
1.4382716417312622, 0.027108430862426758
1.4348104000091553, 0.026859045028686523
1.4128679037094116, 0.027199983596801758
1.4147865772247314, 0.0266268253326416
1.4104572534561157, 0.027139663696289062
1.4359360933303833, 0.026854515075683594
1.4214776754379272, 0.026993989944458008
1.4293389320373535, 0.026975393295288086
1.4189393520355225, 0.027036666870117188
1.4213271141052246, 0.02684187889099121
1.414365291595459, 0.027179479598999023
1.4247570037841797, 0.026632070541381836
1.4262957572937012, 0.026845455169677734
1.4089810848236084, 0.02692723274230957
1.414692997932434, 0.027156829833984375
1.417730450630188, 0.02646946907043457
1.4163587093353271, 0.02705526351928711
1.4285781383514404, 0.026993513107299805
1.4225754737854004, 0.027079343795776367
1.4168570041656494, 0.026913166046142578
1.3998197317123413, 0.02704644203186035
1.4223471879959106, 0.026859045028686523
1.4222190380096436, 0.0268707275390625
1.424828290939331, 0.02748894691467285
1.4212543964385986, 0.027006149291992188
1.431502342224121, 0.0268099308013916
1.426203727722168, 0.026965856552124023
1.4325909614562988, 0.02699899673461914
1.4298880100250244, 0.026752948760986328
1.4257582426071167, 0.027521848678588867
1.409895658493042, 0.026638269424438477
1.4188838005065918, 0.0269620418548584
1.4205849170684814, 0.026925086975097656
1.425087332725525, 0.027227401733398438
1.436631202697754, 0.026818037033081055
1.4318339824676514, 0.02684640884399414
1.4243775606155396, 0.026985645294189453
1.4171425104141235, 0.02725839614868164
1.4257895946502686, 0.026703596115112305
1.413649320602417, 0.02688455581665039
1.4152908325195312, 0.02701854705810547
1.4163378477096558, 0.027120113372802734
1.4293677806854248, 0.026840686798095703
1.4261173009872437, 0.026937484741210938
1.4180006980895996, 0.02703094482421875
1.4245551824569702, 0.02714252471923828
1.416290044784546, 0.02682781219482422
1.4324450492858887, 0.02707505226135254
1.4167132377624512, 0.02716684341430664
1.423761010169983, 0.026554346084594727
1.4249241352081299, 0.02689838409423828
1.416701316833496, 0.026926040649414062
1.4217586517333984, 0.027039051055908203
1.424445390701294, 0.027102231979370117
1.4182361364364624, 0.026905059814453125
1.4122780561447144, 0.026999235153198242
1.426119327545166, 0.026889324188232422
1.415205478668213, 0.026940345764160156
1.435171365737915, 0.02700042724609375
1.4221869707107544, 0.026973485946655273
1.4142990112304688, 0.02691817283630371
1.4106805324554443, 0.027067899703979492
1.415702223777771, 0.026993989944458008
1.4229137897491455, 0.026814699172973633
1.4266505241394043, 0.027016401290893555
1.4216086864471436, 0.026989221572875977
1.431687593460083, 0.027109622955322266
1.418525218963623, 0.02718329429626465
1.4152281284332275, 0.026953697204589844
1.441070795059204, 0.0268552303314209
1.4333915710449219, 0.026870012283325195
1.4248014688491821, 0.026952743530273438
1.4096462726593018, 0.02693009376525879
1.4203433990478516, 0.027058124542236328
1.4202337265014648, 0.026958942413330078
1.4268159866333008, 0.027347564697265625
1.4382877349853516, 0.026793718338012695
1.4278523921966553, 0.02699565887451172
1.4171518087387085, 0.027005434036254883
1.4082058668136597, 0.02691364288330078
1.4237558841705322, 0.027182817459106445
1.4241702556610107, 0.02666640281677246
1.4062010049819946, 0.027051925659179688
1.4265446662902832, 0.0269777774810791
1.4071687459945679, 0.026986360549926758
1.4096935987472534, 0.02710413932800293
1.4280681610107422, 0.027067899703979492
1.4225869178771973, 0.026894092559814453
1.430365800857544, 0.02699565887451172
1.4211738109588623, 0.02691030502319336
1.422304630279541, 0.027298450469970703
1.4223365783691406, 0.02674102783203125
1.424476981163025, 0.026976346969604492
1.4313150644302368, 0.026990652084350586
1.4314501285552979, 0.026934385299682617
1.4248325824737549, 0.02702951431274414
1.422839641571045, 0.02694416046142578
1.4218943119049072, 0.026907682418823242
1.4289301633834839, 0.027135610580444336
1.4354336261749268, 0.027031898498535156
1.423801064491272, 0.026874303817749023
1.4212191104888916, 0.027028799057006836
1.4162921905517578, 0.02693486213684082
1.4236338138580322, 0.02910614013671875
1.4103059768676758, 0.026018381118774414
1.4255672693252563, 0.0264890193939209
1.4158763885498047, 0.029802560806274414
1.419801115989685, 0.028048992156982422
1.4303251504898071, 0.02798175811767578
1.4127345085144043, 0.027938127517700195
1.4238622188568115, 0.02817249298095703
1.4181716442108154, 0.028194427490234375
1.4169394969940186, 0.02827620506286621
1.4293187856674194, 0.028259754180908203
1.4324891567230225, 0.02770829200744629
1.4251446723937988, 0.028323888778686523
1.4227068424224854, 0.028490066528320312
1.426793098449707, 0.02798151969909668
1.420294165611267, 0.026914596557617188
1.4286301136016846, 0.0270538330078125
1.424325942993164, 0.02688741683959961
1.416595220565796, 0.02695608139038086
1.4197636842727661, 0.027065753936767578
1.426794171333313, 0.026938676834106445
1.425382137298584, 0.026886701583862305
1.4199029207229614, 0.02695751190185547
1.4217519760131836, 0.026849985122680664
1.4191243648529053, 0.027034282684326172
1.4239740371704102, 0.027040719985961914
1.4243688583374023, 0.02690744400024414
1.4215764999389648, 0.026962995529174805
1.4215737581253052, 0.02779078483581543
1.4220094680786133, 0.026218652725219727
1.4279810190200806, 0.026871442794799805
1.4312236309051514, 0.027048826217651367
1.4227097034454346, 0.02692270278930664
1.4207255840301514, 0.027012348175048828
1.4182660579681396, 0.027040481567382812
1.4233078956604004, 0.02735447883605957
1.4179775714874268, 0.026793479919433594
1.420033574104309, 0.026816606521606445
1.4165674448013306, 0.02723383903503418
1.4366658926010132, 0.026995420455932617
1.421802043914795, 0.02692866325378418
1.414271593093872, 0.026811599731445312
1.4378955364227295, 0.027181148529052734
1.4259350299835205, 0.026796579360961914
1.4225802421569824, 0.026877880096435547
1.4176671504974365, 0.027000904083251953
1.4285051822662354, 0.027039527893066406
1.4219639301300049, 0.026843786239624023
1.4186173677444458, 0.026882648468017578
1.4223484992980957, 0.027018070220947266
1.4332082271575928, 0.02700948715209961
1.4195575714111328, 0.02692413330078125
1.4212710857391357, 0.026947021484375
1.4245771169662476, 0.027314424514770508
1.4333341121673584, 0.026569843292236328
1.4381780624389648, 0.026958703994750977
1.4275662899017334, 0.026910781860351562
1.4207215309143066, 0.02697157859802246
1.4349418878555298, 0.026908397674560547
1.4227534532546997, 0.026986122131347656
1.4199597835540771, 0.02733755111694336
1.422389268875122, 0.026508331298828125
1.4276373386383057, 0.02695012092590332
1.4269497394561768, 0.02711796760559082
1.4218724966049194, 0.026673555374145508
1.4211665391921997, 0.027200698852539062
1.4190404415130615, 0.02692866325378418
1.4305949211120605, 0.026692628860473633
1.4130574464797974, 0.026921749114990234
1.430226445198059, 0.02707052230834961
1.4238145351409912, 0.027016162872314453
1.4082496166229248, 0.026856184005737305
1.4332396984100342, 0.02713775634765625
1.4230259656906128, 0.02700662612915039
1.4162362813949585, 0.026932716369628906
1.4140682220458984, 0.027150630950927734
1.426440715789795, 0.027162790298461914
1.4299994707107544, 0.026964187622070312
1.4220101833343506, 0.02681112289428711
1.4286413192749023, 0.0269930362701416
1.4288294315338135, 0.026981830596923828
1.425604224205017, 0.027038097381591797
1.4223368167877197, 0.02677297592163086
1.4245984554290771, 0.027104854583740234
1.4294016361236572, 0.02678847312927246
1.4328703880310059, 0.02718067169189453
1.4208381175994873, 0.0267336368560791
1.4329960346221924, 0.02714061737060547
1.423640251159668, 0.02687811851501465
1.4235786199569702, 0.02728438377380371
1.426100254058838, 0.026484251022338867
1.4267284870147705, 0.027031898498535156
1.4235388040542603, 0.02691960334777832
1.423351526260376, 0.027112483978271484
1.42662513256073, 0.027071475982666016
1.4262192249298096, 0.026933670043945312
1.4273784160614014, 0.027081012725830078
1.4235047101974487, 0.026971817016601562
1.4326188564300537, 0.027046680450439453
1.4254083633422852, 0.027338266372680664
1.4249858856201172, 0.02640986442565918
1.4146535396575928, 0.027292490005493164
1.430387020111084, 0.026689529418945312
1.430220127105713, 0.026875972747802734
1.4300286769866943, 0.026862621307373047
1.4292128086090088, 0.026844501495361328
1.417219877243042, 0.027000904083251953
1.436791181564331, 0.026921987533569336
1.439924716949463, 0.02691960334777832
1.429075837135315, 0.026955366134643555
1.4271851778030396, 0.026957273483276367
1.4391813278198242, 0.02749919891357422
1.4335777759552002, 0.026256799697875977
1.430699110031128, 0.027246952056884766
1.4286547899246216, 0.026959896087646484
1.4136126041412354, 0.027019739151000977
1.423736810684204, 0.026885986328125
1.4160242080688477, 0.027111530303955078
1.4279271364212036, 0.026867151260375977
1.4153693914413452, 0.02692246437072754
1.4234064817428589, 0.026875972747802734
1.4146389961242676, 0.027016401290893555
1.411476731300354, 0.027095556259155273
1.431666612625122, 0.026592731475830078
1.4091566801071167, 0.027012348175048828
1.4258581399917603, 0.02689957618713379
1.4247081279754639, 0.02711176872253418
1.422521710395813, 0.026646137237548828
1.4357918500900269, 0.027217864990234375
1.431520938873291, 0.026781558990478516
1.4306762218475342, 0.026911020278930664
1.4325244426727295, 0.026964902877807617
1.418644666671753, 0.02701425552368164
1.4299452304840088, 0.027440547943115234
1.419711709022522, 0.027112722396850586
1.4363157749176025, 0.02710270881652832
1.4345276355743408, 0.02690291404724121
1.4312331676483154, 0.028270483016967773
1.4217685461044312, 0.02795553207397461
1.4247254133224487, 0.02810192108154297
1.4128105640411377, 0.027471065521240234
1.4355313777923584, 0.02674102783203125
1.4227283000946045, 0.027489185333251953
1.4252195358276367, 0.026986122131347656
1.4204721450805664, 0.027101516723632812
1.4221227169036865, 0.028620243072509766
1.4254844188690186, 0.028536558151245117
1.4207935333251953, 0.0293581485748291
1.421359658241272, 0.030003070831298828
1.4208881855010986, 0.028743267059326172
1.4224417209625244, 0.028666257858276367
1.419079303741455, 0.02860283851623535
1.4199836254119873, 0.027321815490722656
1.4191880226135254, 0.027756214141845703
1.4243032932281494, 0.02805614471435547
1.4138967990875244, 0.02764129638671875
1.4271180629730225, 0.027576684951782227
1.4224858283996582, 0.027557849884033203
1.411921739578247, 0.02749180793762207
1.4180039167404175, 0.02776336669921875
1.4296813011169434, 0.027730464935302734
1.424479603767395, 0.02744579315185547
1.4207335710525513, 0.027704715728759766
1.428206443786621, 0.028113365173339844
1.4253201484680176, 0.027816295623779297
1.4103097915649414, 0.026909589767456055
1.4302469491958618, 0.02742910385131836
1.4181110858917236, 0.027539968490600586
1.4256463050842285, 0.027798891067504883
1.4214153289794922, 0.02752375602722168
1.4093116521835327, 0.027533531188964844
1.4083224534988403, 0.027530908584594727
1.4139585494995117, 0.027825593948364258
1.4224233627319336, 0.02793431282043457
1.4271141290664673, 0.02693772315979004
1.420304536819458, 0.027811527252197266
1.419501781463623, 0.027003049850463867
1.4213827848434448, 0.026881933212280273
1.4253164529800415, 0.026883363723754883
1.4097843170166016, 0.02697277069091797
1.4266035556793213, 0.026961803436279297
1.4194533824920654, 0.026867389678955078
1.4215195178985596, 0.026934146881103516
1.426398754119873, 0.0270535945892334
1.4220409393310547, 0.026978492736816406
1.4048399925231934, 0.026926755905151367
1.4181710481643677, 0.027259349822998047
1.4270522594451904, 0.026864051818847656
1.4301295280456543, 0.02691936492919922
1.4019535779953003, 0.02687549591064453
1.415449619293213, 0.027196407318115234
1.4129116535186768, 0.026792287826538086
1.4104936122894287, 0.027109384536743164
1.4080400466918945, 0.026938676834106445
1.4045106172561646, 0.027292728424072266
1.4177360534667969, 0.026607751846313477
1.4136905670166016, 0.026825666427612305
1.4227581024169922, 0.0269622802734375
1.415083408355713, 0.02692413330078125
1.4099525213241577, 0.026885032653808594
1.4071428775787354, 0.026974916458129883
1.4092941284179688, 0.02696061134338379
1.416594386100769, 0.027041912078857422
1.40743088722229, 0.027108430862426758
1.4163252115249634, 0.02696704864501953
1.4172229766845703, 0.027147293090820312
1.4125900268554688, 0.027026653289794922
1.4184069633483887, 0.026766538619995117
1.4180328845977783, 0.026942968368530273
1.4026389122009277, 0.027086973190307617
1.4131371974945068, 0.027171611785888672
1.416576862335205, 0.0268094539642334
1.4135549068450928, 0.02663898468017578
1.411047339439392, 0.026959657669067383
1.4125289916992188, 0.027104616165161133
1.429877758026123, 0.026894092559814453
1.4023919105529785, 0.026816844940185547
1.3997858762741089, 0.027027606964111328
1.4112837314605713, 0.02720332145690918
1.409374475479126, 0.026900768280029297
1.409142255783081, 0.027146577835083008
1.4133477210998535, 0.026406526565551758
1.4135074615478516, 0.02689528465270996
1.4089043140411377, 0.027700185775756836
1.4086930751800537, 0.027043581008911133
1.4035847187042236, 0.026883602142333984
1.4114371538162231, 0.026959657669067383
1.416459321975708, 0.026815176010131836
1.416374921798706, 0.027151107788085938
1.4207735061645508, 0.02674126625061035
1.4158036708831787, 0.026860713958740234
1.4008269309997559, 0.02695298194885254
1.4037485122680664, 0.026872634887695312
1.3973560333251953, 0.026842832565307617
1.4091367721557617, 0.026916027069091797
1.4141688346862793, 0.026979923248291016
1.4190843105316162, 0.026819705963134766
1.4122772216796875, 0.026902437210083008
1.407266616821289, 0.027046918869018555
1.4100052118301392, 0.026921510696411133
1.4030814170837402, 0.02674388885498047
1.4101066589355469, 0.026881933212280273
1.3985161781311035, 0.02689504623413086
1.4097251892089844, 0.02728128433227539
1.4102442264556885, 0.02684330940246582
1.412230134010315, 0.026852130889892578
1.3994749784469604, 0.02709674835205078
1.4107036590576172, 0.026691913604736328
1.4162853956222534, 0.026913166046142578
1.401290774345398, 0.02678513526916504
1.4030587673187256, 0.027068376541137695
1.403555154800415, 0.02697014808654785
1.407332420349121, 0.026877641677856445
1.4109277725219727, 0.027111053466796875
1.4048856496810913, 0.026754140853881836
1.4062352180480957, 0.02690744400024414
1.413888931274414, 0.026818513870239258
1.398841381072998, 0.02674269676208496
1.4128203392028809, 0.026956796646118164
1.4012877941131592, 0.0269010066986084
1.4009438753128052, 0.027093887329101562
1.391884684562683, 0.02708601951599121
1.4050157070159912, 0.0269010066986084
1.4127840995788574, 0.026909828186035156
1.408738613128662, 0.027045011520385742
1.4039963483810425, 0.026914358139038086
1.4084380865097046, 0.026853561401367188
1.4132683277130127, 0.026937007904052734
1.400707721710205, 0.027398109436035156
1.4163758754730225, 0.026375770568847656
1.3927388191223145, 0.026895761489868164
1.4122374057769775, 0.026912927627563477
1.4007437229156494, 0.026907920837402344
1.389279842376709, 0.026895761489868164
1.417119026184082, 0.026910066604614258
1.4082717895507812, 0.026802778244018555
1.404839277267456, 0.027022838592529297
1.3902968168258667, 0.02689981460571289
1.40839421749115, 0.026966333389282227
1.3916079998016357, 0.027819395065307617
1.4080936908721924, 0.025873899459838867
1.402180552482605, 0.027020692825317383
1.4125876426696777, 0.02715134620666504
1.4154404401779175, 0.0266115665435791
1.4116108417510986, 0.02690601348876953
1.412229061126709, 0.027155637741088867
1.4118541479110718, 0.027071237564086914
1.4123635292053223, 0.02663731575012207
1.408254861831665, 0.02693629264831543
1.3915164470672607, 0.027827739715576172
1.4007368087768555, 0.026907920837402344
1.407440423965454, 0.026740074157714844
1.3974800109863281, 0.027011632919311523
1.4103567600250244, 0.026793718338012695
1.3929930925369263, 0.026905536651611328
1.4031425714492798, 0.026816368103027344
1.404129981994629, 0.02715015411376953
1.3967704772949219, 0.026842117309570312
1.3988020420074463, 0.027338027954101562
1.3970783948898315, 0.02657461166381836
1.3980722427368164, 0.027172565460205078
1.4003911018371582, 0.026831388473510742
1.4007596969604492, 0.02694845199584961
1.4120242595672607, 0.027018070220947266
1.3943864107131958, 0.026600360870361328
1.3913745880126953, 0.02707695960998535
1.4094347953796387, 0.026741504669189453
1.3982882499694824, 0.008125782012939453
1.3999680280685425, 0.0046617984771728516
1.3954963684082031, 0.006425142288208008
1.4051575660705566, 0.02001786231994629
1.4047935009002686, 0.026900291442871094
1.4003384113311768, 0.026931047439575195
1.4104855060577393, 0.026894807815551758
1.3961241245269775, 0.02714085578918457
1.4003982543945312, 0.026987314224243164
1.388810396194458, 0.02685832977294922
1.4079957008361816, 0.0271456241607666
1.4073710441589355, 0.02693343162536621
1.3968579769134521, 0.02788543701171875
1.404887080192566, 0.02672553062438965
1.3999073505401611, 0.02689075469970703
1.4065024852752686, 0.0269622802734375
1.3888835906982422, 0.026768922805786133
1.407837152481079, 0.02718520164489746
1.394466757774353, 0.026646137237548828
1.3905709981918335, 0.02692890167236328
1.3998898267745972, 0.026900291442871094
1.3821558952331543, 0.02706432342529297
1.40559983253479, 0.026999235153198242
1.4062353372573853, 0.026857376098632812
1.3832446336746216, 0.026947498321533203
1.4048656225204468, 0.026937007904052734
1.3980090618133545, 0.026851415634155273
1.3922228813171387, 0.026894807815551758
1.395646333694458, 0.02739429473876953
1.3983898162841797, 0.02669525146484375
1.3990437984466553, 0.026890993118286133
1.3903764486312866, 0.026970863342285156
1.4120056629180908, 0.02704334259033203
1.3926596641540527, 0.02681875228881836
1.3885579109191895, 0.026839733123779297
1.4006372690200806, 0.026873350143432617
1.3889422416687012, 0.027070999145507812
1.3900530338287354, 0.026857852935791016
1.4010310173034668, 0.026816844940185547
1.4038712978363037, 0.026912927627563477
1.4065414667129517, 0.026947975158691406
1.3976181745529175, 0.026844501495361328
1.4117690324783325, 0.02715301513671875
1.401188611984253, 0.026731491088867188
1.402031421661377, 0.02703571319580078
1.4009195566177368, 0.026868343353271484
1.3981983661651611, 0.026801586151123047
1.3959852457046509, 0.026908159255981445
1.4021008014678955, 0.026971101760864258
1.4064521789550781, 0.026768922805786133
1.3993959426879883, 0.026879072189331055
1.4066972732543945, 0.026883602142333984
1.3931561708450317, 0.027134418487548828
1.4011735916137695, 0.026726961135864258
1.3954081535339355, 0.02694845199584961
1.4014005661010742, 0.026912689208984375
1.4004855155944824, 0.02699422836303711
1.3933911323547363, 0.026991605758666992
1.4048786163330078, 0.02714681625366211
1.402234673500061, 0.026446104049682617
1.4016045331954956, 0.026854515075683594
1.397369146347046, 0.026856422424316406
1.402198314666748, 0.026873350143432617
1.39591646194458, 0.027074813842773438
1.40187668800354, 0.026917219161987305
1.4216125011444092, 0.027304649353027344
1.4100987911224365, 0.02680230140686035
1.3970075845718384, 0.027012109756469727
1.3912253379821777, 0.02690744400024414
1.3973411321640015, 0.026916980743408203
1.4112169742584229, 0.0268404483795166
1.3994665145874023, 0.026923179626464844
1.400353193283081, 0.026891469955444336
1.4058014154434204, 0.027296066284179688
1.3991589546203613, 0.026679039001464844
1.4058305025100708, 0.027219772338867188
1.3878623247146606, 0.02676868438720703
1.4059325456619263, 0.026952266693115234
1.4009732007980347, 0.02698206901550293
1.3883522748947144, 0.026947498321533203
1.3882970809936523, 0.02681255340576172
1.3826786279678345, 0.026910066604614258
1.3874915838241577, 0.026883602142333984
1.3938488960266113, 0.02680516242980957
1.399895191192627, 0.026903390884399414
1.3940296173095703, 0.027002334594726562
1.4020583629608154, 0.02675938606262207
1.4004729986190796, 0.02691936492919922
1.4004383087158203, 0.02697277069091797
1.396780014038086, 0.026979446411132812
1.3863921165466309, 0.02688121795654297
1.3954746723175049, 0.026943683624267578
1.3929356336593628, 0.026949405670166016
1.405221939086914, 0.02695178985595703
1.3946261405944824, 0.02691197395324707
1.3993089199066162, 0.026808977127075195
1.3975610733032227, 0.02680039405822754
1.4005080461502075, 0.026991844177246094
1.3905515670776367, 0.026903867721557617
1.38869309425354, 0.026924610137939453
1.3952959775924683, 0.02688884735107422
1.3866896629333496, 0.027231454849243164
1.3929948806762695, 0.026953458786010742
1.3962275981903076, 0.027245044708251953
1.391442060470581, 0.026919841766357422
1.3892532587051392, 0.027068138122558594
1.3972671031951904, 0.02678990364074707
1.3926305770874023, 0.026880979537963867
1.39337158203125, 0.026903152465820312
1.4084887504577637, 0.026878833770751953
1.401042103767395, 0.026806354522705078
1.4014590978622437, 0.026955366134643555
1.3944003582000732, 0.026966571807861328
1.3965421915054321, 0.027013301849365234
1.3953862190246582, 0.026971817016601562
1.3970344066619873, 0.026721954345703125
1.3986878395080566, 0.026857852935791016
1.3954071998596191, 0.026854753494262695
1.3904812335968018, 0.026887178421020508
1.3934869766235352, 0.02714085578918457
1.399219274520874, 0.02678680419921875
1.3887970447540283, 0.026885271072387695
1.3900642395019531, 0.026916980743408203
1.404298186302185, 0.026842117309570312
1.396788239479065, 0.026880502700805664
1.4052319526672363, 0.027120113372802734
1.3796772956848145, 0.026513338088989258
1.3970811367034912, 0.026895999908447266
1.3971948623657227, 0.026879549026489258
1.4110878705978394, 0.026912689208984375
1.3826262950897217, 0.027094364166259766
1.393660545349121, 0.026947021484375
1.3935837745666504, 0.02690887451171875
1.3901104927062988, 0.026867389678955078
1.3929874897003174, 0.0269010066986084
1.3944653272628784, 0.02701544761657715
1.3986204862594604, 0.02685236930847168
1.402268886566162, 0.026885509490966797
1.4015209674835205, 0.026988983154296875
1.3870774507522583, 0.026844024658203125
1.3946113586425781, 0.0272524356842041
1.4017243385314941, 0.026961565017700195
1.4097143411636353, 0.026816129684448242
1.3936243057250977, 0.026880979537963867
1.387803554534912, 0.02683877944946289
1.3883657455444336, 0.027074813842773438
1.396045207977295, 0.027120590209960938
1.3970317840576172, 0.026584386825561523
1.3966622352600098, 0.026976346969604492
1.3986060619354248, 0.026976823806762695
1.3937950134277344, 0.026905536651611328
1.3916547298431396, 0.026958465576171875
1.3960967063903809, 0.02700972557067871
1.3980515003204346, 0.02685546875
1.3944517374038696, 0.026787519454956055
1.39198899269104, 0.0269773006439209
1.388354778289795, 0.026976823806762695
1.4042046070098877, 0.026795387268066406
1.3959760665893555, 0.02731490135192871
1.3988466262817383, 0.026342153549194336
1.3875677585601807, 0.02707386016845703
1.3911776542663574, 0.026761770248413086
1.3992912769317627, 0.026864290237426758
1.3889408111572266, 0.026926755905151367
1.391791820526123, 0.026997804641723633
1.3956466913223267, 0.026979684829711914
1.4002161026000977, 0.026762008666992188
1.402819275856018, 0.026903867721557617
1.3908721208572388, 0.026992321014404297
1.3940365314483643, 0.02693486213684082
1.3936145305633545, 0.026890993118286133
1.3698580265045166, 0.026980161666870117
1.397995114326477, 0.026871919631958008
1.3952035903930664, 0.027332067489624023
1.3946995735168457, 0.026488065719604492
1.395247459411621, 0.026761770248413086
1.3980836868286133, 0.02696824073791504
1.393358588218689, 0.026746034622192383
1.3932734727859497, 0.027246475219726562
1.3874214887619019, 0.027001619338989258
1.3919076919555664, 0.02689838409423828
1.4031732082366943, 0.0268552303314209
1.386918306350708, 0.02688765525817871
1.3935580253601074, 0.0268552303314209
1.3897509574890137, 0.026889324188232422
1.411118507385254, 0.026927709579467773
1.389391303062439, 0.026833057403564453
1.394849181175232, 0.026869773864746094
1.3983607292175293, 0.02691340446472168
1.3889492750167847, 0.02685856819152832
1.4020533561706543, 0.02726578712463379
1.3871616125106812, 0.026700735092163086
1.396733045578003, 0.02684926986694336
1.393669843673706, 0.026890039443969727
1.3917317390441895, 0.02690577507019043
1.3873956203460693, 0.02689814567565918
1.3950903415679932, 0.026862382888793945
1.3942008018493652, 0.02715325355529785
1.401090383529663, 0.026630878448486328
1.3845832347869873, 0.027154207229614258
1.3972281217575073, 0.026488065719604492
1.3990159034729004, 0.027004003524780273
1.3946157693862915, 0.026882648468017578
1.3827636241912842, 0.026912212371826172
1.3936101198196411, 0.026877641677856445
1.3809866905212402, 0.027086973190307617
1.3892085552215576, 0.026887178421020508
1.395460605621338, 0.026906490325927734
1.3948259353637695, 0.026984691619873047
1.3819234371185303, 0.026761531829833984
1.3902511596679688, 0.026859521865844727
1.393653154373169, 0.026924610137939453
1.3781496286392212, 0.026863813400268555
1.3908485174179077, 0.026874780654907227
1.3811590671539307, 0.026933670043945312
1.4008781909942627, 0.02753901481628418
1.390512228012085, 0.02651357650756836
1.396638035774231, 0.026810169219970703
1.3890721797943115, 0.02689385414123535
1.387861967086792, 0.027055978775024414
1.378676414489746, 0.026854276657104492
1.3854727745056152, 0.02691507339477539
1.3908934593200684, 0.02700328826904297
1.3846324682235718, 0.02689361572265625
1.394474983215332, 0.026955366134643555
1.4056956768035889, 0.02685546875
1.3913122415542603, 0.027126789093017578
1.378880500793457, 0.026530742645263672
1.382834553718567, 0.026951313018798828
1.3898346424102783, 0.0269472599029541
1.3916068077087402, 0.026855945587158203
1.3967492580413818, 0.027009963989257812
1.3927860260009766, 0.026947021484375
1.3922291994094849, 0.02730083465576172
1.3895020484924316, 0.026708126068115234
1.3897523880004883, 0.02667546272277832
1.3852088451385498, 0.02689504623413086
1.390489935874939, 0.027239561080932617
1.3915742635726929, 0.02662491798400879
1.3929275274276733, 0.02687835693359375
1.385307788848877, 0.026866912841796875
1.3870134353637695, 0.02692580223083496
1.3866870403289795, 0.026944875717163086
1.3838473558425903, 0.02712869644165039
1.3876899480819702, 0.027022600173950195
1.3875794410705566, 0.026543617248535156
1.374150037765503, 0.02695631980895996
1.3922652006149292, 0.02678370475769043
1.3871687650680542, 0.026888608932495117
1.3688268661499023, 0.02697014808654785
1.3836171627044678, 0.02682328224182129
1.385533332824707, 0.026906967163085938
1.3924078941345215, 0.027176856994628906
1.3904964923858643, 0.026983022689819336
1.391065001487732, 0.026885271072387695
1.3808274269104004, 0.026937007904052734
1.3961122035980225, 0.026957988739013672
1.393105149269104, 0.026910781860351562
1.394106388092041, 0.026916027069091797
1.3936421871185303, 0.026944398880004883
1.3975417613983154, 0.026833057403564453
1.3921623229980469, 0.027117252349853516
1.395975112915039, 0.026861906051635742
1.3962737321853638, 0.026842355728149414
1.3860507011413574, 0.02685832977294922
1.3764042854309082, 0.027073383331298828
1.393254280090332, 0.02713155746459961
1.3829047679901123, 0.026594161987304688
1.3862428665161133, 0.026933670043945312
1.3932130336761475, 0.027220487594604492
1.3853920698165894, 0.02653026580810547
1.3793840408325195, 0.027126073837280273
1.372817039489746, 0.02663278579711914
1.3848739862442017, 0.026892662048339844
1.3903671503067017, 0.026830673217773438
1.378779411315918, 0.026897192001342773
1.3841582536697388, 0.027063608169555664
1.3789496421813965, 0.026768207550048828
1.3827729225158691, 0.026904821395874023
1.3962717056274414, 0.02691650390625
1.3888784646987915, 0.026820659637451172
1.3926011323928833, 0.026935815811157227
1.3867549896240234, 0.026875972747802734
1.3906967639923096, 0.027057647705078125
1.3883202075958252, 0.027041196823120117
1.390103816986084, 0.026590585708618164
1.393181324005127, 0.026885509490966797
1.3877127170562744, 0.027009963989257812
1.3774585723876953, 0.026847124099731445
1.3824491500854492, 0.027161121368408203
1.3908053636550903, 0.026820659637451172
1.3942036628723145, 0.027246952056884766
1.3917796611785889, 0.026435136795043945
1.3714730739593506, 0.026905059814453125
1.38591468334198, 0.02686452865600586
1.4010791778564453, 0.026993989944458008
1.387782335281372, 0.026845693588256836
1.390537977218628, 0.02684783935546875
1.3846169710159302, 0.02696967124938965
1.3899102210998535, 0.026847362518310547
1.381434679031372, 0.026792287826538086
1.3866639137268066, 0.027025699615478516
1.3815948963165283, 0.02696967124938965
1.3819305896759033, 0.026913881301879883
1.3967559337615967, 0.026915311813354492
1.3897712230682373, 0.026921749114990234
1.393929362297058, 0.026936769485473633
1.3899950981140137, 0.026860952377319336
1.3900911808013916, 0.027108430862426758
1.373176097869873, 0.02679443359375
1.394313097000122, 0.026722192764282227
1.3910781145095825, 0.026750564575195312
1.4029700756072998, 0.026885271072387695
1.3859491348266602, 0.026961565017700195
1.378576397895813, 0.02678394317626953
1.3858699798583984, 0.02688765525817871
1.386374831199646, 0.026962757110595703
1.3939332962036133, 0.02704906463623047
1.3840250968933105, 0.026966571807861328
1.38315749168396, 0.02700662612915039
1.3899364471435547, 0.026845693588256836
1.3853765726089478, 0.026951313018798828
1.3921728134155273, 0.02687239646911621
1.3973560333251953, 0.02679300308227539
1.3856357336044312, 0.026937484741210938
1.3940659761428833, 0.027172088623046875
1.3910996913909912, 0.02708578109741211
1.3885576725006104, 0.026773929595947266
1.3752866983413696, 0.026998519897460938
1.3907394409179688, 0.02690267562866211
1.3835079669952393, 0.026896238327026367
1.3808190822601318, 0.02697157859802246
1.3874130249023438, 0.026978731155395508
1.382378339767456, 0.027045488357543945
1.3880677223205566, 0.027059078216552734
1.3991934061050415, 0.02658843994140625
1.395850419998169, 0.02701258659362793
1.385353922843933, 0.026827096939086914
1.3813139200210571, 0.026909828186035156
1.3793600797653198, 0.02700042724609375
1.391153335571289, 0.026929140090942383
1.3815956115722656, 0.027110815048217773
1.3937119245529175, 0.026769638061523438
1.389413595199585, 0.02701115608215332
1.3989043235778809, 0.027030467987060547
1.3847668170928955, 0.026843786239624023
1.3833043575286865, 0.026964664459228516
1.3938572406768799, 0.026987075805664062
1.3866990804672241, 0.02704906463623047
1.3789186477661133, 0.026657819747924805
1.387618064880371, 0.02695941925048828
1.383898138999939, 0.02703547477722168
1.3947713375091553, 0.026943683624267578
1.3794010877609253, 0.02681756019592285
1.3938417434692383, 0.027261734008789062
1.3889657258987427, 0.026542186737060547
1.3849186897277832, 0.02686333656311035
1.3894753456115723, 0.027150630950927734
1.3973366022109985, 0.026822566986083984
1.3986027240753174, 0.026784658432006836
1.3872374296188354, 0.026755571365356445
1.3889331817626953, 0.026880502700805664
1.3895998001098633, 0.02718067169189453
1.389253854751587, 0.026903629302978516
1.394493579864502, 0.026964664459228516
1.3925390243530273, 0.027269601821899414
1.3844935894012451, 0.026862144470214844
1.3832491636276245, 0.026946067810058594
1.387618064880371, 0.026845455169677734
1.3878483772277832, 0.026936769485473633
1.3866575956344604, 0.0269775390625
1.3930602073669434, 0.026994705200195312
1.3843746185302734, 0.027024269104003906
1.3945248126983643, 0.027057170867919922
1.387980580329895, 0.026903867721557617
1.3896938562393188, 0.026952028274536133
1.3925070762634277, 0.026885986328125
1.3958959579467773, 0.02704453468322754
1.3835968971252441, 0.026925325393676758
1.3941810131072998, 0.02685713768005371
1.3905493021011353, 0.027205705642700195
1.3882135152816772, 0.026621580123901367
1.3789002895355225, 0.02695441246032715
1.3817129135131836, 0.026830673217773438
1.3893929719924927, 0.02706766128540039
1.377665638923645, 0.02697467803955078
1.4003665447235107, 0.026909589767456055
1.3860056400299072, 0.02692699432373047
1.3900883197784424, 0.026905298233032227
1.395613431930542, 0.02714371681213379
1.384413719177246, 0.026839017868041992
1.3938376903533936, 0.0269625186920166
1.3913692235946655, 0.026916980743408203
1.383146047592163, 0.026954174041748047
1.3718394041061401, 0.026996374130249023
1.3868420124053955, 0.02696681022644043
1.3795382976531982, 0.027006864547729492
1.3863403797149658, 0.0269622802734375
1.3919155597686768, 0.0269010066986084
1.3940696716308594, 0.027300357818603516
1.373762607574463, 0.026647329330444336
1.3837443590164185, 0.02692413330078125
1.3886475563049316, 0.027439594268798828
1.376098394393921, 0.026567935943603516
1.385387897491455, 0.026938915252685547
1.3703187704086304, 0.026897907257080078
1.3816190958023071, 0.026974916458129883
1.3978240489959717, 0.027002334594726562
1.3705971240997314, 0.026813983917236328
1.388974666595459, 0.026865482330322266
1.395009994506836, 0.02693629264831543
1.386228322982788, 0.027178049087524414
1.3932855129241943, 0.02686786651611328
1.3943860530853271, 0.026937007904052734
1.3854866027832031, 0.027192115783691406
1.3974360227584839, 0.026620149612426758
1.3759952783584595, 0.026955604553222656
1.3886568546295166, 0.026964426040649414
1.3779006004333496, 0.027007102966308594
1.38651442527771, 0.02676987648010254
1.3960864543914795, 0.026919841766357422
1.3965808153152466, 0.026912689208984375
1.385911464691162, 0.02689528465270996
1.3909273147583008, 0.02700519561767578
1.3782259225845337, 0.026949405670166016
1.3783044815063477, 0.02733898162841797
1.3923969268798828, 0.026443004608154297
1.3877441883087158, 0.027015209197998047
1.3748795986175537, 0.02685689926147461
1.390350341796875, 0.026944875717163086
1.4021241664886475, 0.027043581008911133
1.3862667083740234, 0.02692437171936035
1.3787529468536377, 0.026866674423217773
1.3842189311981201, 0.027309656143188477
1.3788385391235352, 0.026856660842895508
1.3954505920410156, 0.026923179626464844
1.3907617330551147, 0.026787996292114258
1.3782085180282593, 0.027109146118164062
1.387129545211792, 0.026824235916137695
1.3729276657104492, 0.027310609817504883
1.380737543106079, 0.026813507080078125
1.3774088621139526, 0.026814937591552734
1.3871151208877563, 0.027188777923583984
1.3944040536880493, 0.026430130004882812
1.396112084388733, 0.02690577507019043
1.3865015506744385, 0.02693629264831543
1.3853392601013184, 0.026808500289916992
1.382209300994873, 0.0269317626953125
1.3747739791870117, 0.026942014694213867
1.3930706977844238, 0.026803255081176758
1.3692476749420166, 0.026914119720458984
1.390711784362793, 0.0269472599029541
1.3843624591827393, 0.027069091796875
1.3782434463500977, 0.02687692642211914
1.3908474445343018, 0.026978254318237305
1.3904228210449219, 0.026924848556518555
1.3857874870300293, 0.026960372924804688
1.3819732666015625, 0.026767730712890625
1.3767646551132202, 0.02692103385925293
1.3965445756912231, 0.02707672119140625
1.3824081420898438, 0.026984214782714844
1.3838884830474854, 0.026787519454956055
1.3900203704833984, 0.026947498321533203
1.3893256187438965, 0.026977062225341797
1.401017665863037, 0.026967525482177734
1.3906984329223633, 0.026924610137939453
1.3883849382400513, 0.026911497116088867
1.3755522966384888, 0.027082204818725586
1.3815066814422607, 0.026837825775146484
1.3908014297485352, 0.02705097198486328
1.3782634735107422, 0.026920795440673828
1.3751072883605957, 0.0270540714263916
1.3805034160614014, 0.02700209617614746
1.39568030834198, 0.027079105377197266
1.387177586555481, 0.026648283004760742
1.385201096534729, 0.026894807815551758
1.3759852647781372, 0.026943445205688477
1.403468132019043, 0.027378082275390625
1.4047820568084717, 0.027274608612060547
1.3831894397735596, 0.026993274688720703
1.3897145986557007, 0.027086496353149414
1.3843660354614258, 0.02678966522216797
1.3938088417053223, 0.026934146881103516
1.3790606260299683, 0.026903629302978516
1.3915941715240479, 0.026902198791503906
1.385441780090332, 0.026894569396972656
1.401245355606079, 0.02709174156188965
1.3763391971588135, 0.02682042121887207
1.3716518878936768, 0.02694082260131836
1.3832902908325195, 0.02697587013244629
1.3788115978240967, 0.026863813400268555
1.4023995399475098, 0.026921510696411133
1.40375554561615, 0.02689504623413086
1.386857509613037, 0.0270230770111084
1.379658579826355, 0.0269625186920166
1.3962303400039673, 0.026976823806762695
1.3954777717590332, 0.026909828186035156
1.388784646987915, 0.026921749114990234
1.3865002393722534, 0.026967763900756836
1.384579062461853, 0.026925325393676758
1.3710408210754395, 0.02695488929748535
1.397970199584961, 0.02704310417175293
1.3869212865829468, 0.026900529861450195
1.3857190608978271, 0.026868104934692383
1.381735920906067, 0.027016639709472656
1.3791327476501465, 0.02696990966796875
1.3815791606903076, 0.026998281478881836
1.382152795791626, 0.02686595916748047
1.39723801612854, 0.027163982391357422
1.384626030921936, 0.026988744735717773
1.3815603256225586, 0.02685689926147461
1.3893868923187256, 0.026842594146728516
1.3972992897033691, 0.026970624923706055
1.3938381671905518, 0.02704167366027832
1.3886374235153198, 0.027115821838378906
1.3906855583190918, 0.02702808380126953
1.383705496788025, 0.026904582977294922
1.3976752758026123, 0.026912212371826172
1.3939262628555298, 0.026970863342285156
1.3888132572174072, 0.027279376983642578
1.3862473964691162, 0.026642799377441406
1.3848129510879517, 0.02700209617614746
1.3763513565063477, 0.027124404907226562
1.3808876276016235, 0.027216434478759766
1.3827086687088013, 0.026833772659301758
1.4006881713867188, 0.026488780975341797
1.3872864246368408, 0.026942729949951172
1.385359764099121, 0.026999235153198242
1.396324872970581, 0.027021408081054688
1.377576231956482, 0.027000904083251953
1.3884403705596924, 0.027064085006713867
1.3813738822937012, 0.02659010887145996
1.395155906677246, 0.026916980743408203
1.3930423259735107, 0.027083396911621094
1.380305528640747, 0.02706456184387207
1.3889615535736084, 0.027059555053710938
1.378185510635376, 0.026841163635253906
1.3887865543365479, 0.026864290237426758
1.3982737064361572, 0.026946067810058594
1.3838040828704834, 0.027247190475463867
1.389505386352539, 0.026551246643066406
1.3804640769958496, 0.026852130889892578
1.3818409442901611, 0.027019977569580078
1.386643886566162, 0.026987075805664062
1.3942925930023193, 0.02682781219482422
1.3896795511245728, 0.027155637741088867
1.3958983421325684, 0.027005672454833984
1.3971325159072876, 0.02715921401977539
1.3930468559265137, 0.026534557342529297
1.3948581218719482, 0.02723383903503418
1.38273286819458, 0.02686619758605957
1.3953605890274048, 0.027060985565185547
1.3889896869659424, 0.027071714401245117
1.3925206661224365, 0.026941537857055664
1.388474941253662, 0.02687668800354004
1.3900694847106934, 0.02695488929748535
1.3827341794967651, 0.02701258659362793
1.3910435438156128, 0.027056455612182617
1.386340856552124, 0.02697443962097168
1.400710940361023, 0.026985645294189453
1.3824594020843506, 0.02675771713256836
1.3832250833511353, 0.026949405670166016
1.3865232467651367, 0.026932954788208008
1.3916845321655273, 0.02711939811706543
1.390764594078064, 0.027276277542114258
1.3866124153137207, 0.02696847915649414
1.3887443542480469, 0.0272977352142334
1.3886468410491943, 0.02707219123840332
1.384770393371582, 0.02688431739807129
1.3801071643829346, 0.027185916900634766
1.3855340480804443, 0.026621103286743164
1.4019962549209595, 0.026992321014404297
1.3902080059051514, 0.026954174041748047
1.3851109743118286, 0.026885509490966797
1.3837710618972778, 0.02688431739807129
1.3825764656066895, 0.02702474594116211
1.3856840133666992, 0.0269317626953125
1.3760699033737183, 0.026927947998046875
1.3909025192260742, 0.02693963050842285
1.3922152519226074, 0.026978492736816406
1.3888707160949707, 0.02689838409423828
1.3907779455184937, 0.027022123336791992
1.386237382888794, 0.027069568634033203
1.3968619108200073, 0.0269162654876709
1.3976635932922363, 0.02758622169494629
1.3836854696273804, 0.026278018951416016
1.401416540145874, 0.026865482330322266
1.3805758953094482, 0.026849031448364258
1.3887543678283691, 0.02730107307434082
1.3931423425674438, 0.02708888053894043
1.375823736190796, 0.027040958404541016
1.3944605588912964, 0.026882171630859375
1.3771586418151855, 0.026898860931396484
1.385197639465332, 0.026940584182739258
1.3833866119384766, 0.02694225311279297
1.3818395137786865, 0.026849985122680664
1.4023736715316772, 0.026925086975097656
1.3822503089904785, 0.02697300910949707
1.3839786052703857, 0.02704644203186035
1.3883012533187866, 0.026903390884399414
1.3923821449279785, 0.02695465087890625
1.3957206010818481, 0.027016878128051758
1.3799349069595337, 0.027009010314941406
1.378098964691162, 0.02700662612915039
1.3842084407806396, 0.02715134620666504
1.3880741596221924, 0.02719736099243164
1.3672749996185303, 0.026740312576293945
1.3915013074874878, 0.027021169662475586
1.3867802619934082, 0.027207612991333008
1.3960102796554565, 0.02658843994140625
1.3791182041168213, 0.02696847915649414
1.3767069578170776, 0.026923418045043945
1.3830950260162354, 0.027023792266845703
1.3908038139343262, 0.026877880096435547
1.383408546447754, 0.027138233184814453
1.389278769493103, 0.026688098907470703
1.3844027519226074, 0.027005910873413086
1.3874603509902954, 0.02696990966796875
1.3812521696090698, 0.02688741683959961
1.3780460357666016, 0.026926755905151367
1.3858165740966797, 0.02714085578918457
1.3892076015472412, 0.026876449584960938
1.3835569620132446, 0.02692389488220215
1.3861510753631592, 0.027021408081054688
1.3900172710418701, 0.027252674102783203
1.389451265335083, 0.026671648025512695
1.376230001449585, 0.02752089500427246
1.3811092376708984, 0.02695441246032715
1.3887426853179932, 0.02702784538269043
1.3916568756103516, 0.026951074600219727
1.3987680673599243, 0.027042150497436523
1.3843914270401, 0.026903390884399414
1.402903437614441, 0.026959896087646484
1.3850586414337158, 0.02701854705810547
1.3815628290176392, 0.026826143264770508
1.3871111869812012, 0.027045488357543945
1.398158073425293, 0.026885986328125
1.3872878551483154, 0.026896953582763672
1.3856308460235596, 0.026927709579467773
1.3797680139541626, 0.027014493942260742
1.3835785388946533, 0.026875734329223633
1.3858810663223267, 0.02732110023498535
1.3877267837524414, 0.026499032974243164
1.3844146728515625, 0.026899337768554688
1.379390001296997, 0.02699565887451172
1.397324562072754, 0.02698683738708496
1.3848872184753418, 0.02698969841003418
1.389150857925415, 0.02677750587463379
1.3867721557617188, 0.02690744400024414
1.383718729019165, 0.026984214782714844
1.385558009147644, 0.02703714370727539
1.3839964866638184, 0.02693653106689453
1.3946566581726074, 0.026877164840698242
1.3835667371749878, 0.026916980743408203
1.3842957019805908, 0.026874780654907227
1.3902168273925781, 0.02706623077392578
1.37843656539917, 0.0270693302154541
1.3799570798873901, 0.026898860931396484
1.3840358257293701, 0.02703118324279785
1.3793458938598633, 0.027066469192504883
1.3774044513702393, 0.02687382698059082
1.3897805213928223, 0.026895761489868164
1.372960090637207, 0.02684760093688965
1.379125714302063, 0.027214527130126953
1.3844099044799805, 0.026964664459228516
1.3822203874588013, 0.026912689208984375
1.3959898948669434, 0.026921987533569336
1.3804636001586914, 0.027094602584838867
1.3901233673095703, 0.027059078216552734
1.4024722576141357, 0.026750564575195312
1.3851454257965088, 0.026886940002441406
1.3795006275177002, 0.02696371078491211
1.379907250404358, 0.027064085006713867
1.3897886276245117, 0.02689528465270996
1.3896386623382568, 0.026965856552124023
1.3841344118118286, 0.027058839797973633
1.3822925090789795, 0.027056217193603516
1.385291576385498, 0.026888132095336914
1.3867573738098145, 0.027058839797973633
1.3795108795166016, 0.027017593383789062
1.376785397529602, 0.027400970458984375
1.4069881439208984, 0.026648283004760742
1.4017356634140015, 0.0270230770111084
1.3910706043243408, 0.026847124099731445
1.3811489343643188, 0.026831388473510742
1.3805534839630127, 0.02694249153137207
1.3878042697906494, 0.02688741683959961
1.3857131004333496, 0.02713322639465332
1.3860039710998535, 0.026820659637451172
1.4146605730056763, 0.027007341384887695
1.361870288848877, 0.027041196823120117
1.3896456956863403, 0.027041912078857422
1.3808729648590088, 0.026885986328125
1.394523024559021, 0.02704787254333496
1.3789434432983398, 0.026851415634155273
1.392603874206543, 0.027115583419799805
1.3965892791748047, 0.026870012283325195
1.3847887516021729, 0.02691817283630371
1.3804703950881958, 0.027078628540039062
1.4045988321304321, 0.02693009376525879
1.3807373046875, 0.026888608932495117
1.3996375799179077, 0.027248620986938477
1.3853123188018799, 0.026998043060302734
1.3816226720809937, 0.02691483497619629
1.3872497081756592, 0.026870250701904297
1.3907370567321777, 0.026915311813354492
1.3783520460128784, 0.026970624923706055
1.385279893875122, 0.026955366134643555
1.394838571548462, 0.02683877944946289
1.391242504119873, 0.02703380584716797
1.3856186866760254, 0.027035236358642578
1.3808786869049072, 0.026946067810058594
1.3839558362960815, 0.026955604553222656
1.390882134437561, 0.027036428451538086
1.3834831714630127, 0.02687525749206543
1.3866302967071533, 0.027740955352783203
1.3901034593582153, 0.02584075927734375
1.386425495147705, 0.027067899703979492
1.3861620426177979, 0.026900291442871094
1.392378568649292, 0.02705097198486328
1.382879376411438, 0.026779890060424805
1.3883084058761597, 0.026965856552124023
1.3918603658676147, 0.026880979537963867
1.3741226196289062, 0.027185916900634766
1.3949576616287231, 0.02670001983642578
1.3799989223480225, 0.02691054344177246
1.3871278762817383, 0.02686762809753418
1.380092740058899, 0.027002334594726562
1.3838850259780884, 0.0271761417388916
1.389533519744873, 0.02702617645263672
1.3939887285232544, 0.027034521102905273
1.3985693454742432, 0.02703690528869629
1.389603614807129, 0.026817798614501953
1.38692307472229, 0.026970863342285156
1.397660493850708, 0.027198076248168945
1.3776218891143799, 0.02681899070739746
1.4008231163024902, 0.026947498321533203
1.392298936843872, 0.026903867721557617
1.3893229961395264, 0.027164220809936523
1.393697738647461, 0.026879549026489258
1.3856489658355713, 0.026889801025390625
1.3885447978973389, 0.026911258697509766
1.3759312629699707, 0.027148008346557617
1.3947678804397583, 0.026774168014526367
1.3777836561203003, 0.026979684829711914
1.3755345344543457, 0.02693629264831543
1.3780450820922852, 0.027039527893066406
1.3924096822738647, 0.027044057846069336
1.3718132972717285, 0.0269625186920166
1.404024362564087, 0.02690744400024414
1.3888179063796997, 0.02724456787109375
1.3763165473937988, 0.0266110897064209
1.3808296918869019, 0.026881933212280273
1.3883869647979736, 0.02696061134338379
1.3731491565704346, 0.02692270278930664
1.3903517723083496, 0.026962995529174805
1.3938367366790771, 0.026829957962036133
1.3885531425476074, 0.02724599838256836
1.3820006847381592, 0.026668071746826172
1.3952146768569946, 0.02689194679260254
1.3804731369018555, 0.027332305908203125
1.40006685256958, 0.0268099308013916
1.3894606828689575, 0.026676177978515625
1.3942869901657104, 0.026907920837402344
1.3786972761154175, 0.026978015899658203
1.3868155479431152, 0.027001380920410156
1.3823504447937012, 0.026862621307373047
1.384420394897461, 0.026957273483276367
1.3885890245437622, 0.027055978775024414
1.39259672164917, 0.02693629264831543
1.3841471672058105, 0.02701091766357422
1.3924617767333984, 0.026903152465820312
1.401601791381836, 0.02696371078491211
1.3756015300750732, 0.027101755142211914
1.3791444301605225, 0.026848554611206055
1.3883681297302246, 0.027274370193481445
1.381706714630127, 0.026844024658203125
1.3803672790527344, 0.02716350555419922
1.3885016441345215, 0.02677464485168457
1.385751724243164, 0.0269162654876709
1.3898069858551025, 0.027021169662475586
1.387655258178711, 0.027050495147705078
1.3839271068572998, 0.027193546295166016
1.3749301433563232, 0.026804685592651367
1.403031349182129, 0.026661396026611328
1.3937861919403076, 0.026935577392578125
1.3701013326644897, 0.026922941207885742
1.385872721672058, 0.026942968368530273
1.4003896713256836, 0.0269620418548584
1.3945672512054443, 0.026966333389282227
1.3873558044433594, 0.027283430099487305
1.391303539276123, 0.026842355728149414
1.3918020725250244, 0.02663564682006836
1.3917337656021118, 0.026833534240722656
1.3916008472442627, 0.027307748794555664
1.3914575576782227, 0.026674509048461914
1.3860254287719727, 0.026886940002441406
1.3804875612258911, 0.02675652503967285
1.3841369152069092, 0.02690434455871582
1.390263557434082, 0.02695941925048828
1.393813133239746, 0.02701568603515625
1.3732720613479614, 0.02692437171936035
1.3780713081359863, 0.026950597763061523
1.3893741369247437, 0.027000904083251953
1.3988590240478516, 0.027054786682128906
1.385267972946167, 0.02682328224182129
1.3857860565185547, 0.027022123336791992
1.3920621871948242, 0.026947021484375
1.3878746032714844, 0.026973247528076172
1.3942651748657227, 0.027133703231811523
1.3847808837890625, 0.026858091354370117
1.3869884014129639, 0.027016401290893555
1.3822622299194336, 0.026902198791503906
1.3880311250686646, 0.027189016342163086
1.3957723379135132, 0.027028799057006836
1.3803693056106567, 0.026946067810058594
1.3860068321228027, 0.02694988250732422
1.3939497470855713, 0.027163982391357422
1.396314263343811, 0.026676177978515625
1.3946459293365479, 0.02695298194885254
1.3878103494644165, 0.027032852172851562
1.3888218402862549, 0.0269315242767334
1.3919570446014404, 0.027054548263549805
1.3862226009368896, 0.026942729949951172
1.3650494813919067, 0.02699136734008789
1.3903584480285645, 0.026978731155395508
1.381483554840088, 0.026859521865844727
1.381859540939331, 0.0269167423248291
1.3944311141967773, 0.027024507522583008
1.3964389562606812, 0.027029752731323242
1.3794459104537964, 0.026981353759765625
1.3834149837493896, 0.026596546173095703
1.3977665901184082, 0.026907682418823242
1.384927749633789, 0.027070283889770508
1.3859403133392334, 0.026810407638549805
1.3940943479537964, 0.027010679244995117
1.3886845111846924, 0.02690410614013672
1.4017078876495361, 0.026970386505126953
1.3702061176300049, 0.027532100677490234
1.3842575550079346, 0.026984214782714844
1.3788235187530518, 0.02686905860900879
1.388742208480835, 0.027008056640625
1.3877882957458496, 0.026968955993652344
1.3936235904693604, 0.027008533477783203
1.3928622007369995, 0.02703857421875
1.3848837614059448, 0.027021408081054688
1.3895386457443237, 0.02688431739807129
1.3854197263717651, 0.027104854583740234
1.3856420516967773, 0.026848554611206055
1.3759992122650146, 0.026926755905151367
1.3827298879623413, 0.027152061462402344
1.3869856595993042, 0.026866674423217773
1.3880584239959717, 0.02693796157836914
1.3913952112197876, 0.02695465087890625
1.3754202127456665, 0.02735590934753418
1.4001007080078125, 0.026680946350097656
1.3962862491607666, 0.026967287063598633
1.3995274305343628, 0.02706170082092285
1.3726236820220947, 0.02676534652709961
1.3791406154632568, 0.02702021598815918
1.3929712772369385, 0.02701258659362793
1.3862507343292236, 0.027219533920288086
1.3753173351287842, 0.02656078338623047
1.3905436992645264, 0.027248620986938477
1.3864059448242188, 0.026743650436401367
1.3721280097961426, 0.026988506317138672
1.4059529304504395, 0.026970624923706055
1.387364149093628, 0.02689838409423828
1.3921828269958496, 0.027130126953125
1.3803069591522217, 0.026670455932617188
1.3841909170150757, 0.02720808982849121
1.3760120868682861, 0.02648615837097168
1.3936686515808105, 0.026943206787109375
1.3871949911117554, 0.026953697204589844
1.3898487091064453, 0.026889801025390625
1.3932766914367676, 0.027007102966308594
1.390080451965332, 0.026884794235229492
1.3919341564178467, 0.026936054229736328
1.374922752380371, 0.02711653709411621
1.3839410543441772, 0.02689337730407715
1.3870506286621094, 0.027189016342163086
1.391256332397461, 0.026805400848388672
1.3819961547851562, 0.027036428451538086
1.3889119625091553, 0.026796817779541016
1.389807105064392, 0.026925086975097656
1.3804948329925537, 0.02742743492126465
1.4057029485702515, 0.026507139205932617
1.3835320472717285, 0.027266263961791992
1.3828415870666504, 0.02684497833251953
1.384694218635559, 0.026944398880004883
1.379561185836792, 0.02694082260131836
1.382321834564209, 0.027039527893066406
1.3801462650299072, 0.026927947998046875
1.386672854423523, 0.02713298797607422
1.389880895614624, 0.026938676834106445
1.3909226655960083, 0.026871442794799805
1.390413761138916, 0.027135372161865234
1.3916213512420654, 0.026730775833129883
1.3888154029846191, 0.02685236930847168
1.376359462738037, 0.027001380920410156
1.3793749809265137, 0.027060270309448242
1.4012236595153809, 0.026871681213378906
1.3776311874389648, 0.02689051628112793
1.3907443284988403, 0.026935815811157227
1.3902437686920166, 0.027031660079956055
1.389426350593567, 0.026831626892089844
1.3823612928390503, 0.026882410049438477
1.3854525089263916, 0.026881933212280273
1.3833370208740234, 0.02720808982849121
1.387791395187378, 0.026589155197143555
1.3956832885742188, 0.026785612106323242
1.3807497024536133, 0.027077913284301758
1.3941352367401123, 0.0269925594329834
1.3874619007110596, 0.026950597763061523
1.3803222179412842, 0.027095794677734375
1.3983283042907715, 0.026897430419921875
1.3846029043197632, 0.02705216407775879
1.3751215934753418, 0.026932239532470703
1.3953312635421753, 0.027049779891967773
1.3894370794296265, 0.02689647674560547
1.378413438796997, 0.026866674423217773
1.3699970245361328, 0.02692556381225586
1.3862533569335938, 0.027199745178222656
1.383588194847107, 0.026728153228759766
1.383667230606079, 0.02706432342529297
1.3786373138427734, 0.026935815811157227
1.3907148838043213, 0.02709817886352539
1.3857619762420654, 0.02669811248779297
1.3749775886535645, 0.026950597763061523
1.4008774757385254, 0.027081727981567383
1.3766188621520996, 0.027004241943359375
1.373530387878418, 0.026798009872436523
1.3803386688232422, 0.02685093879699707
1.381574273109436, 0.0272216796875
1.3942375183105469, 0.026825904846191406
1.3842227458953857, 0.02679729461669922
1.3911035060882568, 0.02678990364074707
1.3844401836395264, 0.02719283103942871
1.4044183492660522, 0.026627063751220703
1.376342535018921, 0.027024030685424805
1.3830503225326538, 0.026909351348876953
1.3804500102996826, 0.026897668838500977
1.3866732120513916, 0.026895523071289062
1.3885810375213623, 0.027007579803466797
1.3877816200256348, 0.026935100555419922
1.3841979503631592, 0.027357101440429688
1.392547607421875, 0.026647567749023438
1.3846495151519775, 0.02705240249633789
1.3822836875915527, 0.026947021484375
1.383063793182373, 0.026966571807861328
1.389817714691162, 0.027035236358642578
1.3875375986099243, 0.027123212814331055
1.379446268081665, 0.02670907974243164
1.3860976696014404, 0.026810884475708008
1.3811619281768799, 0.02702498435974121
1.3893184661865234, 0.026975631713867188
1.3807963132858276, 0.027202129364013672
1.3895573616027832, 0.026631832122802734
1.3840460777282715, 0.02704167366027832
1.3876070976257324, 0.02686023712158203
1.389983892440796, 0.027472734451293945
1.402850866317749, 0.02666759490966797
1.37580144405365, 0.027260780334472656
1.3887908458709717, 0.026799917221069336
1.3829184770584106, 0.0269315242767334
1.3863667249679565, 0.027042388916015625
1.3874353170394897, 0.026886701583862305
1.3906188011169434, 0.026885986328125
1.3825299739837646, 0.027004241943359375
1.3836803436279297, 0.026891469955444336
1.3989665508270264, 0.02693939208984375
1.4049599170684814, 0.026962757110595703
1.3912599086761475, 0.02699565887451172
1.3811486959457397, 0.027013540267944336
1.3811259269714355, 0.02686762809753418
1.3828197717666626, 0.027575969696044922
1.3674265146255493, 0.02695012092590332
1.3987584114074707, 0.026874065399169922
1.396939754486084, 0.02696371078491211
1.376943588256836, 0.026978015899658203
1.3910198211669922, 0.02698969841003418
1.3895645141601562, 0.02690434455871582
1.389549732208252, 0.026936769485473633
1.3825690746307373, 0.02698349952697754
1.3856840133666992, 0.027065515518188477
1.383985996246338, 0.02702641487121582
1.3849565982818604, 0.02715277671813965
1.3798139095306396, 0.026819229125976562
1.3914240598678589, 0.02687835693359375
1.391241192817688, 0.027011871337890625
1.3939123153686523, 0.02691197395324707
1.3927165269851685, 0.02697587013244629
1.374237060546875, 0.02691483497619629
1.389757513999939, 0.027103900909423828
1.3862903118133545, 0.026820659637451172
1.3748576641082764, 0.027014732360839844
1.3913514614105225, 0.026895761489868164
1.388567566871643, 0.02685999870300293
1.3802838325500488, 0.026927947998046875
1.3865214586257935, 0.027198314666748047
1.386851191520691, 0.006121158599853516
1.3919813632965088, 0.0042269229888916016
1.3655612468719482, 0.004724264144897461
1.391758918762207, 0.023740291595458984
1.4030835628509521, 0.02661609649658203
1.3832554817199707, 0.0269773006439209
1.3852524757385254, 0.02689814567565918
1.384589672088623, 0.02707982063293457
1.38429594039917, 0.02703094482421875
1.4042744636535645, 0.0269773006439209
1.3964958190917969, 0.0269467830657959
1.3799521923065186, 0.02696537971496582
1.3854857683181763, 0.026961088180541992
1.379850149154663, 0.027045011520385742
1.3937764167785645, 0.026978015899658203
1.3801554441452026, 0.02696514129638672
1.3883044719696045, 0.02698993682861328
1.3892838954925537, 0.02711939811706543
1.385165810585022, 0.0269925594329834
1.3864822387695312, 0.02691340446472168
1.3855748176574707, 0.02694249153137207
1.3903014659881592, 0.027193307876586914
1.3835768699645996, 0.026992082595825195
1.3889164924621582, 0.027085542678833008
1.373889446258545, 0.02699899673461914
1.3835928440093994, 0.027016162872314453
1.3850255012512207, 0.02690744400024414
1.3856303691864014, 0.0269625186920166
1.390444278717041, 0.027119159698486328
1.3896723985671997, 0.027083158493041992
1.3927817344665527, 0.026937007904052734
1.3838081359863281, 0.027047395706176758
1.3926408290863037, 0.02714252471923828
1.4026377201080322, 0.026973962783813477
1.3876855373382568, 0.027070283889770508
1.3751704692840576, 0.027138233184814453
1.384136438369751, 0.02787494659423828
1.3819019794464111, 0.02691650390625
1.3807719945907593, 0.026920080184936523
1.3888553380966187, 0.026868104934692383
1.391451120376587, 0.027024507522583008
1.3883405923843384, 0.026909589767456055
1.3910475969314575, 0.027057409286499023
1.3818573951721191, 0.027010679244995117
1.396067500114441, 0.0269167423248291
1.3840076923370361, 0.027011871337890625
1.3782130479812622, 0.026902198791503906
1.3899644613265991, 0.026973247528076172
1.3986893892288208, 0.02699565887451172
1.3724758625030518, 0.027057886123657227
1.3869473934173584, 0.02702474594116211
1.3896665573120117, 0.0268552303314209
1.3916876316070557, 0.02694416046142578
1.4023292064666748, 0.026990890502929688
1.396553874015808, 0.02704930305480957
1.3931255340576172, 0.0269014835357666
1.3886635303497314, 0.026957035064697266
1.3873920440673828, 0.02697467803955078
1.3930681943893433, 0.02714991569519043
1.3852438926696777, 0.0269012451171875
1.4002467393875122, 0.026865720748901367
1.3963629007339478, 0.02689337730407715
1.3757095336914062, 0.026922225952148438
1.405660629272461, 0.0270230770111084
1.4003493785858154, 0.02686452865600586
1.3893072605133057, 0.026947021484375
1.395630121231079, 0.02711963653564453
1.3888664245605469, 0.027044057846069336
1.407862901687622, 0.026846647262573242
1.3867969512939453, 0.027411222457885742
1.3832170963287354, 0.026491880416870117
1.3818135261535645, 0.026966571807861328
1.3790740966796875, 0.026932954788208008
1.391667366027832, 0.02689075469970703
1.3866621255874634, 0.027666091918945312
1.3887462615966797, 0.0268404483795166
1.3749630451202393, 0.027198314666748047
1.3906733989715576, 0.026745319366455078
1.3765708208084106, 0.0267181396484375
1.3919086456298828, 0.026937007904052734
1.3697352409362793, 0.02691364288330078
1.3878235816955566, 0.027075529098510742
1.3851832151412964, 0.02684187889099121
1.3890489339828491, 0.02699899673461914
1.3876011371612549, 0.02687215805053711
1.3817826509475708, 0.027020692825317383
1.3855643272399902, 0.026909828186035156
1.3887593746185303, 0.026992082595825195
1.3824727535247803, 0.02695631980895996
1.3836078643798828, 0.02707839012145996
1.3869951963424683, 0.026915311813354492
1.3909209966659546, 0.026937484741210938
1.389931321144104, 0.02697014808654785
1.384531855583191, 0.02727651596069336
1.3708622455596924, 0.0264437198638916
1.3907334804534912, 0.027215242385864258
1.3776129484176636, 0.026775598526000977
1.3809905052185059, 0.026924610137939453
1.387256145477295, 0.026923179626464844
1.3809703588485718, 0.026979684829711914
1.3783925771713257, 0.027019739151000977
1.3907721042633057, 0.027031660079956055
1.396083116531372, 0.026827335357666016
1.3918030261993408, 0.02698802947998047
1.3825852870941162, 0.027025699615478516
1.388926386833191, 0.026933908462524414
1.3884127140045166, 0.026958465576171875
1.3861911296844482, 0.027004241943359375
1.385352611541748, 0.026833534240722656
1.3930943012237549, 0.027029752731323242
1.383116364479065, 0.026981592178344727
1.3906816244125366, 0.02722764015197754
1.3928532600402832, 0.026800155639648438
1.3937747478485107, 0.02718210220336914
1.3930702209472656, 0.026796817779541016
1.3794140815734863, 0.02692270278930664
1.3945175409317017, 0.02695012092590332
1.385474443435669, 0.026913166046142578
1.396207571029663, 0.02718806266784668
1.393811821937561, 0.027527332305908203
1.3800129890441895, 0.027776002883911133
1.3862415552139282, 0.027662038803100586
1.3764803409576416, 0.02761077880859375
1.3819639682769775, 0.02757120132446289
1.3760137557983398, 0.027584075927734375
1.3779734373092651, 0.0279695987701416
1.3817044496536255, 0.026897192001342773
1.3898264169692993, 0.027025938034057617
1.3826688528060913, 0.02667546272277832
1.3896331787109375, 0.027022123336791992
1.3976119756698608, 0.026885986328125
1.3888393640518188, 0.02694988250732422
1.3861702680587769, 0.026970386505126953
1.400995135307312, 0.02702951431274414
1.387463927268982, 0.026858806610107422
1.3891980648040771, 0.027215957641601562
1.3747299909591675, 0.026985883712768555
1.3959046602249146, 0.026980161666870117
1.3996477127075195, 0.026926517486572266
1.3925156593322754, 0.026963233947753906
1.3862519264221191, 0.026962995529174805
1.3785762786865234, 0.027095317840576172
1.389007806777954, 0.026801109313964844
1.3855090141296387, 0.027022838592529297
1.384627342224121, 0.026877880096435547
1.395882248878479, 0.026935815811157227
1.3700628280639648, 0.026943683624267578
1.3863513469696045, 0.026952266693115234
1.3885290622711182, 0.027220487594604492
1.392425775527954, 0.02697587013244629
1.3812144994735718, 0.02690911293029785
1.3757528066635132, 0.027092695236206055
1.3825883865356445, 0.027035951614379883
1.3897998332977295, 0.026917219161987305
1.3894349336624146, 0.02690434455871582
1.380391240119934, 0.02693343162536621
1.3869643211364746, 0.02696371078491211
1.3740743398666382, 0.026973485946655273
1.3894784450531006, 0.02689504623413086
1.395801305770874, 0.026971817016601562
1.3972790241241455, 0.02699899673461914
1.398773193359375, 0.026890993118286133
1.3843578100204468, 0.02698493003845215
1.392443299293518, 0.027141809463500977
1.385741949081421, 0.02715468406677246
1.3802742958068848, 0.026625394821166992
1.3844633102416992, 0.026969194412231445
1.384912133216858, 0.026960134506225586
1.3775051832199097, 0.026866436004638672
1.3875946998596191, 0.027045249938964844
1.379028081893921, 0.026955604553222656
1.3911834955215454, 0.02695775032043457
1.39126455783844, 0.026872873306274414
1.3885159492492676, 0.026956796646118164
1.3830344676971436, 0.027019977569580078
1.386804461479187, 0.026867389678955078
1.3850657939910889, 0.02703690528869629
1.4083163738250732, 0.026967763900756836
1.3774816989898682, 0.027008771896362305
1.3725733757019043, 0.027064800262451172
1.3926823139190674, 0.026961088180541992
1.3840079307556152, 0.027019977569580078
1.3865870237350464, 0.026921510696411133
1.3840808868408203, 0.026849031448364258
1.3860892057418823, 0.026999711990356445
1.3912535905838013, 0.027260541915893555
1.3843576908111572, 0.027171850204467773
1.3872809410095215, 0.027843952178955078
1.3914952278137207, 0.027453899383544922
1.381493091583252, 0.02768397331237793
1.3918888568878174, 0.027342796325683594
1.3896613121032715, 0.027582645416259766
1.3672215938568115, 0.027544021606445312
1.3875421285629272, 0.027527809143066406
1.3876988887786865, 0.027327775955200195
1.3837898969650269, 0.027428388595581055
1.3872654438018799, 0.027378320693969727
1.3685579299926758, 0.027301788330078125
1.3989287614822388, 0.027645111083984375
1.3776957988739014, 0.027029991149902344
1.3803585767745972, 0.0276033878326416
1.3784505128860474, 0.027093887329101562
1.3732832670211792, 0.02718210220336914
1.3855172395706177, 0.02721691131591797
1.386627435684204, 0.027202129364013672
1.3926485776901245, 0.02708745002746582
1.3876248598098755, 0.027120590209960938
1.3916679620742798, 0.027174949645996094
1.3711525201797485, 0.02710556983947754
1.3824548721313477, 0.026917219161987305
1.3931025266647339, 0.027356386184692383
1.3905725479125977, 0.027022838592529297
1.3921045064926147, 0.02709484100341797
1.395379900932312, 0.02683877944946289
1.3781181573867798, 0.027231931686401367
1.3808590173721313, 0.026943206787109375
1.3831379413604736, 0.02704310417175293
1.3943350315093994, 0.0270993709564209
1.390305519104004, 0.02693772315979004
1.392512559890747, 0.026951074600219727
1.3896617889404297, 0.027118444442749023
1.3958005905151367, 0.02716207504272461
1.3809764385223389, 0.027454137802124023
1.385986328125, 0.02650761604309082
1.3892278671264648, 0.026932954788208008
1.3738787174224854, 0.027039527893066406
1.3846585750579834, 0.026812076568603516
1.3882863521575928, 0.02695012092590332
1.3876688480377197, 0.02721858024597168
1.378401279449463, 0.026595592498779297
1.3806979656219482, 0.027273893356323242
1.3830726146697998, 0.027231693267822266
1.3962352275848389, 0.026970386505126953
1.3626327514648438, 0.026937246322631836
1.381169319152832, 0.026828527450561523
1.3909080028533936, 0.027352333068847656
1.3835723400115967, 0.0265657901763916
1.3853100538253784, 0.026941299438476562
1.395817756652832, 0.026937007904052734
1.3861205577850342, 0.027074813842773438
1.3810150623321533, 0.02687525749206543
1.3769078254699707, 0.026943206787109375
1.397620677947998, 0.027063846588134766
1.3911224603652954, 0.026897907257080078
1.3824856281280518, 0.026961803436279297
1.3923232555389404, 0.027189970016479492
1.3841760158538818, 0.026704788208007812
1.3740439414978027, 0.026983022689819336
1.3999454975128174, 0.02710247039794922
1.3891844749450684, 0.027004003524780273
1.3975821733474731, 0.026874065399169922
1.3792555332183838, 0.027107715606689453
1.3879952430725098, 0.02660822868347168
1.3848410844802856, 0.026911497116088867
1.3842172622680664, 0.02693486213684082
1.4020861387252808, 0.027082443237304688
1.401865005493164, 0.02694988250732422
1.3738220930099487, 0.026993751525878906
1.388031244277954, 0.026964187622070312
1.3846983909606934, 0.027369022369384766
1.3818869590759277, 0.02681708335876465
1.383310079574585, 0.026883602142333984
1.3851277828216553, 0.026992321014404297
1.382957100868225, 0.026868820190429688
1.384145736694336, 0.0269925594329834
1.3945538997650146, 0.027098894119262695
1.3894731998443604, 0.0269317626953125
1.3924784660339355, 0.02686786651611328
1.3964272737503052, 0.026987791061401367
1.3823473453521729, 0.02692580223083496
1.4072260856628418, 0.027063608169555664
1.3883002996444702, 0.026674509048461914
1.384283185005188, 0.02703237533569336
1.3822011947631836, 0.027170181274414062
1.3877031803131104, 0.026633501052856445
1.3839795589447021, 0.027001142501831055
1.3958158493041992, 0.027032852172851562
1.3909494876861572, 0.026868820190429688
1.385929822921753, 0.026879549026489258
1.3879334926605225, 0.02703714370727539
1.390984296798706, 0.02682185173034668
1.388213872909546, 0.027190446853637695
1.3876235485076904, 0.026885986328125
1.376144289970398, 0.02669692039489746
1.379980444908142, 0.027681350708007812
1.3920105695724487, 0.027660369873046875
1.3766419887542725, 0.02732110023498535
1.3898837566375732, 0.027344465255737305
1.3861157894134521, 0.027098894119262695
1.3889425992965698, 0.02739572525024414
1.3946527242660522, 0.026944875717163086
1.3928874731063843, 0.02730727195739746
1.3898617029190063, 0.02708148956298828
1.3917109966278076, 0.027202606201171875
1.3856319189071655, 0.0270233154296875
1.381082534790039, 0.02694559097290039
1.3953118324279785, 0.027006864547729492
1.381099820137024, 0.02735114097595215
1.384940266609192, 0.027359485626220703
1.3805530071258545, 0.027101755142211914
1.3939480781555176, 0.027153730392456055
1.382774829864502, 0.027341842651367188
1.396398901939392, 0.02697300910949707
1.3922382593154907, 0.02713942527770996
1.3863463401794434, 0.027371883392333984
1.3854589462280273, 0.027794361114501953
1.3966166973114014, 0.027065038681030273
1.3926684856414795, 0.026979684829711914
1.3895158767700195, 0.027130842208862305
1.3916550874710083, 0.02702927589416504
1.391697645187378, 0.026924848556518555
1.380685567855835, 0.026987552642822266
1.3845391273498535, 0.02803182601928711
1.3936097621917725, 0.027584314346313477
1.3966705799102783, 0.026857614517211914
1.382659912109375, 0.027657747268676758
1.3840831518173218, 0.02702641487121582
1.3874003887176514, 0.02687239646911621
1.3894495964050293, 0.026948213577270508
1.3901190757751465, 0.026998043060302734
1.3877670764923096, 0.027324676513671875
1.392641544342041, 0.026873350143432617
1.3771722316741943, 0.027469635009765625
1.38219153881073, 0.029131650924682617
1.3900270462036133, 0.027872323989868164
1.3916711807250977, 0.027553319931030273
1.3850533962249756, 0.027642488479614258
1.379913330078125, 0.02721881866455078
1.387249231338501, 0.02753734588623047
1.3907012939453125, 0.027315139770507812
1.3937053680419922, 0.027638912200927734
1.3904130458831787, 0.027688980102539062
1.3911597728729248, 0.027256488800048828
1.3932287693023682, 0.02759861946105957
1.3796873092651367, 0.02784585952758789
1.3965917825698853, 0.027530670166015625
1.3736368417739868, 0.027669668197631836
1.391724944114685, 0.027599334716796875
1.3843952417373657, 0.027027130126953125
1.3912489414215088, 0.02714228630065918
1.3860836029052734, 0.02722930908203125
1.3916428089141846, 0.02744770050048828
1.385981559753418, 0.02720046043395996
1.3846865892410278, 0.0271146297454834
1.384990930557251, 0.027326583862304688
1.3808131217956543, 0.027173280715942383
1.3841577768325806, 0.027176380157470703
1.3779828548431396, 0.027063369750976562
1.3842759132385254, 0.027028799057006836
1.3835320472717285, 0.027407407760620117
1.389732837677002, 0.027050018310546875
1.3846683502197266, 0.02736377716064453
1.3836230039596558, 0.02688145637512207
1.3855628967285156, 0.027065753936767578
1.395538568496704, 0.027133464813232422
1.3754446506500244, 0.027078866958618164
1.3798716068267822, 0.02695298194885254
1.3725157976150513, 0.027069568634033203
1.3946423530578613, 0.0269773006439209
1.3970550298690796, 0.026950597763061523
1.3880047798156738, 0.02698206901550293
1.3838779926300049, 0.027013540267944336
1.3746789693832397, 0.026969194412231445
1.3808306455612183, 0.027077913284301758
1.3805525302886963, 0.02718663215637207
1.3911919593811035, 0.026967287063598633
1.3776402473449707, 0.02696394920349121
1.3749315738677979, 0.027103662490844727
1.392693042755127, 0.0270233154296875
1.3891587257385254, 0.026902198791503906
1.3816888332366943, 0.02686142921447754
1.3887808322906494, 0.027480125427246094
1.3774311542510986, 0.026670217514038086
1.3826639652252197, 0.026891469955444336
1.37739896774292, 0.02726912498474121
1.3811650276184082, 0.027507781982421875
1.378138780593872, 0.02742624282836914
1.3761317729949951, 0.027466773986816406
1.3834240436553955, 0.02724432945251465
1.3881068229675293, 0.027475595474243164
1.3935904502868652, 0.027480125427246094
1.393918514251709, 0.02731466293334961
1.386828899383545, 0.027024269104003906
1.3813340663909912, 0.02713465690612793
1.3800106048583984, 0.026986122131347656
1.3766589164733887, 0.02731633186340332
1.3826711177825928, 0.027231693267822266
1.3841298818588257, 0.027164220809936523
1.3992533683776855, 0.027147769927978516
1.3887033462524414, 0.027072906494140625
1.3937779664993286, 0.027252912521362305
1.3807165622711182, 0.027099132537841797
1.3901667594909668, 0.026965856552124023
1.4008495807647705, 0.027231454849243164
1.374616026878357, 0.02750563621520996
1.3904144763946533, 0.02686929702758789
1.3803545236587524, 0.027277469635009766
1.3847622871398926, 0.027461767196655273
1.3938374519348145, 0.026703596115112305
1.3959983587265015, 0.027168750762939453
1.4011574983596802, 0.02698206901550293
1.3843772411346436, 0.027048110961914062
1.3825302124023438, 0.027133464813232422
1.3815563917160034, 0.026918888092041016
1.3834327459335327, 0.02730703353881836
1.394294023513794, 0.027617454528808594
1.3851923942565918, 0.02706623077392578
1.3734791278839111, 0.027533769607543945
1.3777287006378174, 0.027895689010620117
1.3747518062591553, 0.027326345443725586
1.3875763416290283, 0.0272524356842041
1.3826395273208618, 0.027106285095214844
1.3814527988433838, 0.027337074279785156
1.400385856628418, 0.02733135223388672
1.3961222171783447, 0.027037858963012695
1.3884124755859375, 0.02742743492126465
1.3880712985992432, 0.026967525482177734
1.3817501068115234, 0.027539491653442383
1.3757812976837158, 0.026998043060302734
1.3877215385437012, 0.02719426155090332
1.391486406326294, 0.027227163314819336
1.3869428634643555, 0.02738499641418457
1.3821170330047607, 0.0271456241607666
1.383080005645752, 0.02718663215637207
1.3866264820098877, 0.027342796325683594
1.3800855875015259, 0.026983976364135742
1.385504961013794, 0.02727651596069336
1.3864974975585938, 0.027063608169555664
1.3817472457885742, 0.027315139770507812
1.3860197067260742, 0.027264833450317383
1.387854814529419, 0.02697134017944336
1.3904497623443604, 0.026955604553222656
1.3764011859893799, 0.027002573013305664
1.377326488494873, 0.026983261108398438
1.3982611894607544, 0.027245521545410156
1.3853353261947632, 0.026864051818847656
1.3788998126983643, 0.026975154876708984
1.3772156238555908, 0.02724599838256836
1.3930046558380127, 0.02730083465576172
1.3833038806915283, 0.026722192764282227
1.3783286809921265, 0.02727055549621582
1.3890435695648193, 0.026969194412231445
1.3983051776885986, 0.02694392204284668
1.3853389024734497, 0.027035951614379883
1.3885231018066406, 0.026979923248291016
1.3887897729873657, 0.027348995208740234
1.3898814916610718, 0.027044296264648438
1.3857378959655762, 0.0269773006439209
1.368592619895935, 0.026935338973999023
1.388918399810791, 0.026950836181640625
1.3980649709701538, 0.0273745059967041
1.3818607330322266, 0.027665376663208008
1.3983242511749268, 0.027292251586914062
1.376788854598999, 0.0272824764251709
1.3607292175292969, 0.027464628219604492
1.396813154220581, 0.027476787567138672
1.380336046218872, 0.027554035186767578
1.3838056325912476, 0.027380943298339844
1.3968710899353027, 0.027143001556396484
1.3799247741699219, 0.027239322662353516
1.3835759162902832, 0.027040958404541016
1.3751634359359741, 0.027148723602294922
1.3857403993606567, 0.02738189697265625
1.37933349609375, 0.027104616165161133
1.377695083618164, 0.027240276336669922
1.382314920425415, 0.02728867530822754
1.389246940612793, 0.027065277099609375
1.3927226066589355, 0.02731013298034668
1.3893828392028809, 0.027233123779296875
1.384436845779419, 0.027164936065673828
1.3938500881195068, 0.02720928192138672
1.3792750835418701, 0.027221202850341797
1.3897031545639038, 0.02715325355529785
1.3849468231201172, 0.027264118194580078
1.3797054290771484, 0.027181148529052734
1.3841161727905273, 0.026660919189453125
1.3837974071502686, 0.027039051055908203
1.3868615627288818, 0.026906251907348633
1.3733774423599243, 0.02715754508972168
1.3749998807907104, 0.0270535945892334
1.3741767406463623, 0.027425289154052734
1.3814058303833008, 0.027432680130004883
1.3816909790039062, 0.0277101993560791
1.3933765888214111, 0.02759385108947754
1.3784605264663696, 0.02756953239440918
1.3947683572769165, 0.027328968048095703
1.391250729560852, 0.027499914169311523
1.3823189735412598, 0.027518033981323242
1.382736086845398, 0.027199983596801758
1.377364158630371, 0.02732992172241211
1.3876417875289917, 0.027378082275390625
1.3850091695785522, 0.027322053909301758
1.386731505393982, 0.02737259864807129
1.3896170854568481, 0.027169227600097656
1.3872970342636108, 0.027169466018676758
1.387132167816162, 0.02722001075744629
1.3891711235046387, 0.027163028717041016
1.3773107528686523, 0.027512073516845703
1.4047455787658691, 0.02730727195739746
1.3782446384429932, 0.027287960052490234
1.3911702632904053, 0.027272939682006836
1.3969199657440186, 0.027178049087524414
1.3982081413269043, 0.027118206024169922
1.384964108467102, 0.02730560302734375
1.3836655616760254, 0.026912212371826172
1.3921186923980713, 0.02708601951599121
1.3891302347183228, 0.027135848999023438
1.3962178230285645, 0.02706432342529297
1.3996315002441406, 0.027105331420898438
1.3859570026397705, 0.02702188491821289
1.3830711841583252, 0.027133941650390625
1.3950830698013306, 0.027204036712646484
1.3908923864364624, 0.02718353271484375
1.384000539779663, 0.02724742889404297
1.3874009847640991, 0.027033567428588867
1.3849008083343506, 0.027195215225219727
1.400195837020874, 0.027124643325805664
1.3795074224472046, 0.027194499969482422
1.3807120323181152, 0.027035951614379883
1.389925479888916, 0.027308940887451172
1.3962751626968384, 0.026997804641723633
1.3911588191986084, 0.02699589729309082
1.386380672454834, 0.026914119720458984
1.384526014328003, 0.026996612548828125
1.3858096599578857, 0.02736830711364746
1.3887503147125244, 0.027791500091552734
1.392270803451538, 0.027247905731201172
1.3855607509613037, 0.02763962745666504
1.380101203918457, 0.027414321899414062
1.3919899463653564, 0.02760457992553711
1.3938887119293213, 0.027246475219726562
1.3785759210586548, 0.027448415756225586
1.3808003664016724, 0.027324914932250977
1.387372612953186, 0.027695417404174805
1.3761347532272339, 0.02684473991394043
1.3872146606445312, 0.027411937713623047
1.3781884908676147, 0.027306318283081055
1.3948695659637451, 0.027138948440551758
1.3797459602355957, 0.027132511138916016
1.3957839012145996, 0.02719259262084961
1.3889778852462769, 0.02720165252685547
1.3979591131210327, 0.027399539947509766
1.4045472145080566, 0.027201175689697266
1.3873099088668823, 0.027350187301635742
1.4038565158843994, 0.027256488800048828
1.3731956481933594, 0.02704000473022461
1.3905538320541382, 0.027249574661254883
1.37907874584198, 0.027220726013183594
1.3945815563201904, 0.026926755905151367
1.3988289833068848, 0.027059316635131836
1.393897294998169, 0.027262449264526367
1.3792779445648193, 0.027068138122558594
1.3865785598754883, 0.027263879776000977
1.3864285945892334, 0.02716803550720215
1.3888788223266602, 0.027034759521484375
1.3919126987457275, 0.027167558670043945
1.3939900398254395, 0.027295589447021484
1.4018495082855225, 0.027228116989135742
1.393355369567871, 0.027139663696289062
1.3770602941513062, 0.026999711990356445
1.3846033811569214, 0.027248859405517578
1.3813941478729248, 0.027272462844848633
1.3807518482208252, 0.027022123336791992
1.3882746696472168, 0.02714681625366211
1.3741064071655273, 0.027048587799072266
1.3960973024368286, 0.026790857315063477
1.3815956115722656, 0.026898860931396484
1.394291877746582, 0.02692270278930664
1.3924379348754883, 0.026974916458129883
1.378949522972107, 0.02707195281982422
1.375625491142273, 0.02708601951599121
1.3787007331848145, 0.027364492416381836
1.3765627145767212, 0.027645349502563477
1.3842051029205322, 0.027493953704833984
1.3879446983337402, 0.027580738067626953
1.3943638801574707, 0.02747368812561035
1.3814983367919922, 0.027512311935424805
1.3865015506744385, 0.02743363380432129
1.3948332071304321, 0.027342796325683594
1.382125735282898, 0.027435302734375
1.3920128345489502, 0.027070999145507812
1.37800931930542, 0.027187347412109375
1.387033224105835, 0.02739548683166504
1.3804826736450195, 0.027232885360717773
1.4010593891143799, 0.02706289291381836
1.3820977210998535, 0.02737879753112793
1.4052045345306396, 0.02717113494873047
1.3795467615127563, 0.027363061904907227
1.4005217552185059, 0.027179241180419922
1.394148826599121, 0.027101516723632812
1.3875572681427002, 0.027479887008666992
1.3856821060180664, 0.027190685272216797
1.390242338180542, 0.026964187622070312
1.379586935043335, 0.02728104591369629
1.4073086977005005, 0.02715134620666504
1.3950896263122559, 0.026947736740112305
1.3903111219406128, 0.02709674835205078
1.383788824081421, 0.026990652084350586
1.4009358882904053, 0.02722644805908203
1.3829383850097656, 0.027050495147705078
1.389836072921753, 0.02697610855102539
1.3857343196868896, 0.0277707576751709
1.3897345066070557, 0.02768874168395996
1.390329122543335, 0.02745652198791504
1.3856680393218994, 0.027585506439208984
1.393209457397461, 0.027635812759399414
1.4049136638641357, 0.0277860164642334
1.3886258602142334, 0.0278780460357666
1.3858537673950195, 0.027134180068969727
1.394122838973999, 0.02739739418029785
1.3885303735733032, 0.027475595474243164
1.3820254802703857, 0.02736353874206543
1.3806750774383545, 0.027884244918823242
1.3902041912078857, 0.026677846908569336
1.376032829284668, 0.02740335464477539
1.381571888923645, 0.027214765548706055
1.3945879936218262, 0.027154922485351562
1.3831039667129517, 0.027141094207763672
1.3924195766448975, 0.027544260025024414
1.3874186277389526, 0.02688288688659668
1.3816502094268799, 0.026920795440673828
1.3848111629486084, 0.02701568603515625
1.3900585174560547, 0.02712416648864746
1.3815494775772095, 0.027348756790161133
1.3804737329483032, 0.026899337768554688
1.37314772605896, 0.027074098587036133
1.3843966722488403, 0.027100324630737305
1.3808091878890991, 0.027205705642700195
1.394965410232544, 0.02713155746459961
1.387863039970398, 0.02733898162841797
1.3784418106079102, 0.027335405349731445
1.3850250244140625, 0.027298688888549805
1.3938945531845093, 0.027304649353027344
1.3834118843078613, 0.027117013931274414
1.3904341459274292, 0.027166128158569336
1.3880696296691895, 0.027113914489746094
1.3894575834274292, 0.027314186096191406
1.4035749435424805, 0.027683734893798828
1.3808118104934692, 0.026348352432250977
1.3915131092071533, 0.027068138122558594
1.3948838710784912, 0.026935338973999023
1.3821055889129639, 0.027059555053710938
1.3821604251861572, 0.027281999588012695
1.3764976263046265, 0.026875734329223633
1.3767898082733154, 0.027256011962890625
1.3793408870697021, 0.027425765991210938
1.3865773677825928, 0.026795148849487305
1.395892858505249, 0.027523279190063477
1.3862369060516357, 0.02744746208190918
1.390968680381775, 0.027187585830688477
1.3896980285644531, 0.027466535568237305
1.3873546123504639, 0.027364015579223633
1.3805885314941406, 0.02717304229736328
1.3886438608169556, 0.027363061904907227
1.380529761314392, 0.027219772338867188
1.3889102935791016, 0.027535676956176758
1.3923910856246948, 0.027149438858032227
1.380186676979065, 0.02713751792907715
1.3735376596450806, 0.02755284309387207
1.3832881450653076, 0.02729320526123047
1.3902158737182617, 0.027063369750976562
1.3845365047454834, 0.027266979217529297
1.39738929271698, 0.027014493942260742
1.3908804655075073, 0.0271759033203125
1.3811836242675781, 0.028554916381835938
1.3803141117095947, 0.02682948112487793
1.389009714126587, 0.027091503143310547
1.3853678703308105, 0.02730417251586914
1.387305498123169, 0.02715587615966797
1.382670283317566, 0.027231454849243164
1.3922321796417236, 0.02708292007446289
1.3746798038482666, 0.02711033821105957
1.387020230293274, 0.02716827392578125
1.385897159576416, 0.02707958221435547
1.3804748058319092, 0.02724289894104004
1.3870751857757568, 0.027086257934570312
1.3806838989257812, 0.027013540267944336
1.3770962953567505, 0.027382373809814453
1.4029147624969482, 0.027170896530151367
1.396054983139038, 0.0271451473236084
1.3930246829986572, 0.027280807495117188
1.383121132850647, 0.027164697647094727
1.3840608596801758, 0.027159690856933594
1.3944977521896362, 0.027094125747680664
1.3862218856811523, 0.027148008346557617
1.3799442052841187, 0.027107715606689453
1.3763779401779175, 0.027014970779418945
1.3885743618011475, 0.027016162872314453
1.3935964107513428, 0.0270693302154541
1.397342324256897, 0.027193546295166016
1.3896275758743286, 0.027126073837280273
1.3856022357940674, 0.027425050735473633
1.3918581008911133, 0.027161598205566406
1.382213830947876, 0.027265071868896484
1.3876523971557617, 0.027133941650390625
1.377803087234497, 0.027098655700683594
1.3792144060134888, 0.0271608829498291
1.3892803192138672, 0.02709507942199707
1.3903441429138184, 0.027065038681030273
1.3883793354034424, 0.02716231346130371
1.388782024383545, 0.027246713638305664
1.3820823431015015, 0.026880502700805664
1.3920912742614746, 0.02737712860107422
1.38578200340271, 0.027208328247070312
1.3877482414245605, 0.027549266815185547
1.3975909948349, 0.027043581008911133
1.3890104293823242, 0.027155160903930664
1.387890100479126, 0.027036428451538086
1.3829008340835571, 0.02683734893798828
1.3896923065185547, 0.027058124542236328
1.3965213298797607, 0.02712726593017578
1.3811802864074707, 0.027111053466796875
1.38020920753479, 0.02706170082092285
1.384191632270813, 0.027253150939941406
1.390186071395874, 0.02713179588317871
1.3807902336120605, 0.02709221839904785
1.385497808456421, 0.027408599853515625
1.3793896436691284, 0.02708268165588379
1.3783831596374512, 0.027077198028564453
1.3657668828964233, 0.027174711227416992
1.3942887783050537, 0.02732706069946289
1.3888260126113892, 0.02744889259338379
1.381758213043213, 0.02738189697265625
1.3889458179473877, 0.027121543884277344
1.3884143829345703, 0.02767205238342285
1.393122673034668, 0.027223587036132812
1.3915680646896362, 0.02764105796813965
1.387770414352417, 0.026895523071289062
1.390969157218933, 0.027478456497192383
1.390927791595459, 0.027360200881958008
1.3792723417282104, 0.02726149559020996
1.3803786039352417, 0.027109146118164062
1.3893909454345703, 0.02748870849609375
1.3942477703094482, 0.026987314224243164
1.3889409303665161, 0.027263402938842773
1.3886369466781616, 0.027457475662231445
1.3790881633758545, 0.02720499038696289
1.3914436101913452, 0.027189016342163086
1.3848226070404053, 0.02726268768310547
1.388217806816101, 0.027251243591308594
1.4126814603805542, 0.027502059936523438
1.3865416049957275, 0.027661561965942383
1.3891289234161377, 0.027065515518188477
1.393294095993042, 0.027085542678833008
1.392444372177124, 0.02701878547668457
1.3866398334503174, 0.027135848999023438
1.394533395767212, 0.02734851837158203
1.3943036794662476, 0.027190685272216797
1.3917338848114014, 0.02722334861755371
1.3830137252807617, 0.02709221839904785
1.3827669620513916, 0.0270078182220459
1.383573293685913, 0.027365684509277344
1.3964656591415405, 0.027165889739990234
1.391801357269287, 0.027176856994628906
1.3951588869094849, 0.027118206024169922
1.3783769607543945, 0.02706146240234375
1.3891512155532837, 0.02716231346130371
1.39272940158844, 0.0272982120513916
1.3986451625823975, 0.02705669403076172
1.3927792310714722, 0.027098417282104492
1.3817964792251587, 0.02716684341430664
1.3748857975006104, 0.02707386016845703
1.3926995992660522, 0.027317047119140625
1.3813865184783936, 0.0271146297454834
1.3798222541809082, 0.02760004997253418
1.382368564605713, 0.028134584426879883
1.3919625282287598, 0.027918577194213867
1.3913609981536865, 0.027785539627075195
1.3902866840362549, 0.028171300888061523
1.397498607635498, 0.027449607849121094
1.3854246139526367, 0.02799057960510254
1.3843064308166504, 0.027886629104614258
1.3797709941864014, 0.02845144271850586
1.3845665454864502, 0.027478456497192383
1.3746471405029297, 0.02738046646118164
1.3948122262954712, 0.027930736541748047
1.3864972591400146, 0.027411937713623047
1.3925702571868896, 0.02775263786315918
1.381287693977356, 0.02741074562072754
1.3833562135696411, 0.027312278747558594
1.3915272951126099, 0.027650833129882812
1.3954325914382935, 0.027391433715820312
1.390791654586792, 0.026983261108398438
1.3821830749511719, 0.027274131774902344
1.3836231231689453, 0.027421951293945312
1.3841149806976318, 0.026808977127075195
1.3885644674301147, 0.02738785743713379
1.3907526731491089, 0.027380943298339844
1.3785581588745117, 0.027838706970214844
1.3906612396240234, 0.027665138244628906
1.3909714221954346, 0.0273590087890625
1.396419882774353, 0.02782893180847168
1.3859357833862305, 0.027662038803100586
1.383820652961731, 0.027807235717773438
1.3968355655670166, 0.027464866638183594
1.386406421661377, 0.027472257614135742
1.3995052576065063, 0.02804732322692871
1.3876628875732422, 0.027173757553100586
1.3882591724395752, 0.027503252029418945
1.3839538097381592, 0.027326345443725586
1.394980788230896, 0.02748870849609375
1.368223786354065, 0.02750372886657715
1.380149006843567, 0.02735114097595215
1.3846468925476074, 0.027254343032836914
1.3861759901046753, 0.02740788459777832
1.3837549686431885, 0.027282238006591797
1.3886823654174805, 0.027253150939941406
1.3825815916061401, 0.027153491973876953
1.3802270889282227, 0.027110576629638672
1.3969502449035645, 0.027213335037231445
1.3802193403244019, 0.027132034301757812
1.3876020908355713, 0.026975154876708984
1.3844915628433228, 0.02728867530822754
1.3711680173873901, 0.027024507522583008
1.3767043352127075, 0.027385473251342773
1.3789783716201782, 0.027362585067749023
1.375727891921997, 0.02715325355529785
1.3834166526794434, 0.027216196060180664
1.3800909519195557, 0.027065515518188477
1.3831477165222168, 0.02715778350830078
1.3894392251968384, 0.02720952033996582
1.3878893852233887, 0.02707076072692871
1.3914296627044678, 0.027088403701782227
1.3837404251098633, 0.027472257614135742
1.3835597038269043, 0.0273892879486084
1.3931686878204346, 0.026804208755493164
1.3857324123382568, 0.02744460105895996
1.3798296451568604, 0.027230024337768555
1.3811290264129639, 0.027257680892944336
1.3722026348114014, 0.027178049087524414
1.3917790651321411, 0.027209997177124023
1.400212287902832, 0.02739739418029785
1.3887884616851807, 0.02743983268737793
1.388948917388916, 0.026987791061401367
1.3952360153198242, 0.027147531509399414
1.3955669403076172, 0.02714681625366211
1.384268879890442, 0.027333974838256836
1.3771148920059204, 0.027348041534423828
1.3771789073944092, 0.027129650115966797
1.386878490447998, 0.027294158935546875
1.3950926065444946, 0.027366161346435547
1.3884220123291016, 0.027313709259033203
1.3662633895874023, 0.027535200119018555
1.3982548713684082, 0.02721548080444336
1.3791974782943726, 0.0274660587310791
1.3899223804473877, 0.027300596237182617
1.3864271640777588, 0.02726006507873535
1.388411283493042, 0.027348756790161133
1.401354193687439, 0.02734231948852539
1.3933353424072266, 0.027141571044921875
1.4027228355407715, 0.02739262580871582
1.3870153427124023, 0.027590274810791016
1.3793786764144897, 0.027225732803344727
1.3812788724899292, 0.027575254440307617
1.389723777770996, 0.027301788330078125
1.385114073753357, 0.027352571487426758
1.3909497261047363, 0.027073383331298828
1.3899099826812744, 0.02712225914001465
1.38762629032135, 0.027686357498168945
1.3948025703430176, 0.027310609817504883
1.398747444152832, 0.026667118072509766
1.3869507312774658, 0.02746129035949707
1.3769718408584595, 0.027043819427490234
1.3837635517120361, 0.027253389358520508
1.396752119064331, 0.027301311492919922
1.3928298950195312, 0.027074575424194336
1.390355110168457, 0.02706313133239746
1.387079119682312, 0.02722001075744629
1.4003617763519287, 0.02704310417175293
1.3747575283050537, 0.02716231346130371
1.3874331712722778, 0.027670860290527344
1.391998052597046, 0.02658820152282715
1.3868122100830078, 0.027208328247070312
1.3858412504196167, 0.027077198028564453
1.3842217922210693, 0.027193546295166016
1.3879992961883545, 0.027358293533325195
1.3773119449615479, 0.026989221572875977
1.3778982162475586, 0.02706456184387207
1.3800048828125, 0.026999473571777344
1.385869026184082, 0.027126550674438477
1.3834702968597412, 0.027213573455810547
1.3836644887924194, 0.027092456817626953
1.385009765625, 0.027080059051513672
1.3815609216690063, 0.027275562286376953
1.3870508670806885, 0.026870250701904297
1.395938754081726, 0.02707672119140625
1.3828370571136475, 0.02746748924255371
1.3830486536026, 0.02710247039794922
1.3854632377624512, 0.027279138565063477
1.3999583721160889, 0.027361392974853516
1.3896172046661377, 0.026947975158691406
1.383558988571167, 0.027453184127807617
1.378922462463379, 0.026683568954467773
1.3874891996383667, 0.027237653732299805
1.383254051208496, 0.027193546295166016
1.3979847431182861, 0.027048587799072266
1.382771611213684, 0.027151823043823242
1.3753232955932617, 0.02734518051147461
1.392063856124878, 0.02709484100341797
1.3876948356628418, 0.02750706672668457
1.3788623809814453, 0.02641773223876953
1.3880667686462402, 0.027013540267944336
1.3863170146942139, 0.027115821838378906
1.3926717042922974, 0.027002573013305664
1.3807780742645264, 0.027104616165161133
1.3909629583358765, 0.027271270751953125
1.380791187286377, 0.0271608829498291
1.3853118419647217, 0.02726006507873535
1.3859938383102417, 0.02828693389892578
1.388277292251587, 0.027913570404052734
1.3736870288848877, 0.0279998779296875
1.3966810703277588, 0.02791905403137207
1.3928953409194946, 0.027950525283813477
1.3883450031280518, 0.028537988662719727
1.3901731967926025, 0.027639389038085938
1.3862929344177246, 0.027666568756103516
1.3851230144500732, 0.02761697769165039
1.385110855102539, 0.027838945388793945
1.3904954195022583, 0.02759408950805664
1.3779975175857544, 0.027695178985595703
1.3989813327789307, 0.02776646614074707
1.3949096202850342, 0.02780890464782715
1.3771514892578125, 0.027886390686035156
1.3808928728103638, 0.02734661102294922
1.3964859247207642, 0.02738332748413086
1.378377914428711, 0.027871370315551758
1.393481969833374, 0.027340412139892578
1.3873908519744873, 0.02744293212890625
1.386115312576294, 0.027639389038085938
1.380345344543457, 0.027571678161621094
1.375685214996338, 0.027352571487426758
1.382204532623291, 0.027820587158203125
1.388393759727478, 0.02706003189086914
1.378880262374878, 0.027544498443603516
1.3911689519882202, 0.0274200439453125
1.3936058282852173, 0.0272829532623291
1.3827496767044067, 0.02730584144592285
1.376793384552002, 0.02717280387878418
1.3837864398956299, 0.027139902114868164
1.3843321800231934, 0.027555465698242188
1.3944456577301025, 0.02698683738708496
1.3840892314910889, 0.0273892879486084
1.3747289180755615, 0.02712392807006836
1.3857333660125732, 0.02707219123840332
1.3892438411712646, 0.027913331985473633
1.3759829998016357, 0.02793717384338379
1.3781166076660156, 0.027631282806396484
1.4063444137573242, 0.027973651885986328
1.3833094835281372, 0.02773880958557129
1.3875470161437988, 0.027942180633544922
1.3868173360824585, 0.02939629554748535
1.3869001865386963, 0.026468515396118164
1.380124807357788, 0.027529001235961914
1.393002986907959, 0.027439594268798828
1.3783488273620605, 0.027531147003173828
1.3901617527008057, 0.02750110626220703
1.382946252822876, 0.02756524085998535
1.3871722221374512, 0.02776956558227539
1.3839030265808105, 0.027530908584594727
1.3838202953338623, 0.027577638626098633
1.3941633701324463, 0.027414798736572266
1.380746603012085, 0.027659177780151367
1.379746437072754, 0.027460575103759766
1.3838763236999512, 0.0273129940032959
1.3978407382965088, 0.02710413932800293
1.3879189491271973, 0.02756023406982422
1.3892483711242676, 0.027210235595703125
1.3756096363067627, 0.027240514755249023
1.38092839717865, 0.027051687240600586
1.394964337348938, 0.027276992797851562
1.383699893951416, 0.027422189712524414
1.3853424787521362, 0.027192115783691406
1.3844561576843262, 0.027178049087524414
1.3812978267669678, 0.027857065200805664
1.3779749870300293, 0.02684617042541504
1.382856011390686, 0.027321815490722656
1.3930585384368896, 0.02687835693359375
1.3938024044036865, 0.027138471603393555
1.3848340511322021, 0.027224302291870117
1.3990898132324219, 0.027228116989135742
1.3821642398834229, 0.02721691131591797
1.3828221559524536, 0.028112411499023438
1.3828874826431274, 0.02777099609375
1.3785912990570068, 0.027931928634643555
1.3827810287475586, 0.02795267105102539
1.383882999420166, 0.02797698974609375
1.3797177076339722, 0.027985572814941406
1.3775885105133057, 0.027878284454345703
1.3750028610229492, 0.027605533599853516
1.390038251876831, 0.027661561965942383
1.376489520072937, 0.027389049530029297
1.3884799480438232, 0.027678966522216797
1.3892812728881836, 0.02759838104248047
1.3751176595687866, 0.02749037742614746
1.3828158378601074, 0.027151107788085938
1.3853068351745605, 0.027426958084106445
1.3721808195114136, 0.027516841888427734
1.3968663215637207, 0.02736949920654297
1.3788609504699707, 0.027757644653320312
1.3848330974578857, 0.027223825454711914
1.3925833702087402, 0.0057833194732666016
1.3886693716049194, 0.005417823791503906
1.3900483846664429, 0.0052890777587890625
1.3864717483520508, 0.022518396377563477
1.3915497064590454, 0.027404069900512695
1.3943846225738525, 0.027304410934448242
1.3915520906448364, 0.027362346649169922
1.3850525617599487, 0.027615070343017578
1.3806865215301514, 0.027356386184692383
1.3912346363067627, 0.027496337890625
1.3800048828125, 0.02742481231689453
1.3793179988861084, 0.02729177474975586
1.3902907371520996, 0.027476072311401367
1.387401819229126, 0.027149200439453125
1.3816771507263184, 0.027421951293945312
1.387296199798584, 0.027330398559570312
1.3767611980438232, 0.027186870574951172
1.3928041458129883, 0.02716970443725586
1.3802896738052368, 0.02729654312133789
1.3867814540863037, 0.027202606201171875
1.3856645822525024, 0.027437210083007812
1.3876268863677979, 0.027111053466796875
1.3966606855392456, 0.027042388916015625
1.3856675624847412, 0.027309179306030273
1.3868231773376465, 0.027127742767333984
1.3759431838989258, 0.027288436889648438
1.3930996656417847, 0.0271914005279541
1.3893784284591675, 0.027167081832885742
1.3896124362945557, 0.027333498001098633
1.3777683973312378, 0.027073383331298828
1.381316065788269, 0.027243375778198242
1.3917438983917236, 0.027682065963745117
1.3908029794692993, 0.02756023406982422
1.390965223312378, 0.026903390884399414
1.381437063217163, 0.02755880355834961
1.3860583305358887, 0.02824258804321289
1.3929609060287476, 0.027352571487426758
1.3885388374328613, 0.027135848999023438
1.384150743484497, 0.027776241302490234
1.3835985660552979, 0.02680182456970215
1.3955525159835815, 0.027304887771606445
1.3912017345428467, 0.02725815773010254
1.382505178451538, 0.027214527130126953
1.3759543895721436, 0.027172565460205078
1.377077579498291, 0.02736210823059082
1.3834792375564575, 0.027247190475463867
1.3793933391571045, 0.027118682861328125
1.3863353729248047, 0.027289628982543945
1.3818514347076416, 0.027039527893066406
1.398165225982666, 0.027123212814331055
1.3818578720092773, 0.02733445167541504
1.395486831665039, 0.02729511260986328
1.390839695930481, 0.027018308639526367
1.3880213499069214, 0.027263164520263672
1.3847036361694336, 0.02704024314880371
1.3930513858795166, 0.027355670928955078
1.3846293687820435, 0.027136564254760742
1.3796918392181396, 0.027207136154174805
1.3825668096542358, 0.027362585067749023
1.38407564163208, 0.027305126190185547
1.388176679611206, 0.027057647705078125
1.3822414875030518, 0.02731180191040039
1.3985927104949951, 0.027173995971679688
1.3837965726852417, 0.02707982063293457
1.3933956623077393, 0.027187585830688477
1.3806321620941162, 0.027139663696289062
1.3846476078033447, 0.02731943130493164
1.3772807121276855, 0.02721405029296875
1.3933643102645874, 0.027243852615356445
1.3945043087005615, 0.02736663818359375
1.3862385749816895, 0.027339935302734375
1.385425090789795, 0.026953935623168945
1.3809716701507568, 0.02750563621520996
1.3757948875427246, 0.0273592472076416
1.3954123258590698, 0.026957273483276367
1.3895033597946167, 0.02718496322631836
1.3883655071258545, 0.02734231948852539
1.392482042312622, 0.02705836296081543
1.3774199485778809, 0.02703070640563965
1.3981969356536865, 0.027106285095214844
1.390070915222168, 0.027228593826293945
1.3860864639282227, 0.027035236358642578
1.3844115734100342, 0.027299165725708008
1.3823908567428589, 0.026993513107299805
1.388736605644226, 0.026833772659301758
1.3776915073394775, 0.027272701263427734
1.3849315643310547, 0.027242183685302734
1.3897590637207031, 0.02732372283935547
1.3993046283721924, 0.02768707275390625
1.3870576620101929, 0.027518749237060547
1.373260259628296, 0.027087688446044922
1.3892476558685303, 0.02705836296081543
1.3872753381729126, 0.02706432342529297
1.3882126808166504, 0.02787184715270996
1.3800342082977295, 0.028071165084838867
1.3853626251220703, 0.027928590774536133
1.3855056762695312, 0.02781200408935547
1.3911898136138916, 0.027706623077392578
1.3901493549346924, 0.027219772338867188
1.3926057815551758, 0.027978897094726562
1.3909019231796265, 0.027427196502685547
1.384717583656311, 0.0279238224029541
1.3767551183700562, 0.027130603790283203
1.3778362274169922, 0.027603864669799805
1.3912103176116943, 0.027814865112304688
1.3908249139785767, 0.02731037139892578
1.3884048461914062, 0.0277712345123291
1.3794794082641602, 0.027178525924682617
1.3971848487854004, 0.027517080307006836
1.386427640914917, 0.027318716049194336
1.3884392976760864, 0.027425765991210938
1.3962225914001465, 0.027287721633911133
1.3817670345306396, 0.027359485626220703
1.389310598373413, 0.027196645736694336
1.3955943584442139, 0.027534008026123047
1.389132022857666, 0.027368783950805664
1.3841891288757324, 0.027496337890625
1.3927264213562012, 0.027122020721435547
1.3959689140319824, 0.0273745059967041
1.36952543258667, 0.027397632598876953
1.3891723155975342, 0.027393579483032227
1.3825395107269287, 0.027430057525634766
1.3942573070526123, 0.02727365493774414
1.3890963792800903, 0.027439355850219727
1.3844175338745117, 0.026652812957763672
1.3809610605239868, 0.027138948440551758
1.38325834274292, 0.026998043060302734
1.3810651302337646, 0.02723526954650879
1.3911161422729492, 0.027500629425048828
1.370913028717041, 0.026823043823242188
1.3879382610321045, 0.02817058563232422
1.3897169828414917, 0.027717113494873047
1.385583519935608, 0.028038501739501953
1.384317398071289, 0.028084993362426758
1.3828377723693848, 0.02796649932861328
1.3888640403747559, 0.02791881561279297
1.3911947011947632, 0.028095483779907227
1.3760206699371338, 0.027751445770263672
1.3898305892944336, 0.027618408203125
1.3802268505096436, 0.027692079544067383
1.388951063156128, 0.02757716178894043
1.397594928741455, 0.027777671813964844
1.3917638063430786, 0.027837276458740234
1.3993213176727295, 0.028112173080444336
1.394829273223877, 0.02768707275390625
1.3867031335830688, 0.02774524688720703
1.3945977687835693, 0.027492046356201172
1.376603603363037, 0.027387142181396484
1.382197380065918, 0.027579069137573242
1.3885283470153809, 0.02734541893005371
1.3891706466674805, 0.027808427810668945
1.3877090215682983, 0.0276336669921875
1.3794729709625244, 0.027256488800048828
1.3854725360870361, 0.027301549911499023
1.388157844543457, 0.027448415756225586
1.3743782043457031, 0.02735614776611328
1.386509895324707, 0.027777671813964844
1.3804311752319336, 0.027550220489501953
1.3809318542480469, 0.02695918083190918
1.3976874351501465, 0.027570009231567383
1.3851407766342163, 0.027146577835083008
1.3877124786376953, 0.027420759201049805
1.3872343301773071, 0.02739715576171875
1.3817700147628784, 0.027199983596801758
1.3709042072296143, 0.02725529670715332
1.3927621841430664, 0.027126550674438477
1.3830370903015137, 0.027115345001220703
1.3809983730316162, 0.02727985382080078
1.38038969039917, 0.027133941650390625
1.3880202770233154, 0.02743697166442871
1.3835984468460083, 0.027240276336669922
1.3833301067352295, 0.02702045440673828
1.3753459453582764, 0.02716827392578125
1.3799597024917603, 0.027245759963989258
1.39425790309906, 0.027086973190307617
1.3972325325012207, 0.027405261993408203
1.385354995727539, 0.02724599838256836
1.389419674873352, 0.027312040328979492
1.3864997625350952, 0.027538776397705078
1.3844326734542847, 0.026796579360961914
1.388432264328003, 0.02731943130493164
1.3977465629577637, 0.027338743209838867
1.384839415550232, 0.027554988861083984
1.398305892944336, 0.02751469612121582
1.3817949295043945, 0.027751922607421875
1.3772497177124023, 0.027619123458862305
1.3931159973144531, 0.027723073959350586
1.381026029586792, 0.027493953704833984
1.3818912506103516, 0.0277864933013916
1.3940987586975098, 0.02775430679321289
1.38470458984375, 0.027661561965942383
1.3857216835021973, 0.028380155563354492
1.3760112524032593, 0.027113914489746094
1.3816461563110352, 0.02781510353088379
1.392693042755127, 0.027428627014160156
1.3985438346862793, 0.027657032012939453
1.38131844997406, 0.027574539184570312
1.3811603784561157, 0.027541637420654297
1.3920437097549438, 0.027605295181274414
1.3911349773406982, 0.027660846710205078
1.3932808637619019, 0.026994705200195312
1.3809235095977783, 0.027525663375854492
1.3826833963394165, 0.027739524841308594
1.3821613788604736, 0.027406692504882812
1.3807623386383057, 0.028258800506591797
1.378290057182312, 0.028080224990844727
1.3964874744415283, 0.028254032135009766
1.396324872970581, 0.028106212615966797
1.3751394748687744, 0.02817249298095703
1.3752777576446533, 0.028282880783081055
1.392451524734497, 0.028151750564575195
1.3807212114334106, 0.02806568145751953
1.3880267143249512, 0.027336835861206055
1.392911434173584, 0.027013778686523438
1.3863680362701416, 0.026948213577270508
1.3904956579208374, 0.026929378509521484
1.370829463005066, 0.027523279190063477
1.3905143737792969, 0.02719426155090332
1.3952832221984863, 0.02724766731262207
1.3836697340011597, 0.026842832565307617
1.377808690071106, 0.0269317626953125
1.4010735750198364, 0.027029991149902344
1.3919689655303955, 0.026872873306274414
1.3904860019683838, 0.026829004287719727
1.3931207656860352, 0.027603864669799805
1.3896903991699219, 0.026582956314086914
1.387428879737854, 0.026726484298706055
1.386300802230835, 0.026925325393676758
1.381253957748413, 0.026882171630859375
1.3695414066314697, 0.026941537857055664
1.3782542943954468, 0.027042150497436523
1.3889226913452148, 0.027045011520385742
1.3829524517059326, 0.026845455169677734
1.3847603797912598, 0.027034282684326172
1.3981270790100098, 0.027239322662353516
1.400242805480957, 0.027765274047851562
1.388043761253357, 0.027915477752685547
1.3764255046844482, 0.027812480926513672
1.3924344778060913, 0.02729940414428711
1.384191870689392, 0.0278475284576416
1.3874800205230713, 0.027439117431640625
1.3891383409500122, 0.027672529220581055
1.3783738613128662, 0.027383804321289062
1.3990288972854614, 0.027746915817260742
1.3799753189086914, 0.02731490135192871
1.3930832147598267, 0.02766561508178711
1.3806774616241455, 0.02711033821105957
1.388192057609558, 0.027558326721191406
1.3847780227661133, 0.02721691131591797
1.382108211517334, 0.02759718894958496
1.3933582305908203, 0.0274350643157959
1.3901386260986328, 0.02748870849609375
1.3959195613861084, 0.02757430076599121
1.3786067962646484, 0.02736663818359375
1.393625259399414, 0.02753305435180664
1.3930118083953857, 0.027860403060913086
1.3804945945739746, 0.027445554733276367
1.3868685960769653, 0.02736663818359375
1.3855376243591309, 0.027459144592285156
1.3906333446502686, 0.027386188507080078
1.381032943725586, 0.027566194534301758
1.3916016817092896, 0.027381420135498047
1.3886229991912842, 0.027379989624023438
1.3851535320281982, 0.027370214462280273
1.3867874145507812, 0.02717137336730957
1.3781626224517822, 0.027438640594482422
1.400542974472046, 0.02705836296081543
1.3932067155838013, 0.027140140533447266
1.388017177581787, 0.0276944637298584
1.3859484195709229, 0.026779651641845703
1.3770458698272705, 0.027384042739868164
1.3876395225524902, 0.027544736862182617
1.385733962059021, 0.027502059936523438
1.3861578702926636, 0.027614831924438477
1.3803200721740723, 0.02746868133544922
1.3967387676239014, 0.027759552001953125
1.3940967321395874, 0.02740335464477539
1.374259352684021, 0.027805089950561523
1.3872957229614258, 0.027100086212158203
1.3924977779388428, 0.027573823928833008
1.3785415887832642, 0.027514934539794922
1.3817576169967651, 0.02765345573425293
1.3922569751739502, 0.027424335479736328
1.3753666877746582, 0.027810096740722656
1.3831725120544434, 0.027672529220581055
1.4026539325714111, 0.0273895263671875
1.3875510692596436, 0.02761054039001465
1.3907153606414795, 0.027534008026123047
1.3885600566864014, 0.027727842330932617
1.3789677619934082, 0.027550458908081055
1.3649024963378906, 0.027012348175048828
1.3897984027862549, 0.027716636657714844
1.3828530311584473, 0.027709245681762695
1.3868389129638672, 0.027219057083129883
1.3989171981811523, 0.027523517608642578
1.3805029392242432, 0.027312040328979492
1.386047124862671, 0.02720808982849121
1.389538049697876, 0.027296066284179688
1.4018023014068604, 0.02772688865661621
1.381312370300293, 0.02731943130493164
1.3717960119247437, 0.027272939682006836
1.3806507587432861, 0.027103424072265625
1.3878867626190186, 0.027462005615234375
1.3880729675292969, 0.027257204055786133
1.3978503942489624, 0.027305126190185547
1.3837058544158936, 0.027410030364990234
1.3763749599456787, 0.027364730834960938
1.3883391618728638, 0.02724003791809082
1.4003435373306274, 0.027257204055786133
1.4031585454940796, 0.02718496322631836
1.3853063583374023, 0.02739858627319336
1.3896915912628174, 0.027428627014160156
1.396930456161499, 0.027132749557495117
1.3912345170974731, 0.02773141860961914
1.3963358402252197, 0.02722764015197754
1.3827104568481445, 0.02745223045349121
1.3950858116149902, 0.027224063873291016
1.3875731229782104, 0.0271909236907959
1.3910713195800781, 0.02735733985900879
1.3905203342437744, 0.027276039123535156
1.3920416831970215, 0.027231216430664062
1.3973162174224854, 0.027288436889648438
1.3796703815460205, 0.02736949920654297
1.4003376960754395, 0.02804422378540039
1.3845382928848267, 0.028193950653076172
1.383086919784546, 0.02788400650024414
1.3843520879745483, 0.028231143951416016
1.3921005725860596, 0.028100013732910156
1.3966764211654663, 0.02821493148803711
1.3965914249420166, 0.028206825256347656
1.3850836753845215, 0.027719736099243164
1.3845255374908447, 0.027957677841186523
1.392838954925537, 0.027559518814086914
1.3790595531463623, 0.027606964111328125
1.3834348917007446, 0.027692794799804688
1.385810136795044, 0.02757859230041504
1.3832135200500488, 0.02774953842163086
1.4007434844970703, 0.02776813507080078
1.378791093826294, 0.027702808380126953
1.386023998260498, 0.02773451805114746
1.381638526916504, 0.027495622634887695
1.381813883781433, 0.02787947654724121
1.3870692253112793, 0.028452157974243164
1.3808757066726685, 0.026904821395874023
1.378535270690918, 0.027740478515625
1.3869255781173706, 0.0276033878326416
1.3938634395599365, 0.02803635597229004
1.38900887966156, 0.0270688533782959
1.3832422494888306, 0.027649641036987305
1.3889822959899902, 0.02785515785217285
1.387591004371643, 0.02747941017150879
1.3909435272216797, 0.027498722076416016
1.3865153789520264, 0.027415037155151367
1.377496361732483, 0.027141809463500977
1.3961877822875977, 0.027292728424072266
1.3879170417785645, 0.0271909236907959
1.3671481609344482, 0.026959896087646484
1.3859097957611084, 0.027204513549804688
1.39674711227417, 0.027173757553100586
1.3797404766082764, 0.027400493621826172
1.3943190574645996, 0.027651548385620117
1.3799176216125488, 0.02849745750427246
1.3736565113067627, 0.02757120132446289
1.3903892040252686, 0.027611255645751953
1.3788166046142578, 0.02809906005859375
1.3713228702545166, 0.02768254280090332
1.3823127746582031, 0.027508020401000977
1.3893413543701172, 0.0276181697845459
1.388594150543213, 0.027347803115844727
1.3827965259552002, 0.02759265899658203
1.3957098722457886, 0.027043581008911133
1.3889997005462646, 0.027618885040283203
1.3857097625732422, 0.027448415756225586
1.383782148361206, 0.027290821075439453
1.3838722705841064, 0.027105093002319336
1.3757128715515137, 0.02751612663269043
1.3862618207931519, 0.02740335464477539
1.374380111694336, 0.02747368812561035
1.3728032112121582, 0.028140783309936523
1.38494074344635, 0.027307748794555664
1.3954788446426392, 0.02760028839111328
1.390763282775879, 0.027590036392211914
1.3915842771530151, 0.02741241455078125
1.3906900882720947, 0.027415752410888672
1.3815683126449585, 0.02727818489074707
1.3836725950241089, 0.02751612663269043
1.3887836933135986, 0.026934385299682617
1.4061241149902344, 0.027530908584594727
1.3823106288909912, 0.027443408966064453
1.3897953033447266, 0.027100801467895508
1.383881688117981, 0.027299165725708008
1.3820388317108154, 0.027570724487304688
1.370111107826233, 0.027390718460083008
1.3851561546325684, 0.02745366096496582
1.3952146768569946, 0.027621030807495117
1.3798807859420776, 0.027349472045898438
1.393975853919983, 0.02749180793762207
1.3837840557098389, 0.02749466896057129
1.3767260313034058, 0.027306556701660156
1.3907287120819092, 0.02770256996154785
1.379953384399414, 0.027673721313476562
1.396191954612732, 0.027726411819458008
1.387453317642212, 0.027510881423950195
1.3902835845947266, 0.02719259262084961
1.3840405941009521, 0.02731609344482422
1.3786671161651611, 0.027222871780395508
1.38075590133667, 0.027088165283203125
1.38820481300354, 0.02739405632019043
1.3916358947753906, 0.02720475196838379
1.3868460655212402, 0.027408361434936523
1.3938599824905396, 0.02694416046142578
1.39573073387146, 0.027181625366210938
1.3858518600463867, 0.02792978286743164
1.3865735530853271, 0.028144121170043945
1.3821121454238892, 0.02735424041748047
1.372627854347229, 0.028078556060791016
1.3820198774337769, 0.028326749801635742
1.3804373741149902, 0.027702808380126953
1.391322135925293, 0.02806997299194336
1.388368844985962, 0.02756047248840332
1.3878350257873535, 0.0278317928314209
1.3847031593322754, 0.02765345573425293
1.3830784559249878, 0.027864933013916016
1.390058994293213, 0.027538061141967773
1.3798664808273315, 0.02764749526977539
1.382096767425537, 0.02791452407836914
1.3766789436340332, 0.02781820297241211
1.3765687942504883, 0.027498722076416016
1.3748316764831543, 0.027376413345336914
1.3930671215057373, 0.0275418758392334
1.3864240646362305, 0.027577638626098633
1.3845326900482178, 0.02761983871459961
1.384714961051941, 0.02734088897705078
1.3894016742706299, 0.02779078483581543
1.380092740058899, 0.027371883392333984
1.388343334197998, 0.027245044708251953
1.3948776721954346, 0.02731037139892578
1.388273000717163, 0.0273134708404541
1.3817436695098877, 0.027889013290405273
1.3852618932724, 0.027132511138916016
1.3809188604354858, 0.027103424072265625
1.3953808546066284, 0.027394771575927734
1.3861943483352661, 0.02721858024597168
1.3952528238296509, 0.027592182159423828
1.3889906406402588, 0.027211666107177734
1.391104817390442, 0.027088642120361328
1.3809983730316162, 0.027544736862182617
1.3807259798049927, 0.027334213256835938
1.3866723775863647, 0.027111053466796875
1.3953864574432373, 0.028015613555908203
1.3869036436080933, 0.027857303619384766
1.377920150756836, 0.028009891510009766
1.3769357204437256, 0.027858972549438477
1.3934497833251953, 0.027805328369140625
1.3913590908050537, 0.02812337875366211
1.3790568113327026, 0.027891874313354492
1.38693106174469, 0.02781057357788086
1.3893738985061646, 0.0276334285736084
1.377063274383545, 0.027624845504760742
1.388373613357544, 0.027756929397583008
1.3896484375, 0.027476072311401367
1.3873672485351562, 0.02762317657470703
1.385164499282837, 0.02780294418334961
1.3618998527526855, 0.02759385108947754
1.3835549354553223, 0.027698040008544922
1.3868125677108765, 0.027870893478393555
1.3867841958999634, 0.027681350708007812
1.3912419080734253, 0.02771306037902832
1.389787197113037, 0.02767777442932129
1.3973854780197144, 0.02806377410888672
1.3969045877456665, 0.02778029441833496
1.3770540952682495, 0.027366161346435547
1.3912755250930786, 0.027642250061035156
1.3771095275878906, 0.027305126190185547
1.3914942741394043, 0.027591705322265625
1.3933417797088623, 0.02744770050048828
1.3847540616989136, 0.02739739418029785
1.392394781112671, 0.027570247650146484
1.3854758739471436, 0.027280330657958984
1.385118007659912, 0.02704644203186035
1.3874375820159912, 0.027263641357421875
1.3780797719955444, 0.027126312255859375
1.3822457790374756, 0.027179479598999023
1.3936187028884888, 0.027400970458984375
1.3795808553695679, 0.026844501495361328
1.3922476768493652, 0.027268648147583008
1.3805968761444092, 0.027203083038330078
1.3848215341567993, 0.027198314666748047
1.3868838548660278, 0.02764105796813965
1.3716623783111572, 0.02736377716064453
1.3809645175933838, 0.027243614196777344
1.387148141860962, 0.027533292770385742
1.3796498775482178, 0.027206897735595703
1.3930089473724365, 0.02762579917907715
1.388588547706604, 0.026719093322753906
1.3857300281524658, 0.02722764015197754
1.3758373260498047, 0.027291059494018555
1.371966004371643, 0.027235746383666992
1.4000362157821655, 0.02704477310180664
1.3929712772369385, 0.02731156349182129
1.3951034545898438, 0.02713465690612793
1.3841911554336548, 0.027808427810668945
1.3915150165557861, 0.027971982955932617
1.392047643661499, 0.028065919876098633
1.3909260034561157, 0.028153181076049805
1.3918821811676025, 0.02794051170349121
1.3789446353912354, 0.028047800064086914
1.3938411474227905, 0.028071165084838867
1.386261224746704, 0.027675628662109375
1.398148536682129, 0.027876853942871094
1.3866095542907715, 0.027785778045654297
1.3905534744262695, 0.028046846389770508
1.3839058876037598, 0.027708053588867188
1.3844685554504395, 0.02759575843811035
1.3894693851470947, 0.02787470817565918
1.4026999473571777, 0.0275576114654541
1.3897314071655273, 0.027460575103759766
1.3925845623016357, 0.027713537216186523
1.3929030895233154, 0.027635812759399414
1.3788270950317383, 0.02758622169494629
1.391608715057373, 0.02745652198791504
1.3875274658203125, 0.027415037155151367
1.3828489780426025, 0.027550220489501953
1.3960617780685425, 0.027666330337524414
1.3788681030273438, 0.027587413787841797
1.3804962635040283, 0.027817487716674805
1.3785789012908936, 0.02698969841003418
1.3748397827148438, 0.02765631675720215
1.3886363506317139, 0.027518510818481445
1.3869798183441162, 0.027359724044799805
1.3854767084121704, 0.027795076370239258
1.390026569366455, 0.027528762817382812
1.385419487953186, 0.02724146842956543
1.3878339529037476, 0.027301549911499023
1.3890252113342285, 0.027155399322509766
1.3813815116882324, 0.027500391006469727
1.394519329071045, 0.027263164520263672
1.3975775241851807, 0.02700209617614746
1.3849818706512451, 0.027713537216186523
1.3804734945297241, 0.027585268020629883
1.3777852058410645, 0.027806758880615234
1.3824588060379028, 0.027358293533325195
1.3878756761550903, 0.027764081954956055
1.3761727809906006, 0.027981281280517578
1.3849760293960571, 0.027710914611816406
1.3911356925964355, 0.027733802795410156
1.3813741207122803, 0.027608394622802734
1.3795965909957886, 0.027589797973632812
1.382135033607483, 0.0278470516204834
1.3867011070251465, 0.02760601043701172
1.3836839199066162, 0.02755117416381836
1.3820042610168457, 0.027749061584472656
1.393434762954712, 0.02726125717163086
1.3935909271240234, 0.02759552001953125
1.3814373016357422, 0.02735757827758789
1.3806496858596802, 0.027429580688476562
1.3871185779571533, 0.027684450149536133
1.38608717918396, 0.027472257614135742
1.3832614421844482, 0.027499675750732422
1.3852043151855469, 0.027570247650146484
1.3868563175201416, 0.027448415756225586
1.3795199394226074, 0.02755594253540039
1.3857611417770386, 0.02716207504272461
1.3907899856567383, 0.027335405349731445
1.387122392654419, 0.027416229248046875
1.3888907432556152, 0.027187824249267578
1.393898844718933, 0.027315855026245117
1.3932358026504517, 0.027085304260253906
1.3827393054962158, 0.027111053466796875
1.3913657665252686, 0.02719712257385254
1.386915683746338, 0.026951074600219727
1.3891265392303467, 0.02713489532470703
1.3912608623504639, 0.027520418167114258
1.3920526504516602, 0.027268648147583008
1.3940092325210571, 0.027465105056762695
1.3762506246566772, 0.028197050094604492
1.3892176151275635, 0.02800464630126953
1.3902158737182617, 0.02785325050354004
1.383406400680542, 0.027755022048950195
1.3810975551605225, 0.027979612350463867
1.3899271488189697, 0.027831077575683594
1.3866069316864014, 0.027887821197509766
1.384170413017273, 0.027808189392089844
1.3946431875228882, 0.027831315994262695
1.3867478370666504, 0.027612924575805664
1.3938193321228027, 0.02770686149597168
1.3727953433990479, 0.027428627014160156
1.3899389505386353, 0.027717113494873047
1.3774254322052002, 0.02770829200744629
1.3881096839904785, 0.027563810348510742
1.385932207107544, 0.027888059616088867
1.3950145244598389, 0.027273893356323242
1.3745665550231934, 0.027612686157226562
1.3851916790008545, 0.02778339385986328
1.3827733993530273, 0.027601003646850586
1.3771429061889648, 0.0277559757232666
1.386678695678711, 0.02749466896057129
1.3959956169128418, 0.02723407745361328
1.3708837032318115, 0.027436256408691406
1.3923265933990479, 0.027316808700561523
1.386934757232666, 0.02735114097595215
1.3809748888015747, 0.02745676040649414
1.3913438320159912, 0.02702784538269043
1.3961700201034546, 0.027253389358520508
1.391235589981079, 0.027372360229492188
1.3909263610839844, 0.02719879150390625
1.3905037641525269, 0.02741408348083496
1.3822485208511353, 0.027237415313720703
1.3928961753845215, 0.027338504791259766
1.3857088088989258, 0.02730250358581543
1.3961727619171143, 0.027381181716918945
1.3953989744186401, 0.027419090270996094
1.3771312236785889, 0.0273587703704834
1.3955979347229004, 0.02721381187438965
1.3726246356964111, 0.027425050735473633
1.3783049583435059, 0.027226686477661133
1.4009239673614502, 0.02732396125793457
1.397454023361206, 0.027394533157348633
1.400861144065857, 0.027337074279785156
1.3857066631317139, 0.027428627014160156
1.3863799571990967, 0.02737116813659668
1.3867673873901367, 0.027631521224975586
1.3895968198776245, 0.027524948120117188
1.390725016593933, 0.027350425720214844
1.3893777132034302, 0.027297019958496094
1.3890891075134277, 0.027319669723510742
1.3833335638046265, 0.02740764617919922
1.3873999118804932, 0.028191089630126953
1.385906457901001, 0.027820825576782227
1.388771891593933, 0.027874469757080078
1.3943854570388794, 0.02805042266845703
1.3820369243621826, 0.027827739715576172
1.3835813999176025, 0.02791428565979004
1.384251594543457, 0.027788639068603516
1.4027619361877441, 0.02782583236694336
1.3858823776245117, 0.027581453323364258
1.395125150680542, 0.027386903762817383
1.3791484832763672, 0.02790355682373047
1.3936028480529785, 0.027413129806518555
1.39402174949646, 0.02752375602722168
1.3896719217300415, 0.027796506881713867
1.3877942562103271, 0.027626991271972656
1.3856887817382812, 0.02766728401184082
1.39070725440979, 0.027644634246826172
1.3878806829452515, 0.027528047561645508
1.379210114479065, 0.02787184715270996
1.3836424350738525, 0.027703285217285156
1.3810005187988281, 0.02761530876159668
1.3874857425689697, 0.02775740623474121
1.4007539749145508, 0.02776789665222168
1.3798284530639648, 0.027924537658691406
1.3891127109527588, 0.02772831916809082
1.3812757730484009, 0.02766585350036621
1.3877638578414917, 0.027906179428100586
1.3852312564849854, 0.02764296531677246
1.3721342086791992, 0.02771306037902832
1.382178544998169, 0.027557849884033203
1.3994495868682861, 0.02809429168701172
1.3943347930908203, 0.026939868927001953
1.3962252140045166, 0.02742767333984375
1.374971866607666, 0.027381420135498047
1.3746178150177002, 0.027449607849121094
1.3916616439819336, 0.02736067771911621
1.3880679607391357, 0.02764415740966797
1.3785896301269531, 0.027372360229492188
1.3830890655517578, 0.027451753616333008
1.4010801315307617, 0.02779698371887207
1.3865997791290283, 0.02729940414428711
1.3864595890045166, 0.027272701263427734
1.3906781673431396, 0.027359724044799805
1.3808344602584839, 0.027359485626220703
1.3756797313690186, 0.02758312225341797
1.3750603199005127, 0.02723097801208496
1.3974602222442627, 0.02715277671813965
1.38119637966156, 0.027329683303833008
1.3911081552505493, 0.027153968811035156
1.375980019569397, 0.027091026306152344
1.3897055387496948, 0.027255773544311523
1.387012004852295, 0.02732396125793457
1.375317931175232, 0.02792644500732422
1.3829238414764404, 0.02776193618774414
1.3799476623535156, 0.02782464027404785
1.3953123092651367, 0.02806687355041504
1.3889557123184204, 0.02811431884765625
1.3850452899932861, 0.027706623077392578
1.3793151378631592, 0.027990102767944336
1.389197826385498, 0.02771759033203125
1.3853507041931152, 0.02806878089904785
1.3823254108428955, 0.027605772018432617
1.3915019035339355, 0.028071880340576172
1.384412169456482, 0.02732229232788086
1.3929699659347534, 0.0274808406829834
1.379280924797058, 0.02794361114501953
1.383962631225586, 0.02771925926208496
1.3904716968536377, 0.0276486873626709
1.3724790811538696, 0.027826547622680664
1.3952280282974243, 0.02696514129638672
1.3950691223144531, 0.02754664421081543
1.388498306274414, 0.027356386184692383
1.3840914964675903, 0.027528047561645508
1.3861981630325317, 0.02764582633972168
1.3746532201766968, 0.027445077896118164
1.398207187652588, 0.028009653091430664
1.3865070343017578, 0.027465105056762695
1.3882646560668945, 0.026836395263671875
1.3751389980316162, 0.027799606323242188
1.375190019607544, 0.027771711349487305
1.3860061168670654, 0.027273178100585938
1.3754565715789795, 0.027610063552856445
1.3986382484436035, 0.027533769607543945
1.3870331048965454, 0.027677059173583984
1.3907756805419922, 0.02767634391784668
1.3874330520629883, 0.027509450912475586
1.3771272897720337, 0.027577877044677734
1.3875983953475952, 0.0274202823638916
1.3733363151550293, 0.027834177017211914
1.3871991634368896, 0.027455806732177734
1.3753572702407837, 0.027568578720092773
1.3816026449203491, 0.02797865867614746
1.3880486488342285, 0.0275571346282959
1.3899744749069214, 0.02754664421081543
1.377824306488037, 0.027591228485107422
1.383171796798706, 0.027518749237060547
1.376408576965332, 0.027736902236938477
1.386148452758789, 0.027480363845825195
1.3866022825241089, 0.0272979736328125
1.384218454360962, 0.02767038345336914
1.3871649503707886, 0.02744293212890625
1.378619909286499, 0.02758502960205078
1.3853154182434082, 0.027494430541992188
1.388218641281128, 0.027917861938476562
1.3798847198486328, 0.027483224868774414
1.3879859447479248, 0.02734541893005371
1.397995114326477, 0.02730703353881836
1.381242275238037, 0.027748584747314453
1.3886624574661255, 0.027533292770385742
1.3880302906036377, 0.027878999710083008
1.385964274406433, 0.027236461639404297
1.3894078731536865, 0.02789306640625
1.3728547096252441, 0.027314424514770508
1.3772227764129639, 0.027606964111328125
1.3971627950668335, 0.027626991271972656
1.3741812705993652, 0.027375459671020508
1.3696718215942383, 0.02750873565673828
1.3847441673278809, 0.027655601501464844
1.3966981172561646, 0.027408361434936523
1.3850195407867432, 0.027312040328979492
1.3808317184448242, 0.027408123016357422
1.3834046125411987, 0.02730417251586914
1.3929542303085327, 0.027400493621826172
1.3852027654647827, 0.027294397354125977
1.3852028846740723, 0.02739572525024414
1.394338846206665, 0.027543067932128906
1.3863297700881958, 0.027166366577148438
1.3878333568572998, 0.02730846405029297
1.382764220237732, 0.027372360229492188
1.3974037170410156, 0.0271756649017334
1.3908014297485352, 0.02738046646118164
1.3803085088729858, 0.027701139450073242
1.3796334266662598, 0.027395009994506836
1.3981654644012451, 0.027344703674316406
1.3876543045043945, 0.02756524085998535
1.3994096517562866, 0.026389122009277344
1.3833835124969482, 0.027553081512451172
1.3807263374328613, 0.02724313735961914
1.3705251216888428, 0.027495145797729492
1.3829972743988037, 0.02731919288635254
1.3878207206726074, 0.02756214141845703
1.4005920886993408, 0.027486801147460938
1.382623314857483, 0.027432918548583984
1.3851228952407837, 0.027306318283081055
1.3871772289276123, 0.027300357818603516
1.386124610900879, 0.027738094329833984
1.388744592666626, 0.026885271072387695
1.3897148370742798, 0.027344465255737305
1.3889100551605225, 0.027411222457885742
1.3936694860458374, 0.027550935745239258
1.3729920387268066, 0.027299165725708008
1.3807761669158936, 0.02732682228088379
1.3825304508209229, 0.027379274368286133
1.392067790031433, 0.02722644805908203
1.3832783699035645, 0.02769017219543457
1.3877613544464111, 0.027272701263427734
1.3880727291107178, 0.027170896530151367
1.386204719543457, 0.027489662170410156
1.38962984085083, 0.02740645408630371
1.3734114170074463, 0.02743840217590332
1.3819990158081055, 0.0273745059967041
1.3884221315383911, 0.027255535125732422
1.388744831085205, 0.027439594268798828
1.396061658859253, 0.027358293533325195
1.3820863962173462, 0.027271747589111328
1.3857958316802979, 0.027748584747314453
1.3896852731704712, 0.02734994888305664
1.3765860795974731, 0.027461528778076172
1.3817576169967651, 0.02753448486328125
1.3869750499725342, 0.02736210823059082
1.3860080242156982, 0.027404069900512695
1.3892216682434082, 0.027319669723510742
1.3850430250167847, 0.027330875396728516
1.378795862197876, 0.027245283126831055
1.3847969770431519, 0.02707195281982422
1.3815550804138184, 0.02724289894104004
1.3784070014953613, 0.02760910987854004
1.3688088655471802, 0.027722597122192383
1.3896636962890625, 0.027833938598632812
1.3960363864898682, 0.02804112434387207
1.388594388961792, 0.027968883514404297
1.390893578529358, 0.027989625930786133
1.3941328525543213, 0.02785944938659668
1.3783671855926514, 0.028035402297973633
1.3904935121536255, 0.027957916259765625
1.3822855949401855, 0.02768087387084961
1.3895564079284668, 0.027777433395385742
1.3979876041412354, 0.027879953384399414
1.3855501413345337, 0.027524471282958984
1.3898751735687256, 0.027646303176879883
1.395357370376587, 0.027597427368164062
1.387505054473877, 0.027846574783325195
1.3933706283569336, 0.02744770050048828
1.372173547744751, 0.02751612663269043
1.391266107559204, 0.02765822410583496
1.3767740726470947, 0.027383804321289062
1.385859489440918, 0.027431011199951172
1.3946990966796875, 0.027353525161743164
1.3754422664642334, 0.027616024017333984
1.3908272981643677, 0.027441978454589844
1.3962326049804688, 0.027430295944213867
1.3843218088150024, 0.02754068374633789
1.3826321363449097, 0.027508974075317383
1.3770681619644165, 0.02742147445678711
1.3947709798812866, 0.027678251266479492
1.3792781829833984, 0.02736520767211914
1.3904647827148438, 0.027749300003051758
1.3910514116287231, 0.027573823928833008
1.3800528049468994, 0.027379274368286133
1.3779594898223877, 0.027178049087524414
1.392024278640747, 0.027196884155273438
1.3831909894943237, 0.0274507999420166
1.3966381549835205, 0.027590274810791016
1.3860390186309814, 0.027340412139892578
1.384629726409912, 0.02709221839904785
1.3837149143218994, 0.02745342254638672
1.3857934474945068, 0.02754950523376465
1.3821969032287598, 0.02781081199645996
1.3741904497146606, 0.027313232421875
1.3844029903411865, 0.027915477752685547
1.3857040405273438, 0.02764892578125
1.386020541191101, 0.027439355850219727
1.4044184684753418, 0.027487993240356445
1.3858565092086792, 0.027920961380004883
1.393592119216919, 0.027386188507080078
1.383311152458191, 0.027738332748413086
1.395558476448059, 0.027572154998779297
1.3805452585220337, 0.027504444122314453
1.386228084564209, 0.02761244773864746
1.3787181377410889, 0.027596712112426758
1.3767509460449219, 0.02818441390991211
1.3720741271972656, 0.028382062911987305
1.3822195529937744, 0.02824234962463379
1.391663908958435, 0.028308868408203125
1.386825680732727, 0.028317689895629883
1.3781678676605225, 0.028582096099853516
1.3901878595352173, 0.0282437801361084
1.387500524520874, 0.027855396270751953
1.3870561122894287, 0.028063535690307617
1.3826638460159302, 0.028184890747070312
1.3958998918533325, 0.028280019760131836
1.380836009979248, 0.027972936630249023
1.4040309190750122, 0.02794170379638672
1.4001686573028564, 0.028139591217041016
1.3901818990707397, 0.02800154685974121
1.392286777496338, 0.02793288230895996
1.3970543146133423, 0.02776813507080078
1.383124828338623, 0.02771139144897461
1.3896937370300293, 0.027843952178955078
1.388845682144165, 0.02791762351989746
1.384752869606018, 0.027866840362548828
1.387425422668457, 0.027585268020629883
1.3959786891937256, 0.02755141258239746
1.3913217782974243, 0.02750396728515625
1.3930639028549194, 0.027324676513671875
1.3941686153411865, 0.02764749526977539
1.3870060443878174, 0.027398347854614258
1.3807861804962158, 0.027833223342895508
1.3835630416870117, 0.027356863021850586
1.3879921436309814, 0.02736496925354004
1.3830227851867676, 0.027730703353881836
1.3804305791854858, 0.027438879013061523
1.3931961059570312, 0.027592897415161133
1.3836090564727783, 0.027245283126831055
1.3875681161880493, 0.027669429779052734
1.3901828527450562, 0.027337312698364258
1.3860223293304443, 0.02712726593017578
1.3777410984039307, 0.027323246002197266
1.3874118328094482, 0.027348756790161133
1.3837800025939941, 0.027166128158569336
1.3835985660552979, 0.02747178077697754
1.3851044178009033, 0.0273439884185791
1.3880155086517334, 0.02763962745666504
1.3950393199920654, 0.02696371078491211
1.3861746788024902, 0.027382612228393555
1.3873883485794067, 0.027143001556396484
1.3820090293884277, 0.02743387222290039
1.3826258182525635, 0.027279376983642578
1.3924498558044434, 0.027327537536621094
1.385762333869934, 0.02747941017150879
1.3859341144561768, 0.027374744415283203
1.387406349182129, 0.027445077896118164
1.392103910446167, 0.02750873565673828
1.3853100538253784, 0.027222156524658203
1.3866467475891113, 0.026960372924804688
1.3873014450073242, 0.027456045150756836
1.3928135633468628, 0.027423620223999023
1.391719102859497, 0.027098417282104492
1.3956103324890137, 0.027227163314819336
1.3871101140975952, 0.02808094024658203
1.3937289714813232, 0.02812480926513672
1.3891432285308838, 0.0274808406829834
1.3798367977142334, 0.028132915496826172
1.3831350803375244, 0.027666330337524414
1.3801264762878418, 0.027864694595336914
1.3866366147994995, 0.02778172492980957
1.38429594039917, 0.027723312377929688
1.3964561223983765, 0.02779531478881836
1.3913016319274902, 0.027617692947387695
1.382310390472412, 0.027910470962524414
1.4069663286209106, 0.0278933048248291
1.3890206813812256, 0.027788877487182617
1.391955852508545, 0.027883052825927734
1.3865580558776855, 0.027697324752807617
1.3935894966125488, 0.027705907821655273
1.3932955265045166, 0.027576208114624023
1.381837248802185, 0.027465343475341797
1.3805937767028809, 0.02755427360534668
1.400073766708374, 0.02759718894958496
1.393268346786499, 0.027538776397705078
1.3824020624160767, 0.027848482131958008
1.3829803466796875, 0.0273740291595459
1.3868367671966553, 0.027665138244628906
1.3850215673446655, 0.028089046478271484
1.3889524936676025, 0.027103900909423828
1.3900082111358643, 0.02777838706970215
1.3883883953094482, 0.027644872665405273
1.3872621059417725, 0.027734994888305664
1.3833632469177246, 0.02758312225341797
1.4024207592010498, 0.027321338653564453
1.3927773237228394, 0.02741384506225586
1.3806259632110596, 0.027533531188964844
1.3962016105651855, 0.02736806869506836
1.3878592252731323, 0.027231693267822266
1.3924951553344727, 0.0272676944732666
1.3809621334075928, 0.027277708053588867
1.3989183902740479, 0.02742934226989746
1.3897267580032349, 0.02713155746459961
1.3883308172225952, 0.02732563018798828
1.3839318752288818, 0.02729511260986328
1.3989341259002686, 0.027156352996826172
1.388978362083435, 0.027463912963867188
1.3972523212432861, 0.02754521369934082
1.4009270668029785, 0.02737116813659668
1.381371021270752, 0.027658462524414062
1.3901904821395874, 0.027148723602294922
1.3795912265777588, 0.0274810791015625
1.3869349956512451, 0.027718067169189453
1.394673466682434, 0.027046918869018555
1.394149899482727, 0.027449846267700195
1.3850741386413574, 0.027349472045898438
1.385332703590393, 0.0274507999420166
1.3850622177124023, 0.02750706672668457
1.394402027130127, 0.027374267578125
1.3952839374542236, 0.0274198055267334
1.38206946849823, 0.027278900146484375
1.3871338367462158, 0.027278900146484375
1.386795163154602, 0.027446269989013672
1.3841122388839722, 0.027413606643676758
1.396543264389038, 0.027404069900512695
1.4003381729125977, 0.027637004852294922
1.3977149724960327, 0.027390480041503906
1.3882561922073364, 0.02756047248840332
1.3822071552276611, 0.027575016021728516
1.3979454040527344, 0.027517080307006836
1.3822311162948608, 0.027605772018432617
1.383420705795288, 0.02729320526123047
1.3855009078979492, 0.02747488021850586
1.3935490846633911, 0.02742934226989746
1.391808032989502, 0.027673721313476562
1.3880051374435425, 0.02759408950805664
1.3879413604736328, 0.027011871337890625
1.3847575187683105, 0.02786111831665039
1.3841261863708496, 0.027957439422607422
1.3802311420440674, 0.028012752532958984
1.3916467428207397, 0.028009414672851562
1.3920743465423584, 0.028152942657470703
1.3919717073440552, 0.02806544303894043
1.3894257545471191, 0.02819037437438965
1.386988639831543, 0.027965068817138672
1.3798613548278809, 0.027728557586669922
1.3841286897659302, 0.02764105796813965
1.3956749439239502, 0.02770686149597168
1.3793216943740845, 0.0067021846771240234
1.3917317390441895, 0.009506702423095703
1.3796337842941284, 0.004832029342651367
1.3937876224517822, 0.0187380313873291
1.3824563026428223, 0.02753734588623047
1.3982794284820557, 0.02744746208190918
1.3912490606307983, 0.027484893798828125
1.3965182304382324, 0.028033018112182617
1.381800889968872, 0.027409076690673828
1.3994710445404053, 0.02764296531677246
1.3959250450134277, 0.027384042739868164
1.3959863185882568, 0.02754688262939453
1.3736580610275269, 0.027714014053344727
1.3886291980743408, 0.02778172492980957
1.3683454990386963, 0.026925086975097656
1.3883830308914185, 0.027544736862182617
1.37618088722229, 0.027230024337768555
1.3751195669174194, 0.027652978897094727
1.3843004703521729, 0.02762603759765625
1.3941693305969238, 0.027915477752685547
1.3900123834609985, 0.02837657928466797
1.384427547454834, 0.02806568145751953
1.3895326852798462, 0.02919149398803711
1.3873335123062134, 0.027911901473999023
1.3822295665740967, 0.02800130844116211
1.3894909620285034, 0.028162002563476562
1.3915586471557617, 0.027716875076293945
1.3810102939605713, 0.028040170669555664
1.3899065256118774, 0.027563810348510742
1.3985276222229004, 0.02779364585876465
1.3788535594940186, 0.027840852737426758
1.3816790580749512, 0.02764892578125
1.3899827003479004, 0.02787327766418457
1.3916445970535278, 0.027675151824951172
1.3869073390960693, 0.027806758880615234
1.3799002170562744, 0.028238296508789062
1.381446123123169, 0.02730727195739746
1.3870097398757935, 0.027781963348388672
1.4056951999664307, 0.02814793586730957
1.3750717639923096, 0.027300357818603516
1.3919217586517334, 0.027785301208496094
1.3788340091705322, 0.02769756317138672
1.3944051265716553, 0.027788877487182617
1.3852653503417969, 0.027812957763671875
1.3825119733810425, 0.02778458595275879
1.3935496807098389, 0.027945756912231445
1.387800693511963, 0.027729034423828125
1.392655849456787, 0.0278470516204834
1.381589651107788, 0.027554035186767578
1.3813951015472412, 0.027613162994384766
1.3908401727676392, 0.027933120727539062
1.396392822265625, 0.02765035629272461
1.3886630535125732, 0.027614593505859375
1.3870904445648193, 0.027518272399902344
1.3923401832580566, 0.02753591537475586
1.371537208557129, 0.027643680572509766
1.399519920349121, 0.02748727798461914
1.3889427185058594, 0.02750372886657715
1.3811073303222656, 0.027661561965942383
1.3766200542449951, 0.027399301528930664
1.382500171661377, 0.02753591537475586
1.4006974697113037, 0.02770400047302246
1.381943941116333, 0.02732682228088379
1.397021770477295, 0.02774667739868164
1.3901076316833496, 0.027492761611938477
1.3831595182418823, 0.027631282806396484
1.3997430801391602, 0.027547121047973633
1.3800538778305054, 0.02740335464477539
1.3791590929031372, 0.027743101119995117
1.388068437576294, 0.02754688262939453
1.3876930475234985, 0.027740001678466797
1.3843209743499756, 0.027112722396850586
1.3899158239364624, 0.027442455291748047
1.3841688632965088, 0.02710413932800293
1.3991833925247192, 0.027210712432861328
1.382053017616272, 0.027150392532348633
1.385528802871704, 0.02739262580871582
1.376319169998169, 0.027365446090698242
1.394359827041626, 0.027810096740722656
1.395120620727539, 0.028328418731689453
1.3825559616088867, 0.028066396713256836
1.3865230083465576, 0.028017282485961914
1.3992713689804077, 0.02791285514831543
1.3817546367645264, 0.0281679630279541
1.3953568935394287, 0.028231382369995117
1.3836121559143066, 0.027578353881835938
1.3822686672210693, 0.02777695655822754
1.371167540550232, 0.027700185775756836
1.379333257675171, 0.02761387825012207
1.3994762897491455, 0.0276339054107666
1.3863558769226074, 0.02759718894958496
1.3879821300506592, 0.027866840362548828
1.3712129592895508, 0.027508020401000977
1.388757348060608, 0.027275800704956055
1.3867862224578857, 0.027537107467651367
1.3793599605560303, 0.028076171875
1.3928310871124268, 0.02760791778564453
1.3782752752304077, 0.027663230895996094
1.3887720108032227, 0.027677059173583984
1.382002830505371, 0.02772998809814453
1.3832414150238037, 0.027815580368041992
1.3825805187225342, 0.02737736701965332
1.3967665433883667, 0.02769613265991211
1.3833259344100952, 0.027569293975830078
1.3780121803283691, 0.027870655059814453
1.3836603164672852, 0.0276491641998291
1.3931667804718018, 0.027690410614013672
1.3858516216278076, 0.027632951736450195
1.390792727470398, 0.027595996856689453
1.3840625286102295, 0.027454137802124023
1.391061782836914, 0.027415037155151367
1.386812686920166, 0.027399301528930664
1.3857887983322144, 0.02733135223388672
1.3865923881530762, 0.02746295928955078
1.3786864280700684, 0.027860641479492188
1.379386067390442, 0.027822494506835938
1.3908865451812744, 0.028037071228027344
1.39178466796875, 0.028060436248779297
1.3843505382537842, 0.027773380279541016
1.4013104438781738, 0.02798938751220703
1.3856217861175537, 0.028206586837768555
1.389758586883545, 0.027719497680664062
1.3897298574447632, 0.027799606323242188
1.3823823928833008, 0.027731895446777344
1.3823559284210205, 0.027538061141967773
1.3978930711746216, 0.027744293212890625
1.3907421827316284, 0.02756357192993164
1.3906265497207642, 0.027662038803100586
1.3979742527008057, 0.027544736862182617
1.38753342628479, 0.027325868606567383
1.3856223821640015, 0.027620553970336914
1.389122486114502, 0.027934551239013672
1.3920819759368896, 0.02771782875061035
1.384937047958374, 0.02755880355834961
1.3894920349121094, 0.0275723934173584
1.4051851034164429, 0.027787446975708008
1.368962049484253, 0.02763676643371582
1.383063554763794, 0.02757096290588379
1.3741878271102905, 0.0278322696685791
1.39595627784729, 0.02739095687866211
1.403110146522522, 0.027750492095947266
1.391833782196045, 0.027789592742919922
1.3710318803787231, 0.02733302116394043
1.3844125270843506, 0.02768254280090332
1.384217381477356, 0.027606964111328125
1.3812413215637207, 0.027659177780151367
1.383602261543274, 0.02741408348083496
1.3831363916397095, 0.027371644973754883
1.3863179683685303, 0.02767038345336914
1.392669439315796, 0.027444839477539062
1.384761095046997, 0.027315855026245117
1.386796474456787, 0.027643680572509766
1.3879711627960205, 0.027330636978149414
1.3800082206726074, 0.027629613876342773
1.3897852897644043, 0.027380704879760742
1.391210913658142, 0.02741837501525879
1.3838608264923096, 0.027576684951782227
1.3814122676849365, 0.02738213539123535
1.3776071071624756, 0.02720165252685547
1.391607403755188, 0.027218341827392578
1.3792555332183838, 0.027265548706054688
1.3802934885025024, 0.027607202529907227
1.388286828994751, 0.027368545532226562
1.3943512439727783, 0.027454614639282227
1.3867965936660767, 0.027634859085083008
1.3915472030639648, 0.02733159065246582
1.3885219097137451, 0.027376413345336914
1.3794100284576416, 0.028401851654052734
1.3934199810028076, 0.027758359909057617
1.3991237878799438, 0.027802467346191406
1.4001281261444092, 0.02770256996154785
1.3900552988052368, 0.027977705001831055
1.372783899307251, 0.027761220932006836
1.3837873935699463, 0.027777671813964844
1.3766841888427734, 0.02790522575378418
1.3815069198608398, 0.02786874771118164
1.3892930746078491, 0.027736902236938477
1.384167194366455, 0.02829265594482422
1.3972707986831665, 0.027235031127929688
1.396087646484375, 0.0278627872467041
1.3847407102584839, 0.027797460556030273
1.3796708583831787, 0.027796506881713867
1.3905718326568604, 0.027611494064331055
1.3896615505218506, 0.027385234832763672
1.3952561616897583, 0.027492761611938477
1.3897254467010498, 0.02781224250793457
1.3874902725219727, 0.027350187301635742
1.3828606605529785, 0.02789163589477539
1.3873096704483032, 0.02752971649169922
1.391087532043457, 0.02765345573425293
1.3870339393615723, 0.027605533599853516
1.3699982166290283, 0.027430295944213867
1.3873291015625, 0.027700424194335938
1.3950562477111816, 0.027564048767089844
1.3811018466949463, 0.02736067771911621
1.3772834539413452, 0.027493000030517578
1.3824312686920166, 0.027420997619628906
1.3922529220581055, 0.027671098709106445
1.3816194534301758, 0.027577877044677734
1.3778855800628662, 0.027412891387939453
1.3942832946777344, 0.027730226516723633
1.38875412940979, 0.027496814727783203
1.3844971656799316, 0.027513742446899414
1.378030776977539, 0.027513504028320312
1.3837735652923584, 0.027704715728759766
1.3915643692016602, 0.027329444885253906
1.393907070159912, 0.027332782745361328
1.378217101097107, 0.027286529541015625
1.3730101585388184, 0.02750992774963379
1.389452576637268, 0.02736520767211914
1.3890937566757202, 0.027427196502685547
1.3924263715744019, 0.027762174606323242
1.3859937191009521, 0.027545452117919922
1.3850066661834717, 0.02764153480529785
1.3818235397338867, 0.027558088302612305
1.382092833518982, 0.027424097061157227
1.381235957145691, 0.028131484985351562
1.3883799314498901, 0.027582645416259766
1.3813107013702393, 0.027360200881958008
1.38749098777771, 0.027308940887451172
1.388845443725586, 0.02729964256286621
1.3916263580322266, 0.02756667137145996
1.393509030342102, 0.02747488021850586
1.3835904598236084, 0.027204513549804688
1.3803136348724365, 0.027232646942138672
1.3900973796844482, 0.02751779556274414
1.392410397529602, 0.027901172637939453
1.3836660385131836, 0.028249263763427734
1.3674694299697876, 0.027212858200073242
1.394357681274414, 0.028060197830200195
1.3925518989562988, 0.0278017520904541
1.3907532691955566, 0.027888059616088867
1.3715789318084717, 0.027943134307861328
1.3877880573272705, 0.027911901473999023
1.3857300281524658, 0.028029441833496094
1.3842341899871826, 0.02787184715270996
1.3909364938735962, 0.028211116790771484
1.3897089958190918, 0.0275423526763916
1.3816508054733276, 0.027735471725463867
1.3849737644195557, 0.028057336807250977
1.3840417861938477, 0.0281982421875
1.3856370449066162, 0.02772378921508789
1.4010716676712036, 0.02755427360534668
1.3945958614349365, 0.027492284774780273
1.3919570446014404, 0.027787446975708008
1.3916757106781006, 0.027651071548461914
1.3796073198318481, 0.027645111083984375
1.3895342350006104, 0.027620553970336914
1.3908216953277588, 0.02754974365234375
1.3840172290802002, 0.0277707576751709
1.3915033340454102, 0.02741408348083496
1.3910655975341797, 0.027760982513427734
1.3834574222564697, 0.02777862548828125
1.3916493654251099, 0.027632713317871094
1.3820679187774658, 0.027659893035888672
1.3932371139526367, 0.027764558792114258
1.3914504051208496, 0.02750229835510254
1.3821927309036255, 0.027608156204223633
1.388790488243103, 0.02752065658569336
1.3869235515594482, 0.027673959732055664
1.3823087215423584, 0.027622461318969727
1.3992825746536255, 0.027506589889526367
1.3912471532821655, 0.027912139892578125
1.3902604579925537, 0.027684688568115234
1.3818994760513306, 0.027670621871948242
1.3960082530975342, 0.0281369686126709
1.3897266387939453, 0.026946067810058594
1.3957533836364746, 0.02764439582824707
1.3869179487228394, 0.027619600296020508
1.3838237524032593, 0.027838706970214844
1.3919223546981812, 0.02825307846069336
1.3868454694747925, 0.028089284896850586
1.387961506843567, 0.028331756591796875
1.3810802698135376, 0.02814340591430664
1.3925447463989258, 0.028042316436767578
1.3856068849563599, 0.028277158737182617
1.3852791786193848, 0.028151273727416992
1.3762826919555664, 0.028605937957763672
1.4011008739471436, 0.027850866317749023
1.3976984024047852, 0.027883052825927734
1.3782777786254883, 0.0280458927154541
1.390025019645691, 0.027796030044555664
1.388737440109253, 0.028041362762451172
1.3826878070831299, 0.028092622756958008
1.398287296295166, 0.027652740478515625
1.391339898109436, 0.027473926544189453
1.3814133405685425, 0.02749943733215332
1.3999154567718506, 0.02787470817565918
1.380467176437378, 0.028064966201782227
1.3804335594177246, 0.02730703353881836
1.3842520713806152, 0.027643918991088867
1.3880672454833984, 0.027616262435913086
1.3811073303222656, 0.02769184112548828
1.37815523147583, 0.027597427368164062
1.37965989112854, 0.02765369415283203
1.3838571310043335, 0.027947664260864258
1.392451524734497, 0.027727127075195312
1.3803837299346924, 0.0280303955078125
1.398092269897461, 0.027455568313598633
1.378551721572876, 0.027494430541992188
1.3876335620880127, 0.027338743209838867
1.3869787454605103, 0.027874469757080078
1.3935250043869019, 0.027372121810913086
1.3809072971343994, 0.027367830276489258
1.3702647686004639, 0.027643203735351562
1.3885793685913086, 0.027335166931152344
1.3996646404266357, 0.02734971046447754
1.377990961074829, 0.027416467666625977
1.3846698999404907, 0.02763223648071289
1.3805735111236572, 0.027439355850219727
1.384202480316162, 0.027277708053588867
1.3815979957580566, 0.02755117416381836
1.386358380317688, 0.0271456241607666
1.3899413347244263, 0.028079748153686523
1.3849166631698608, 0.027242660522460938
1.3918988704681396, 0.027507305145263672
1.3875802755355835, 0.027512073516845703
1.38490891456604, 0.027469635009765625
1.3845021724700928, 0.02755904197692871
1.399048089981079, 0.027521371841430664
1.3925175666809082, 0.02789616584777832
1.3840172290802002, 0.027208805084228516
1.3889433145523071, 0.02742767333984375
1.383177399635315, 0.027140378952026367
1.387044906616211, 0.027405977249145508
1.3800642490386963, 0.027416467666625977
1.3897066116333008, 0.027522563934326172
1.3873833417892456, 0.027591943740844727
1.3847813606262207, 0.027782440185546875
1.3775749206542969, 0.028036832809448242
1.3756544589996338, 0.027828216552734375
1.385841727256775, 0.028154850006103516
1.385141134262085, 0.028252124786376953
1.390486717224121, 0.027424335479736328
1.3892312049865723, 0.02805948257446289
1.3864797353744507, 0.027924060821533203
1.3874030113220215, 0.027882099151611328
1.383937954902649, 0.02776169776916504
1.3765599727630615, 0.027165889739990234
1.3925765752792358, 0.027321577072143555
1.3917977809906006, 0.02765035629272461
1.3798975944519043, 0.027854442596435547
1.393522024154663, 0.027770042419433594
1.3781697750091553, 0.027524471282958984
1.3885657787322998, 0.02753281593322754
1.390480637550354, 0.027514219284057617
1.3824812173843384, 0.02759838104248047
1.405771017074585, 0.027504920959472656
1.3837149143218994, 0.027590513229370117
1.3872928619384766, 0.02788066864013672
1.3765602111816406, 0.02747321128845215
1.3923498392105103, 0.027213573455810547
1.3837361335754395, 0.02754974365234375
1.3812352418899536, 0.027534961700439453
1.3972148895263672, 0.0274198055267334
1.3821866512298584, 0.02732110023498535
1.3825538158416748, 0.027276277542114258
1.384763479232788, 0.027612924575805664
1.3858716487884521, 0.027289152145385742
1.3826215267181396, 0.02722454071044922
1.382323980331421, 0.027524948120117188
1.3900599479675293, 0.02715611457824707
1.3785563707351685, 0.02720499038696289
1.3791742324829102, 0.027374982833862305
1.3912677764892578, 0.026821613311767578
1.3774373531341553, 0.027598142623901367
1.3729057312011719, 0.027707338333129883
1.385730504989624, 0.027266502380371094
1.3949851989746094, 0.027685165405273438
1.3972959518432617, 0.02743053436279297
1.371199607849121, 0.02762889862060547
1.3843324184417725, 0.027503252029418945
1.3892525434494019, 0.027530670166015625
1.3884514570236206, 0.027684926986694336
1.39306640625, 0.027464866638183594
1.3884894847869873, 0.027679443359375
1.3820631504058838, 0.02767324447631836
1.3978099822998047, 0.027379751205444336
1.3931927680969238, 0.027683734893798828
1.3879444599151611, 0.027500152587890625
1.3923946619033813, 0.027415037155151367
1.394210696220398, 0.027717113494873047
1.3816320896148682, 0.02761673927307129
1.3883638381958008, 0.027826786041259766
1.3941090106964111, 0.027651071548461914
1.3826197385787964, 0.027701616287231445
1.3900048732757568, 0.027987003326416016
1.3881251811981201, 0.02778482437133789
1.3893871307373047, 0.027634620666503906
1.3916133642196655, 0.027819395065307617
1.3824799060821533, 0.027756690979003906
1.3875727653503418, 0.027838706970214844
1.3988279104232788, 0.027313232421875
1.3984386920928955, 0.027745485305786133
1.3818235397338867, 0.027660608291625977
1.390247106552124, 0.027504920959472656
1.4006141424179077, 0.027611970901489258
1.3947354555130005, 0.027385473251342773
1.3850579261779785, 0.02758312225341797
1.387678861618042, 0.027539968490600586
1.382968783378601, 0.027270078659057617
1.3882814645767212, 0.027472496032714844
1.3887255191802979, 0.027328014373779297
1.38605797290802, 0.02739691734313965
1.393345594406128, 0.02778172492980957
1.3684945106506348, 0.027980566024780273
1.3886828422546387, 0.027820587158203125
1.3814914226531982, 0.027925491333007812
1.3829748630523682, 0.027881383895874023
1.390566349029541, 0.027970314025878906
1.3878912925720215, 0.028321504592895508
1.387476921081543, 0.026807546615600586
1.3815217018127441, 0.027680158615112305
1.3809208869934082, 0.027405500411987305
1.3901119232177734, 0.02784895896911621
1.3719630241394043, 0.027288198471069336
1.390393614768982, 0.027538061141967773
1.3878519535064697, 0.027800321578979492
1.3909289836883545, 0.027544021606445312
1.3913252353668213, 0.027988672256469727
1.3847920894622803, 0.027609586715698242
1.3801085948944092, 0.02751612663269043
1.3916170597076416, 0.028107166290283203
1.3914926052093506, 0.027413368225097656
1.3932137489318848, 0.02772235870361328
1.3929888010025024, 0.028165817260742188
1.3901249170303345, 0.028028488159179688
1.3870714902877808, 0.028393030166625977
1.3887721300125122, 0.027951717376708984
1.3870599269866943, 0.02793264389038086
1.3942950963974, 0.028036117553710938
1.3828978538513184, 0.02800154685974121
1.3813426494598389, 0.028337955474853516
1.3841710090637207, 0.027674436569213867
1.381550669670105, 0.027666330337524414
1.3855867385864258, 0.02759528160095215
1.3832883834838867, 0.027601242065429688
1.3870521783828735, 0.027859210968017578
1.3848077058792114, 0.027485132217407227
1.3836443424224854, 0.027887821197509766
1.3848254680633545, 0.027432918548583984
1.3819448947906494, 0.027276277542114258
1.3822628259658813, 0.027489423751831055
1.3922687768936157, 0.027375221252441406
1.3827747106552124, 0.027455806732177734
1.3844531774520874, 0.027783870697021484
1.3766202926635742, 0.027375459671020508
1.3816224336624146, 0.02746295928955078
1.3787002563476562, 0.02778315544128418
1.3932108879089355, 0.027372360229492188
1.3782448768615723, 0.027724742889404297
1.3882344961166382, 0.0276029109954834
1.398201584815979, 0.027664899826049805
1.3713492155075073, 0.02774667739868164
1.391055941581726, 0.027384042739868164
1.3873162269592285, 0.02744603157043457
1.3840898275375366, 0.02723073959350586
1.3878027200698853, 0.027233362197875977
1.385501742362976, 0.027310848236083984
1.3808598518371582, 0.02755141258239746
1.3844231367111206, 0.027191877365112305
1.3787368535995483, 0.027659893035888672
1.3897144794464111, 0.02713489532470703
1.3952572345733643, 0.027028560638427734
1.399824857711792, 0.027315139770507812
1.396694540977478, 0.027114391326904297
1.396700143814087, 0.027434110641479492
1.3907690048217773, 0.027243375778198242
1.388746976852417, 0.02725052833557129
1.3915598392486572, 0.02734684944152832
1.3889634609222412, 0.027204513549804688
1.3852009773254395, 0.027389049530029297
1.3793613910675049, 0.027597665786743164
1.3901469707489014, 0.02717757225036621
1.3882901668548584, 0.02717900276184082
1.3807934522628784, 0.027476787567138672
1.3842610120773315, 0.027278900146484375
1.3715476989746094, 0.028522253036499023
1.39536452293396, 0.028673171997070312
1.3833091259002686, 0.028275489807128906
1.3829777240753174, 0.028695344924926758
1.4002249240875244, 0.027878761291503906
1.381227970123291, 0.029071807861328125
1.3967814445495605, 0.028513193130493164
1.3826055526733398, 0.028228759765625
1.3876312971115112, 0.02802586555480957
1.390493392944336, 0.028148412704467773
1.3697168827056885, 0.027869224548339844
1.3980929851531982, 0.028774499893188477
1.3962819576263428, 0.02830672264099121
1.3862905502319336, 0.028540372848510742
1.390553593635559, 0.028990983963012695
1.3906116485595703, 0.028003692626953125
1.3849523067474365, 0.027290821075439453
1.3851637840270996, 0.028140783309936523
1.3974263668060303, 0.02782297134399414
1.392012119293213, 0.02805948257446289
1.3813533782958984, 0.02792835235595703
1.38313889503479, 0.028084516525268555
1.3824338912963867, 0.028492212295532227
1.3860418796539307, 0.027994871139526367
1.3863065242767334, 0.02799248695373535
1.3828792572021484, 0.027552366256713867
1.3954750299453735, 0.0277097225189209
1.3834309577941895, 0.027617692947387695
1.3835740089416504, 0.027582883834838867
1.3814657926559448, 0.027643442153930664
1.3768970966339111, 0.02744579315185547
1.3816502094268799, 0.027953386306762695
1.3659913539886475, 0.027170419692993164
1.3812108039855957, 0.027489900588989258
1.3769440650939941, 0.027800559997558594
1.3906347751617432, 0.02747654914855957
1.3824419975280762, 0.027524709701538086
1.3886454105377197, 0.027352571487426758
1.3832696676254272, 0.0283200740814209
1.3912549018859863, 0.026273727416992188
1.3913346529006958, 0.02757740020751953
1.3835043907165527, 0.027028322219848633
1.3784648180007935, 0.027350902557373047
1.394879937171936, 0.027705669403076172
1.394547939300537, 0.02791142463684082
1.3849549293518066, 0.028091907501220703
1.3884186744689941, 0.027962684631347656
1.3719605207443237, 0.02834177017211914
1.3893635272979736, 0.027826786041259766
1.3897981643676758, 0.027903079986572266
1.3973329067230225, 0.028025150299072266
1.3793363571166992, 0.028074979782104492
1.3894121646881104, 0.028159379959106445
1.3787020444869995, 0.02787494659423828
1.3770614862442017, 0.028324127197265625
1.3858251571655273, 0.028049707412719727
1.377641201019287, 0.028048276901245117
1.394056797027588, 0.0281982421875
1.37396240234375, 0.02781081199645996
1.3841636180877686, 0.027762174606323242
1.386338472366333, 0.027669906616210938
1.392221212387085, 0.02765369415283203
1.3801090717315674, 0.027860403060913086
1.3894612789154053, 0.027728557586669922
1.391798973083496, 0.027991771697998047
1.3746378421783447, 0.0272674560546875
1.395275592803955, 0.02753734588623047
1.3945252895355225, 0.027572154998779297
1.3995227813720703, 0.027413606643676758
1.3828850984573364, 0.027532100677490234
1.3900492191314697, 0.02787637710571289
1.3959600925445557, 0.027328014373779297
1.3920633792877197, 0.027531147003173828
1.3984379768371582, 0.02756190299987793
1.3904857635498047, 0.027562379837036133
1.3855013847351074, 0.027640104293823242
1.3789098262786865, 0.02729654312133789
1.3897984027862549, 0.0276181697845459
1.381485104560852, 0.027639150619506836
1.3996734619140625, 0.027349472045898438
1.3927373886108398, 0.027608394622802734
1.3970205783843994, 0.027413606643676758
1.3774032592773438, 0.027567386627197266
1.38153076171875, 0.027591228485107422
1.3742318153381348, 0.027435302734375
1.3918590545654297, 0.027415752410888672
1.3881006240844727, 0.027521133422851562
1.3762874603271484, 0.027677536010742188
1.394872784614563, 0.02829718589782715
1.388471245765686, 0.027968406677246094
1.3904929161071777, 0.02849292755126953
1.387182354927063, 0.028118133544921875
1.3823184967041016, 0.028131484985351562
1.3837306499481201, 0.028354644775390625
1.388238549232483, 0.027941226959228516
1.3743367195129395, 0.02793741226196289
1.3827255964279175, 0.027896404266357422
1.3842267990112305, 0.02782917022705078
1.3809313774108887, 0.027851581573486328
1.387880563735962, 0.027899503707885742
1.3991321325302124, 0.02797079086303711
1.3978850841522217, 0.02773737907409668
1.3749874830245972, 0.027816057205200195
1.3826416730880737, 0.027654170989990234
1.3802642822265625, 0.027367591857910156
1.3892464637756348, 0.027652740478515625
1.3827364444732666, 0.027814149856567383
1.3923650979995728, 0.0276641845703125
1.3909084796905518, 0.027657747268676758
1.3952066898345947, 0.02742171287536621
1.4031047821044922, 0.027766942977905273
1.3885328769683838, 0.027507305145263672
1.3913054466247559, 0.027428865432739258
1.3836913108825684, 0.027712345123291016
1.384690523147583, 0.027736663818359375
1.377399206161499, 0.0276033878326416
1.3914200067520142, 0.02755570411682129
1.3867228031158447, 0.027518510818481445
1.391369104385376, 0.02767181396484375
1.387291431427002, 0.027453184127807617
1.389195442199707, 0.02741837501525879
1.391998529434204, 0.0275423526763916
1.3794097900390625, 0.027534961700439453
1.3899155855178833, 0.027605533599853516
1.3822383880615234, 0.027736902236938477
1.3828234672546387, 0.027480602264404297
1.3897490501403809, 0.027657270431518555
1.3990931510925293, 0.027673959732055664
1.3809757232666016, 0.02765655517578125
1.3855254650115967, 0.027706623077392578
1.38969087600708, 0.027474403381347656
1.386443853378296, 0.027667760848999023
1.3834056854248047, 0.027767419815063477
1.3771486282348633, 0.027553558349609375
1.3835008144378662, 0.027788639068603516
1.3880058526992798, 0.02781367301940918
1.3796255588531494, 0.027738332748413086
1.386115312576294, 0.02794480323791504
1.393209457397461, 0.027371644973754883
1.3890163898468018, 0.027460336685180664
1.3884015083312988, 0.027323007583618164
1.3882503509521484, 0.027766942977905273
1.3884658813476562, 0.027380704879760742
1.3952040672302246, 0.0277101993560791
1.3923674821853638, 0.027526378631591797
1.387926697731018, 0.027271509170532227
1.3901399374008179, 0.027710914611816406
1.3929545879364014, 0.028278827667236328
1.3925952911376953, 0.02793097496032715
1.3897500038146973, 0.028063058853149414
1.3714895248413086, 0.028110027313232422
1.3831790685653687, 0.027892589569091797
1.3861314058303833, 0.0281217098236084
1.373939037322998, 0.027724266052246094
1.384082317352295, 0.027843952178955078
1.3891408443450928, 0.027640104293823242
1.3765466213226318, 0.02754664421081543
1.3860312700271606, 0.027640342712402344
1.3879919052124023, 0.027699947357177734
1.3879272937774658, 0.027818918228149414
1.3909859657287598, 0.027698516845703125
1.3839116096496582, 0.02758502960205078
1.3820104598999023, 0.02742934226989746
1.3834257125854492, 0.027555227279663086
1.3931090831756592, 0.02737569808959961
1.396270990371704, 0.027568578720092773
1.3916313648223877, 0.027361631393432617
1.3909286260604858, 0.027534961700439453
1.3810219764709473, 0.027994394302368164
1.3906543254852295, 0.02798318862915039
1.401471495628357, 0.028234243392944336
1.3764055967330933, 0.027986764907836914
1.3873294591903687, 0.028246402740478516
1.3830522298812866, 0.028045177459716797
1.394919514656067, 0.028372764587402344
1.4012264013290405, 0.028081417083740234
1.3805041313171387, 0.02776813507080078
1.3895769119262695, 0.027935028076171875
1.387026309967041, 0.02785181999206543
1.3858927488327026, 0.028106212615966797
1.3732337951660156, 0.02813863754272461
1.3780674934387207, 0.02756357192993164
1.3817429542541504, 0.027810096740722656
1.3849828243255615, 0.02782583236694336
1.3923313617706299, 0.027573823928833008
1.392662763595581, 0.027595043182373047
1.3799320459365845, 0.027566909790039062
1.380138874053955, 0.027567625045776367
1.3907701969146729, 0.0274505615234375
1.3894493579864502, 0.027551651000976562
1.3780491352081299, 0.02786421775817871
1.387014627456665, 0.027652740478515625
1.3823423385620117, 0.02732086181640625
1.384285807609558, 0.027594566345214844
1.3880712985992432, 0.02740955352783203
1.3899800777435303, 0.027602195739746094
1.383795976638794, 0.027746200561523438
1.390030026435852, 0.0274965763092041
1.3814163208007812, 0.027730464935302734
1.3819289207458496, 0.027491331100463867
1.4002904891967773, 0.027336835861206055
1.3762778043746948, 0.027556419372558594
1.3838508129119873, 0.02764272689819336
1.3802165985107422, 0.027638912200927734
1.387951135635376, 0.027291297912597656
1.3851659297943115, 0.027813434600830078
1.3891916275024414, 0.027677059173583984
1.3702499866485596, 0.027479887008666992
1.3708475828170776, 0.027925968170166016
1.387010097503662, 0.02773904800415039
1.3931413888931274, 0.02729630470275879
1.3937687873840332, 0.027682065963745117
1.38671875, 0.02771162986755371
1.3704452514648438, 0.02838134765625
1.3927586078643799, 0.028490543365478516
1.380738377571106, 0.02836132049560547
1.3939592838287354, 0.02856278419494629
1.3902643918991089, 0.028285741806030273
1.390685796737671, 0.028655290603637695
1.3834755420684814, 0.027913808822631836
1.391744613647461, 0.028080463409423828
1.3890371322631836, 0.028332233428955078
1.3874895572662354, 0.02771759033203125
1.3931248188018799, 0.02819061279296875
1.3883662223815918, 0.028441667556762695
1.379615306854248, 0.027834653854370117
1.387068748474121, 0.028092622756958008
1.3942464590072632, 0.027916908264160156
1.3877215385437012, 0.027975082397460938
1.3766465187072754, 0.028418779373168945
1.3746662139892578, 0.0272216796875
1.3821676969528198, 0.027703046798706055
1.3848166465759277, 0.027715682983398438
1.3840209245681763, 0.02788257598876953
1.389536738395691, 0.027695655822753906
1.3897042274475098, 0.027884960174560547
1.3837121725082397, 0.027570486068725586
1.390857219696045, 0.02761363983154297
1.3839282989501953, 0.027749300003051758
1.4051477909088135, 0.02704453468322754
1.390186071395874, 0.027867794036865234
1.3718147277832031, 0.027239084243774414
1.3822593688964844, 0.027403831481933594
1.388794183731079, 0.027950525283813477
1.3907926082611084, 0.027128219604492188
1.3840861320495605, 0.027540922164916992
1.3835422992706299, 0.02750682830810547
1.37568998336792, 0.02734065055847168
1.3864190578460693, 0.027651309967041016
1.3847846984863281, 0.027452945709228516
1.3844692707061768, 0.027269601821899414
1.3834261894226074, 0.027542591094970703
1.3900821208953857, 0.027189254760742188
1.3925985097885132, 0.027653932571411133
1.394792079925537, 0.02727651596069336
1.376174807548523, 0.026926517486572266
1.3924870491027832, 0.027405738830566406
1.379084587097168, 0.02746129035949707
1.3809385299682617, 0.02739429473876953
1.386085867881775, 0.02764582633972168
1.3818455934524536, 0.027379274368286133
1.3932489156723022, 0.027537822723388672
1.3893930912017822, 0.027459144592285156
1.389439344406128, 0.027511119842529297
1.396606206893921, 0.028029918670654297
1.3954658508300781, 0.027547836303710938
1.3848967552185059, 0.027079105377197266
1.377044916152954, 0.02756786346435547
1.3857232332229614, 0.027358055114746094
1.3697453737258911, 0.02762889862060547
1.393674612045288, 0.027569055557250977
1.382296085357666, 0.027575969696044922
1.3847603797912598, 0.027844667434692383
1.376127004623413, 0.028215885162353516
1.3856031894683838, 0.028177261352539062
1.3850237131118774, 0.028084278106689453
1.3870413303375244, 0.028097867965698242
1.3877941370010376, 0.028305530548095703
1.3930509090423584, 0.027966737747192383
1.3827768564224243, 0.0279085636138916
1.3887704610824585, 0.02782130241394043
1.3854807615280151, 0.02773571014404297
1.3886717557907104, 0.027869462966918945
1.378572702407837, 0.027622461318969727
1.3977704048156738, 0.027983903884887695
1.3899037837982178, 0.027958393096923828
1.3897122144699097, 0.027714014053344727
1.3960413932800293, 0.027858495712280273
1.3820466995239258, 0.02788853645324707
1.383910059928894, 0.02787041664123535
1.392763376235962, 0.027951955795288086
1.3869209289550781, 0.02780318260192871
1.3917725086212158, 0.0279080867767334
1.4008667469024658, 0.028195858001708984
1.3880228996276855, 0.027654170989990234
1.385336995124817, 0.02788233757019043
1.3760499954223633, 0.02766728401184082
1.3812198638916016, 0.02778339385986328
1.3896329402923584, 0.027802228927612305
1.3825368881225586, 0.027872562408447266
1.3917255401611328, 0.02775740623474121
1.3914752006530762, 0.027684450149536133
1.3828774690628052, 0.027932405471801758
1.3900675773620605, 0.027498960494995117
1.3904331922531128, 0.0276644229888916
1.39497971534729, 0.027578353881835938
1.370671033859253, 0.02750420570373535
1.3825469017028809, 0.027866125106811523
1.3804538249969482, 0.02772212028503418
1.3881776332855225, 0.027603864669799805
1.3778033256530762, 0.027354001998901367
1.391050100326538, 0.02729940414428711
1.3910325765609741, 0.027881145477294922
1.3817261457443237, 0.027121782302856445
1.376745581626892, 0.027054548263549805
1.3791766166687012, 0.027144908905029297
1.373384714126587, 0.02735304832458496
1.390750765800476, 0.02754950523376465
1.384777307510376, 0.027441740036010742
1.3940467834472656, 0.02720785140991211
1.3927838802337646, 0.027544498443603516
1.3773587942123413, 0.027431964874267578
1.3809704780578613, 0.027316570281982422
1.3942101001739502, 0.027631759643554688
1.3859150409698486, 0.027382612228393555
1.3940818309783936, 0.027433395385742188
1.3898649215698242, 0.02734208106994629
1.3837461471557617, 0.027272701263427734
1.3828577995300293, 0.02764105796813965
1.3815746307373047, 0.027467012405395508
1.3972448110580444, 0.027640104293823242
1.3952518701553345, 0.028203487396240234
1.377967119216919, 0.027919292449951172
1.3984687328338623, 0.028296470642089844
1.3841685056686401, 0.02803778648376465
1.3904502391815186, 0.028177261352539062
1.3966398239135742, 0.02856302261352539
1.3779776096343994, 0.02791118621826172
1.381873369216919, 0.027812957763671875
1.3922078609466553, 0.0280001163482666
1.3836458921432495, 0.02849435806274414
1.391692876815796, 0.02792644500732422
1.3802738189697266, 0.02782607078552246
1.3843796253204346, 0.02802586555480957
1.3948771953582764, 0.027436256408691406
1.3850446939468384, 0.02798318862915039
1.395998239517212, 0.027521371841430664
1.3870936632156372, 0.02744889259338379
1.3735713958740234, 0.02771782875061035
1.3922187089920044, 0.027564048767089844
1.39044189453125, 0.027364730834960938
1.3897006511688232, 0.02747654914855957
1.4022846221923828, 0.02757883071899414
1.3865869045257568, 0.028397560119628906
1.384009838104248, 0.028132915496826172
1.3912540674209595, 0.02811288833618164
1.390034556388855, 0.028024673461914062
1.3760579824447632, 0.027948856353759766
1.381177544593811, 0.027996063232421875
1.3874346017837524, 0.027965307235717773
1.3914225101470947, 0.028040409088134766
1.3883376121520996, 0.028110742568969727
1.3885395526885986, 0.027251720428466797
1.3777642250061035, 0.028127193450927734
1.3833420276641846, 0.027788639068603516
1.3989346027374268, 0.027791261672973633
1.3792310953140259, 0.02794337272644043
1.3880856037139893, 0.027678489685058594
1.3819808959960938, 0.027515888214111328
1.3791229724884033, 0.027529001235961914
1.3797416687011719, 0.027433395385742188
1.3800075054168701, 0.02775859832763672
1.393054723739624, 0.027902603149414062
1.3782730102539062, 0.027188777923583984
1.385368824005127, 0.0275881290435791
1.3862452507019043, 0.027853965759277344
1.3870153427124023, 0.028228044509887695
1.3820477724075317, 0.028080463409423828
1.3820589780807495, 0.028024673461914062
1.3878052234649658, 0.02812790870666504
1.384549856185913, 0.027945995330810547
1.3900172710418701, 0.02840590476989746
1.396984338760376, 0.027889251708984375
1.3813509941101074, 0.0275576114654541
1.3788336515426636, 0.02771735191345215
1.3856215476989746, 0.027629852294921875
1.385643720626831, 0.02788257598876953
1.3949859142303467, 0.027711153030395508
1.412039041519165, 0.027730464935302734
1.388906717300415, 0.027631759643554688
1.3790512084960938, 0.02721381187438965
1.3887109756469727, 0.02765798568725586
1.376420021057129, 0.02737903594970703
1.381819486618042, 0.02729010581970215
1.3706400394439697, 0.027433156967163086
1.3917121887207031, 0.027496337890625
1.3821802139282227, 0.027667522430419922
1.3835954666137695, 0.0281674861907959
1.393510103225708, 0.027163982391357422
1.3977501392364502, 0.028058528900146484
1.3871780633926392, 0.027923107147216797
1.3873603343963623, 0.0277864933013916
1.39035964012146, 0.027996540069580078
1.3728399276733398, 0.02770256996154785
1.3899017572402954, 0.028293371200561523
1.3749301433563232, 0.02752995491027832
1.385263442993164, 0.027859926223754883
1.3874444961547852, 0.027911901473999023
1.3850295543670654, 0.027910232543945312
1.3718955516815186, 0.02802896499633789
1.3723641633987427, 0.028032779693603516
1.3952850103378296, 0.027574777603149414
1.3882285356521606, 0.027646780014038086
1.384397268295288, 0.027451276779174805
1.3866932392120361, 0.02798008918762207
1.3809635639190674, 0.02762293815612793
1.394150972366333, 0.027527570724487305
1.3693268299102783, 0.02787470817565918
1.3798062801361084, 0.027597904205322266
1.3822543621063232, 0.027736663818359375
1.3919682502746582, 0.027492761611938477
1.3908483982086182, 0.0275266170501709
1.384110450744629, 0.0278780460357666
1.388274908065796, 0.027615785598754883
1.3829401731491089, 0.027694225311279297
1.3865301609039307, 0.027871370315551758
1.394827127456665, 0.027329444885253906
1.382070779800415, 0.027673721313476562
1.3882122039794922, 0.027449846267700195
1.3866822719573975, 0.027408838272094727
1.3882691860198975, 0.028731346130371094
1.3863074779510498, 0.02627086639404297
1.387568712234497, 0.027798891067504883
1.3870644569396973, 0.027425527572631836
1.388800859451294, 0.02743244171142578
1.3804731369018555, 0.027637243270874023
1.3855516910552979, 0.027771472930908203
1.3846213817596436, 0.027396440505981445
1.3743422031402588, 0.027657270431518555
1.386770486831665, 0.02739882469177246
1.4057531356811523, 0.027846574783325195
1.3961331844329834, 0.027608871459960938
1.385656714439392, 0.027959108352661133
1.3766272068023682, 0.027941226959228516
1.375227689743042, 0.027936458587646484
1.3881651163101196, 0.028014421463012695
1.3880338668823242, 0.027796030044555664
1.3852254152297974, 0.02799248695373535
1.3772315979003906, 0.027988195419311523
1.3826426267623901, 0.027558326721191406
1.3884468078613281, 0.027767181396484375
1.390504240989685, 0.0276947021484375
1.3975837230682373, 0.027536392211914062
1.3855781555175781, 0.027688264846801758
1.3886475563049316, 0.02788090705871582
1.376281499862671, 0.02754497528076172
1.3873077630996704, 0.02756953239440918
1.390545129776001, 0.027556657791137695
1.3764140605926514, 0.0279843807220459
1.3872076272964478, 0.0276792049407959
1.3738677501678467, 0.027656078338623047
1.3895227909088135, 0.02759695053100586
1.3859186172485352, 0.027602434158325195
1.390711784362793, 0.028222084045410156
1.3887102603912354, 0.027112245559692383
1.394559383392334, 0.027651548385620117
1.3901982307434082, 0.027515888214111328
1.3845314979553223, 0.02750849723815918
1.38240647315979, 0.0277707576751709
1.3801254034042358, 0.027494430541992188
1.3830554485321045, 0.027396440505981445
1.390351414680481, 0.027395248413085938
1.3816676139831543, 0.02730393409729004
1.3884313106536865, 0.0274350643157959
1.3826193809509277, 0.02734208106994629
1.385063886642456, 0.027393341064453125
1.388143539428711, 0.027704954147338867
1.3770085573196411, 0.027489423751831055
1.3974921703338623, 0.028327465057373047
1.3852481842041016, 0.028496503829956055
1.3690459728240967, 0.028534650802612305
1.3975088596343994, 0.02860713005065918
1.3820703029632568, 0.02865290641784668
1.395370602607727, 0.028166770935058594
1.3965046405792236, 0.028031349182128906
1.3900890350341797, 0.028061389923095703
1.38377845287323, 0.028400421142578125
1.3889433145523071, 0.02775406837463379
1.3909071683883667, 0.02822256088256836
1.3879814147949219, 0.027958393096923828
1.373995065689087, 0.029042959213256836
1.3879793882369995, 0.027292728424072266
1.3897292613983154, 0.02785491943359375
1.3869752883911133, 0.028044700622558594
1.3891736268997192, 0.02799701690673828
1.385270595550537, 0.028148651123046875
1.3945038318634033, 0.02761077880859375
1.3974864482879639, 0.02776503562927246
1.384816288948059, 0.028085708618164062
1.3910362720489502, 0.02750539779663086
1.3871352672576904, 0.02805924415588379
1.3839786052703857, 0.027906417846679688
1.3809934854507446, 0.027995586395263672
1.3845410346984863, 0.02786993980407715
1.3917617797851562, 0.02764105796813965
1.384730577468872, 0.027872085571289062
1.3923883438110352, 0.02792215347290039
1.389622688293457, 0.02764725685119629
1.3757989406585693, 0.028000831604003906
1.3930928707122803, 0.02792072296142578
1.3876968622207642, 0.027765274047851562
1.3813567161560059, 0.0276792049407959
1.3787528276443481, 0.0277252197265625
1.3978583812713623, 0.02793145179748535
1.3850224018096924, 0.027678966522216797
1.3937454223632812, 0.027344465255737305
1.379819631576538, 0.02764129638671875
1.3885128498077393, 0.027886629104614258
1.3823274374008179, 0.027553796768188477
1.3945006132125854, 0.027375221252441406
1.3998219966888428, 0.027529478073120117
1.3844795227050781, 0.027619600296020508
1.3901069164276123, 0.027662277221679688
1.382746934890747, 0.0072977542877197266
1.3796885013580322, 0.00884246826171875
1.3768078088760376, 0.005453824996948242
1.3772192001342773, 0.018225431442260742
1.3860793113708496, 0.027294397354125977
1.3765842914581299, 0.027693986892700195
1.3860372304916382, 0.02742314338684082
1.3910120725631714, 0.02754831314086914
1.3807215690612793, 0.02780437469482422
1.3826895952224731, 0.027674436569213867
1.3748077154159546, 0.027414560317993164
1.3828659057617188, 0.027660608291625977
1.397371768951416, 0.027513742446899414
1.3799028396606445, 0.02768564224243164
1.3937419652938843, 0.027689695358276367
1.3825592994689941, 0.0277554988861084
1.386401891708374, 0.027487516403198242
1.3800396919250488, 0.02785634994506836
1.3822920322418213, 0.027681827545166016
1.3883869647979736, 0.027294158935546875
1.3888689279556274, 0.02820587158203125
1.3934826850891113, 0.02780294418334961
1.3786334991455078, 0.028128385543823242
1.3885383605957031, 0.028127670288085938
1.3789576292037964, 0.02800750732421875
1.3926546573638916, 0.027968168258666992
1.387326717376709, 0.02791595458984375
1.3761539459228516, 0.027907371520996094
1.3889613151550293, 0.028303861618041992
1.3912523984909058, 0.028554201126098633
1.3883438110351562, 0.027715682983398438
1.4049327373504639, 0.02787947654724121
1.3951605558395386, 0.028081417083740234
1.3870844841003418, 0.028223752975463867
1.3901931047439575, 0.027907609939575195
1.3701368570327759, 0.028059720993041992
1.4017802476882935, 0.028347253799438477
1.3853068351745605, 0.02707362174987793
1.3787747621536255, 0.027965545654296875
1.3858273029327393, 0.028566837310791016
1.3771867752075195, 0.027242183685302734
1.39206063747406, 0.027512788772583008
1.3913567066192627, 0.02738499641418457
1.3750083446502686, 0.02769756317138672
1.3882642984390259, 0.027548551559448242
1.3931379318237305, 0.0278775691986084
1.394518494606018, 0.027679920196533203
1.3851046562194824, 0.027698993682861328
1.3826682567596436, 0.027810096740722656
1.3850640058517456, 0.027570486068725586
1.3979722261428833, 0.027619123458862305
1.3911046981811523, 0.0277559757232666
1.3919202089309692, 0.027649402618408203
1.3863351345062256, 0.027989625930786133
1.3910233974456787, 0.027581214904785156
1.3927271366119385, 0.027422428131103516
1.3885231018066406, 0.027737140655517578
1.3957781791687012, 0.027735233306884766
1.373304009437561, 0.027396202087402344
1.3953185081481934, 0.027564525604248047
1.3870148658752441, 0.027358531951904297
1.375797986984253, 0.02775859832763672
1.3913500308990479, 0.027003765106201172
1.3787786960601807, 0.027555227279663086
1.3756332397460938, 0.02784442901611328
1.3858325481414795, 0.027159690856933594
1.384649395942688, 0.027475357055664062
1.383493423461914, 0.027328014373779297
1.3992596864700317, 0.027652740478515625
1.3833038806915283, 0.027359485626220703
1.3787906169891357, 0.02742314338684082
1.3783297538757324, 0.027425765991210938
1.3830970525741577, 0.027692556381225586
1.3820343017578125, 0.02757120132446289
1.3916077613830566, 0.027337074279785156
1.3770778179168701, 0.027529239654541016
1.3857238292694092, 0.027503252029418945
1.3801274299621582, 0.027603864669799805
1.4030243158340454, 0.02731013298034668
1.3880431652069092, 0.027492523193359375
1.390669584274292, 0.027564287185668945
1.3833562135696411, 0.02773761749267578
1.3853739500045776, 0.027750730514526367
1.3939759731292725, 0.027579069137573242
1.384727954864502, 0.027634859085083008
1.3700854778289795, 0.027699708938598633
1.3922557830810547, 0.027795076370239258
1.3870649337768555, 0.028729915618896484
1.384110689163208, 0.028048038482666016
1.385735034942627, 0.02841329574584961
1.3898060321807861, 0.02812933921813965
1.386458396911621, 0.028195619583129883
1.3828506469726562, 0.02864980697631836
1.387568473815918, 0.028484344482421875
1.3863524198532104, 0.028531551361083984
1.4016633033752441, 0.02980804443359375
1.3831181526184082, 0.027942895889282227
1.3936978578567505, 0.027913570404052734
1.3959283828735352, 0.028088808059692383
1.3778717517852783, 0.02828192710876465
1.392560601234436, 0.0280148983001709
1.3916926383972168, 0.028075218200683594
1.3805627822875977, 0.02771472930908203
1.3849595785140991, 0.027775287628173828
1.3896663188934326, 0.028078317642211914
1.3850221633911133, 0.027628421783447266
1.3740664720535278, 0.02758622169494629
1.3901267051696777, 0.027747392654418945
1.3863749504089355, 0.027790546417236328
1.3736203908920288, 0.02800893783569336
1.380266785621643, 0.02779102325439453
1.3863791227340698, 0.027790069580078125
1.3763213157653809, 0.02782464027404785
1.384945273399353, 0.028141498565673828
1.4013807773590088, 0.027838468551635742
1.3803443908691406, 0.027681827545166016
1.3925039768218994, 0.027932167053222656
1.40501070022583, 0.0276486873626709
1.3738741874694824, 0.027704715728759766
1.3963710069656372, 0.028161287307739258
1.4035508632659912, 0.02768731117248535
1.3874375820159912, 0.027831315994262695
1.3923263549804688, 0.027723312377929688
1.3758063316345215, 0.02759718894958496
1.3846055269241333, 0.027923107147216797
1.40261709690094, 0.027720212936401367
1.386915683746338, 0.027689456939697266
1.3928773403167725, 0.02761673927307129
1.390173077583313, 0.027624130249023438
1.38291597366333, 0.02776503562927246
1.38545823097229, 0.02763819694519043
1.390331745147705, 0.027662038803100586
1.3979072570800781, 0.028018474578857422
1.3675874471664429, 0.027933359146118164
1.3850915431976318, 0.02753281593322754
1.3769842386245728, 0.027358293533325195
1.3907750844955444, 0.027686595916748047
1.4014642238616943, 0.027933835983276367
1.3792905807495117, 0.02791285514831543
1.377683401107788, 0.027147531509399414
1.383394718170166, 0.027279138565063477
1.3894325494766235, 0.027490854263305664
1.387861967086792, 0.027792930603027344
1.388343095779419, 0.027647972106933594
1.3843801021575928, 0.027741193771362305
1.3830417394638062, 0.0273590087890625
1.3883309364318848, 0.027536630630493164
1.3837761878967285, 0.027532339096069336
1.3990139961242676, 0.0277554988861084
1.3729419708251953, 0.02756476402282715
1.3812336921691895, 0.02791762351989746
1.3833856582641602, 0.02772068977355957
1.3718879222869873, 0.02745795249938965
1.3931584358215332, 0.027962684631347656
1.3922256231307983, 0.028081417083740234
1.3891286849975586, 0.028308868408203125
1.3883984088897705, 0.02798318862915039
1.396195888519287, 0.028158187866210938
1.3856931924819946, 0.02811288833618164
1.3912291526794434, 0.028162002563476562
1.3806164264678955, 0.02770066261291504
1.3861298561096191, 0.02792644500732422
1.3842518329620361, 0.027777910232543945
1.3781489133834839, 0.027681827545166016
1.3854373693466187, 0.02758169174194336
1.3921082019805908, 0.027628421783447266
1.3837764263153076, 0.027589797973632812
1.3835930824279785, 0.0273895263671875
1.3795485496520996, 0.02781224250793457
1.3798058032989502, 0.027577877044677734
1.3879320621490479, 0.027989864349365234
1.369947075843811, 0.027683734893798828
1.3830581903457642, 0.027803421020507812
1.3879783153533936, 0.027876853942871094
1.3814709186553955, 0.027788877487182617
1.3894752264022827, 0.028406858444213867
1.3839890956878662, 0.028363466262817383
1.3815946578979492, 0.028523921966552734
1.3931820392608643, 0.02860713005065918
1.3867008686065674, 0.028687000274658203
1.3781852722167969, 0.02860116958618164
1.38290274143219, 0.02833104133605957
1.3950722217559814, 0.028470754623413086
1.399937629699707, 0.02801060676574707
1.3749624490737915, 0.028461217880249023
1.380838394165039, 0.02785801887512207
1.384469985961914, 0.028263330459594727
1.381195306777954, 0.02849292755126953
1.3803074359893799, 0.027996063232421875
1.394641637802124, 0.028268814086914062
1.3870705366134644, 0.027889490127563477
1.3840184211730957, 0.02791309356689453
1.3851429224014282, 0.02798628807067871
1.3903979063034058, 0.02798295021057129
1.3904500007629395, 0.028113365173339844
1.3924219608306885, 0.027968883514404297
1.3877711296081543, 0.027650833129882812
1.387267827987671, 0.027960538864135742
1.386665940284729, 0.027327299118041992
1.3707194328308105, 0.027782917022705078
1.3854823112487793, 0.027812480926513672
1.3874715566635132, 0.02788710594177246
1.3826625347137451, 0.02766132354736328
1.3867802619934082, 0.027292251586914062
1.4008095264434814, 0.027919769287109375
1.3857252597808838, 0.02784442901611328
1.3810715675354004, 0.027534008026123047
1.393160104751587, 0.027750015258789062
1.3986608982086182, 0.027541399002075195
1.391312599182129, 0.027669906616210938
1.3837122917175293, 0.027689456939697266
1.3919532299041748, 0.027417898178100586
1.3920228481292725, 0.02763533592224121
1.4018895626068115, 0.0274200439453125
1.3929499387741089, 0.02747035026550293
1.3952571153640747, 0.02749347686767578
1.3876502513885498, 0.027286767959594727
1.3979897499084473, 0.02757096290588379
1.3925127983093262, 0.02747321128845215
1.3813061714172363, 0.02799224853515625
1.3810145854949951, 0.02857661247253418
1.3776965141296387, 0.02778792381286621
1.3811262845993042, 0.028131484985351562
1.388925313949585, 0.027935504913330078
1.3782011270523071, 0.02804875373840332
1.3823097944259644, 0.028286218643188477
1.3870820999145508, 0.028041839599609375
1.3888471126556396, 0.02823495864868164
1.3981614112854004, 0.02798151969909668
1.3919880390167236, 0.02814459800720215
1.3632681369781494, 0.02803969383239746
1.3912034034729004, 0.028080224990844727
1.391556739807129, 0.028273820877075195
1.383643388748169, 0.027973175048828125
1.383983850479126, 0.027744293212890625
1.3873028755187988, 0.027782440185546875
1.3870790004730225, 0.0279691219329834
1.3717824220657349, 0.028021812438964844
1.3889893293380737, 0.027743101119995117
1.3918309211730957, 0.027716398239135742
1.3753941059112549, 0.027678251266479492
1.3847365379333496, 0.027626991271972656
1.388753890991211, 0.027579307556152344
1.3787466287612915, 0.02768564224243164
1.39491605758667, 0.02757120132446289
1.3936126232147217, 0.027632951736450195
1.3963165283203125, 0.02741241455078125
1.387805700302124, 0.027943849563598633
1.3962297439575195, 0.027309417724609375
1.3932902812957764, 0.027660608291625977
1.3941669464111328, 0.027878999710083008
1.3752976655960083, 0.027704477310180664
1.3882949352264404, 0.0274658203125
1.3888812065124512, 0.02753162384033203
1.378771424293518, 0.02767014503479004
1.383583664894104, 0.0275728702545166
1.3901033401489258, 0.027774572372436523
1.3830459117889404, 0.02761554718017578
1.3807470798492432, 0.02765178680419922
1.3832647800445557, 0.027460336685180664
1.3880047798156738, 0.027643442153930664
1.387775182723999, 0.027431011199951172
1.3923161029815674, 0.0276491641998291
1.3851149082183838, 0.028185606002807617
1.3797495365142822, 0.027869701385498047
1.385338544845581, 0.02806258201599121
1.3840941190719604, 0.02809286117553711
1.3772791624069214, 0.028089046478271484
1.38950514793396, 0.028098344802856445
1.386819839477539, 0.02805161476135254
1.3897836208343506, 0.02789902687072754
1.39262056350708, 0.027574539184570312
1.3834779262542725, 0.027779340744018555
1.3862605094909668, 0.027791738510131836
1.3708429336547852, 0.02759528160095215
1.3842055797576904, 0.028220176696777344
1.3896009922027588, 0.027369260787963867
1.3838379383087158, 0.027750015258789062
1.392625331878662, 0.02768087387084961
1.393754243850708, 0.027532577514648438
1.3884027004241943, 0.02748870849609375
1.3779819011688232, 0.027484655380249023
1.39045250415802, 0.02743053436279297
1.3838368654251099, 0.02777385711669922
1.3841779232025146, 0.027697324752807617
1.3790435791015625, 0.02852463722229004
1.39052152633667, 0.02901935577392578
1.39302396774292, 0.02812814712524414
1.3895893096923828, 0.028453588485717773
1.3858363628387451, 0.028405427932739258
1.3899240493774414, 0.028655529022216797
1.3877851963043213, 0.028290271759033203
1.3863991498947144, 0.028355836868286133
1.3870055675506592, 0.02812480926513672
1.3852931261062622, 0.028145551681518555
1.3890330791473389, 0.028230905532836914
1.389225721359253, 0.028322219848632812
1.3893530368804932, 0.028127431869506836
1.3829774856567383, 0.028084754943847656
1.3914011716842651, 0.027855396270751953
1.3818111419677734, 0.028124570846557617
1.3878839015960693, 0.027986764907836914
1.387164831161499, 0.027881383895874023
1.3721001148223877, 0.027630329132080078
1.3970834016799927, 0.027745723724365234
1.3951354026794434, 0.02802133560180664
1.3749781847000122, 0.02763986587524414
1.3913617134094238, 0.02765679359436035
1.377781629562378, 0.027671098709106445
1.3805344104766846, 0.027515649795532227
1.3858730792999268, 0.02772235870361328
1.3832690715789795, 0.027767658233642578
1.388655185699463, 0.02762603759765625
1.3822236061096191, 0.027687788009643555
1.3955366611480713, 0.02788996696472168
1.3917229175567627, 0.028613567352294922
1.3933584690093994, 0.028046607971191406
1.3878575563430786, 0.02835249900817871
1.3858084678649902, 0.02822399139404297
1.3869094848632812, 0.028541088104248047
1.3841058015823364, 0.028004169464111328
1.3776302337646484, 0.027954816818237305
1.3753111362457275, 0.02795863151550293
1.3731707334518433, 0.027973413467407227
1.3951613903045654, 0.02795553207397461
1.3909990787506104, 0.028082847595214844
1.3834383487701416, 0.027819395065307617
1.3887031078338623, 0.028115034103393555
1.3881548643112183, 0.028177976608276367
1.3777259588241577, 0.02780008316040039
1.3874413967132568, 0.027856826782226562
1.3800723552703857, 0.027606487274169922
1.3910143375396729, 0.02775096893310547
1.3803091049194336, 0.027720928192138672
1.3821032047271729, 0.02779555320739746
1.389037847518921, 0.02777576446533203
1.3789502382278442, 0.027622222900390625
1.380666971206665, 0.02798771858215332
1.382706880569458, 0.027692317962646484
1.3886362314224243, 0.027742862701416016
1.3861445188522339, 0.027731895446777344
1.3939632177352905, 0.027667522430419922
1.3789258003234863, 0.027645587921142578
1.3959307670593262, 0.02775096893310547
1.3902229070663452, 0.027657747268676758
1.3957622051239014, 0.02766895294189453
1.3912782669067383, 0.027373552322387695
1.380673885345459, 0.02760934829711914
1.3885557651519775, 0.02758932113647461
1.3789921998977661, 0.027356386184692383
1.3839645385742188, 0.02782416343688965
1.388373851776123, 0.02750682830810547
1.3845736980438232, 0.027498483657836914
1.397518515586853, 0.027577877044677734
1.3887858390808105, 0.027332305908203125
1.3825238943099976, 0.027533292770385742
1.379021167755127, 0.027870655059814453
1.3796679973602295, 0.027201414108276367
1.3926595449447632, 0.027536392211914062
1.397845983505249, 0.028144121170043945
1.378230333328247, 0.02818131446838379
1.3860085010528564, 0.028340816497802734
1.3794537782669067, 0.02806854248046875
1.3902302980422974, 0.02828192710876465
1.3934881687164307, 0.02788400650024414
1.3802794218063354, 0.028162002563476562
1.3890330791473389, 0.028064966201782227
1.3796565532684326, 0.02805614471435547
1.3903908729553223, 0.028159618377685547
1.3752453327178955, 0.02799701690673828
1.3874318599700928, 0.02827739715576172
1.3853529691696167, 0.027924299240112305
1.392549991607666, 0.02820754051208496
1.3850791454315186, 0.028235435485839844
1.3875088691711426, 0.0282590389251709
1.3964754343032837, 0.028014659881591797
1.3879365921020508, 0.027890443801879883
1.3802262544631958, 0.02837228775024414
1.3969217538833618, 0.02823472023010254
1.3931666612625122, 0.028179168701171875
1.385303020477295, 0.02826666831970215
1.3891555070877075, 0.02829146385192871
1.3808841705322266, 0.028237104415893555
1.3905028104782104, 0.028047561645507812
1.379402995109558, 0.028239965438842773
1.387427806854248, 0.028253793716430664
1.38889741897583, 0.02796459197998047
1.3977528810501099, 0.02804255485534668
1.4003634452819824, 0.027876853942871094
1.3823575973510742, 0.027995824813842773
1.377300500869751, 0.02791738510131836
1.3875939846038818, 0.027789592742919922
1.3784211874008179, 0.027921438217163086
1.373306393623352, 0.02794814109802246
1.3891901969909668, 0.02776956558227539
1.3852627277374268, 0.027605533599853516
1.390800952911377, 0.027407169342041016
1.3918768167495728, 0.027690649032592773
1.3868491649627686, 0.02754521369934082
1.377339482307434, 0.027590036392211914
1.3858814239501953, 0.028216838836669922
1.383654236793518, 0.027760028839111328
1.3827130794525146, 0.02735304832458496
1.388742446899414, 0.027626752853393555
1.3917231559753418, 0.027505874633789062
1.3844950199127197, 0.027850866317749023
1.3887581825256348, 0.027667760848999023
1.3783562183380127, 0.027520418167114258
1.3919681310653687, 0.02744746208190918
1.3832728862762451, 0.027581214904785156
1.3781018257141113, 0.027700185775756836
1.4050014019012451, 0.027491092681884766
1.3851014375686646, 0.027700424194335938
1.3807525634765625, 0.027419328689575195
1.3920893669128418, 0.02740621566772461
1.3864420652389526, 0.027584552764892578
1.3870997428894043, 0.027901172637939453
1.3697763681411743, 0.026938438415527344
1.3855680227279663, 0.027472496032714844
1.3902766704559326, 0.027260541915893555
1.3805973529815674, 0.027401208877563477
1.3881083726882935, 0.027427196502685547
1.378406047821045, 0.02728557586669922
1.3936347961425781, 0.027936458587646484
1.3844046592712402, 0.028209924697875977
1.3814773559570312, 0.028003215789794922
1.3815689086914062, 0.028114795684814453
1.3926842212677002, 0.0280301570892334
1.3781766891479492, 0.028202533721923828
1.3798294067382812, 0.02808094024658203
1.395276427268982, 0.028078556060791016
1.3783613443374634, 0.028205394744873047
1.3906391859054565, 0.027695178985595703
1.3947179317474365, 0.02785181999206543
1.3745938539505005, 0.027767419815063477
1.4038792848587036, 0.027806997299194336
1.3851006031036377, 0.028129100799560547
1.3919880390167236, 0.02786850929260254
1.3909883499145508, 0.027740955352783203
1.3762404918670654, 0.027558326721191406
1.3937708139419556, 0.027583599090576172
1.391120433807373, 0.027860164642333984
1.3764415979385376, 0.02751898765563965
1.3849000930786133, 0.027671098709106445
1.3850207328796387, 0.027805566787719727
1.3794571161270142, 0.027523517608642578
1.3921935558319092, 0.02843928337097168
1.3816795349121094, 0.0281679630279541
1.3803319931030273, 0.028391599655151367
1.3945872783660889, 0.028354167938232422
1.3933749198913574, 0.028066396713256836
1.3962560892105103, 0.02819347381591797
1.39115309715271, 0.028713703155517578
1.380613088607788, 0.027642011642456055
1.3833842277526855, 0.0277862548828125
1.387202501296997, 0.028016090393066406
1.400016188621521, 0.027999401092529297
1.3887238502502441, 0.02786731719970703
1.3822782039642334, 0.027916431427001953
1.3880008459091187, 0.028170347213745117
1.3930106163024902, 0.027660369873046875
1.3975176811218262, 0.027698040008544922
1.3815916776657104, 0.02748847007751465
1.3849997520446777, 0.028277873992919922
1.392505407333374, 0.02759552001953125
1.3854115009307861, 0.027727603912353516
1.3862810134887695, 0.027620553970336914
1.3989485502243042, 0.02749776840209961
1.390188217163086, 0.027788162231445312
1.3963435888290405, 0.027761220932006836
1.3944141864776611, 0.02764439582824707
1.3838292360305786, 0.02779698371887207
1.3911302089691162, 0.027553796768188477
1.3813923597335815, 0.028039932250976562
1.3960075378417969, 0.02812981605529785
1.3894679546356201, 0.02774357795715332
1.3822137117385864, 0.027051687240600586
1.3925164937973022, 0.02762150764465332
1.378625512123108, 0.02796792984008789
1.3860909938812256, 0.027671337127685547
1.3905861377716064, 0.027592897415161133
1.3947551250457764, 0.027931690216064453
1.3865771293640137, 0.02790665626525879
1.3866101503372192, 0.027190208435058594
1.3923568725585938, 0.02742481231689453
1.3806021213531494, 0.027521848678588867
1.387058973312378, 0.027736186981201172
1.3746685981750488, 0.02759552001953125
1.3835375308990479, 0.02749776840209961
1.3876245021820068, 0.02751469612121582
1.3866537809371948, 0.02775287628173828
1.3818213939666748, 0.028169631958007812
1.3767271041870117, 0.02793598175048828
1.3769254684448242, 0.02799820899963379
1.3833379745483398, 0.027824878692626953
1.3872309923171997, 0.02791118621826172
1.3935233354568481, 0.028282880783081055
1.3925188779830933, 0.028065204620361328
1.3836663961410522, 0.02759695053100586
1.3849542140960693, 0.027609586715698242
1.3785531520843506, 0.027526140213012695
1.3886562585830688, 0.027980327606201172
1.3974692821502686, 0.027655363082885742
1.38437020778656, 0.027454614639282227
1.3878486156463623, 0.028054475784301758
1.3828799724578857, 0.027338266372680664
1.3808493614196777, 0.027712345123291016
1.3790918588638306, 0.027666330337524414
1.3950016498565674, 0.027687549591064453
1.3773598670959473, 0.027925968170166016
1.381622314453125, 0.02751016616821289
1.3693115711212158, 0.027887821197509766
1.381976842880249, 0.028743743896484375
1.3879783153533936, 0.02758193016052246
1.385125994682312, 0.027730226516723633
1.3868858814239502, 0.028259754180908203
1.3820114135742188, 0.0283510684967041
1.3790788650512695, 0.02789306640625
1.402632713317871, 0.02832770347595215
1.3823614120483398, 0.02786707878112793
1.399425983428955, 0.027817249298095703
1.3898730278015137, 0.027854204177856445
1.3919501304626465, 0.027759552001953125
1.3875812292099, 0.027730464935302734
1.3752355575561523, 0.027945995330810547
1.3811595439910889, 0.02776336669921875
1.3847249746322632, 0.027846097946166992
1.3873335123062134, 0.02791285514831543
1.3845694065093994, 0.02715301513671875
1.3905467987060547, 0.02774643898010254
1.3900882005691528, 0.02750539779663086
1.3731167316436768, 0.027493000030517578
1.3797004222869873, 0.027531862258911133
1.3899961709976196, 0.02751016616821289
1.384403944015503, 0.028377532958984375
1.4091336727142334, 0.028240680694580078
1.391305685043335, 0.02803826332092285
1.3851714134216309, 0.02821969985961914
1.395885705947876, 0.02813553810119629
1.3924365043640137, 0.028234004974365234
1.3858624696731567, 0.028083086013793945
1.376725196838379, 0.02792835235595703
1.3947653770446777, 0.02801823616027832
1.3839707374572754, 0.02773427963256836
1.3932151794433594, 0.02788376808166504
1.3956093788146973, 0.028159379959106445
1.3875527381896973, 0.027983427047729492
1.3877192735671997, 0.028003931045532227
1.398703694343567, 0.027734994888305664
1.3938319683074951, 0.02756977081298828
1.3816354274749756, 0.0274658203125
1.3925235271453857, 0.02752971649169922
1.3959637880325317, 0.027642488479614258
1.3854248523712158, 0.02756047248840332
1.3929460048675537, 0.027919292449951172
1.3787049055099487, 0.027756690979003906
1.3783175945281982, 0.02797985076904297
1.394054651260376, 0.02767205238342285
1.3818321228027344, 0.027725934982299805
1.39572012424469, 0.027791738510131836
1.3832292556762695, 0.02754068374633789
1.3779329061508179, 0.027663707733154297
1.3936002254486084, 0.027698516845703125
1.386533498764038, 0.02758312225341797
1.3884841203689575, 0.02798628807067871
1.3853094577789307, 0.027536630630493164
1.399705410003662, 0.02758479118347168
1.397965431213379, 0.02790236473083496
1.3867075443267822, 0.027540206909179688
1.3761234283447266, 0.02775096893310547
1.3827078342437744, 0.027514934539794922
1.384979009628296, 0.027283906936645508
1.3922456502914429, 0.027851581573486328
1.3757232427597046, 0.027482986450195312
1.3941104412078857, 0.02740025520324707
1.3875123262405396, 0.027479171752929688
1.384260892868042, 0.02742147445678711
1.3853293657302856, 0.027476787567138672
1.3906453847885132, 0.027472257614135742
1.3905225992202759, 0.02736973762512207
1.3958414793014526, 0.027671337127685547
1.3828517198562622, 0.027552366256713867
1.3797173500061035, 0.028467416763305664
1.3734104633331299, 0.027364730834960938
1.3856364488601685, 0.027203798294067383
1.3919823169708252, 0.027828454971313477
1.3932819366455078, 0.027523517608642578
1.3922333717346191, 0.027678489685058594
1.389491319656372, 0.027779102325439453
1.3899497985839844, 0.02788686752319336
1.3893588781356812, 0.027648210525512695
1.3856542110443115, 0.027425050735473633
1.3942904472351074, 0.027599334716796875
1.3827205896377563, 0.027708053588867188
1.373992681503296, 0.027713775634765625
1.3950755596160889, 0.027520418167114258
1.371886134147644, 0.027634143829345703
1.3899295330047607, 0.027593374252319336
1.3876235485076904, 0.02800583839416504
1.376468539237976, 0.027634859085083008
1.4005050659179688, 0.027681589126586914
1.3875031471252441, 0.027730703353881836
1.38779878616333, 0.02758002281188965
1.3991111516952515, 0.02812957763671875
1.390350341796875, 0.0274808406829834
1.3914488554000854, 0.027608156204223633
1.3818944692611694, 0.027591705322265625
1.3944989442825317, 0.027869462966918945
1.3921695947647095, 0.027602195739746094
1.3969850540161133, 0.027602672576904297
1.3961379528045654, 0.027780771255493164
1.3965080976486206, 0.027593612670898438
1.3891804218292236, 0.027115583419799805
1.391386866569519, 0.027828454971313477
1.380661129951477, 0.02759242057800293
1.3899085521697998, 0.027992963790893555
1.386300802230835, 0.02833843231201172
1.3986560106277466, 0.02880263328552246
1.4044303894042969, 0.02841949462890625
1.3804999589920044, 0.028531789779663086
1.3818581104278564, 0.02805185317993164
1.3838231563568115, 0.028423309326171875
1.3874166011810303, 0.02790546417236328
1.3857455253601074, 0.02807760238647461
1.3826231956481934, 0.028165578842163086
1.3927468061447144, 0.02815413475036621
1.382272720336914, 0.0280306339263916
1.382704496383667, 0.028075695037841797
1.3818618059158325, 0.028161048889160156
1.3928300142288208, 0.027860403060913086
1.3872766494750977, 0.027829885482788086
1.391470193862915, 0.02788567543029785
1.389068841934204, 0.02785658836364746
1.39188551902771, 0.02796006202697754
1.3945519924163818, 0.027787446975708008
1.384342074394226, 0.028117895126342773
1.3972947597503662, 0.027736663818359375
1.3780182600021362, 0.027748584747314453
1.3909270763397217, 0.028031349182128906
1.3743228912353516, 0.027747154235839844
1.392007827758789, 0.027901649475097656
1.3788864612579346, 0.02774500846862793
1.3825304508209229, 0.027966022491455078
1.3805469274520874, 0.028044700622558594
1.3886480331420898, 0.02832341194152832
1.3866984844207764, 0.02793145179748535
1.384451985359192, 0.02756500244140625
1.3866889476776123, 0.027754783630371094
1.3869985342025757, 0.027937889099121094
1.387481927871704, 0.02777576446533203
1.3826637268066406, 0.027756452560424805
1.3861356973648071, 0.027809619903564453
1.3793641328811646, 0.027587890625
1.3956557512283325, 0.02789759635925293
1.3812367916107178, 0.027582645416259766
1.3847603797912598, 0.02729201316833496
1.37515127658844, 0.027161121368408203
1.377522349357605, 0.027473926544189453
1.3987202644348145, 0.02783203125
1.3863773345947266, 0.027571439743041992
1.4021434783935547, 0.027493715286254883
1.392667293548584, 0.0274965763092041
1.3801167011260986, 0.027701616287231445
1.3858143091201782, 0.027669191360473633
1.3828051090240479, 0.027948379516601562
1.3826727867126465, 0.02651381492614746
1.3803486824035645, 0.027487754821777344
1.3858556747436523, 0.027521133422851562
1.3896640539169312, 0.027572154998779297
1.392512321472168, 0.027453184127807617
1.374873161315918, 0.02733922004699707
1.3884258270263672, 0.027705907821655273
1.3925681114196777, 0.027431011199951172
1.4040610790252686, 0.027456283569335938
1.38848078250885, 0.028303861618041992
1.3810200691223145, 0.027966976165771484
1.3829376697540283, 0.02814936637878418
1.3792693614959717, 0.027901411056518555
1.390964388847351, 0.028045654296875
1.3955926895141602, 0.02812647819519043
1.4000935554504395, 0.028062105178833008
1.3860864639282227, 0.028302669525146484
1.3878551721572876, 0.028035879135131836
1.3785860538482666, 0.028329133987426758
1.3869738578796387, 0.02790665626525879
1.3873703479766846, 0.027981996536254883
1.3892300128936768, 0.028088092803955078
1.3898732662200928, 0.028077363967895508
1.3877215385437012, 0.027825355529785156
1.366736650466919, 0.02788543701171875
1.3896241188049316, 0.027983665466308594
1.3865644931793213, 0.02779364585876465
1.3980697393417358, 0.027749300003051758
1.3842116594314575, 0.027938127517700195
1.3844223022460938, 0.027496337890625
1.3844780921936035, 0.027541160583496094
1.399131417274475, 0.02793288230895996
1.37893545627594, 0.0269320011138916
1.3880728483200073, 0.02768254280090332
1.3919363021850586, 0.027506589889526367
1.3829984664916992, 0.02740168571472168
1.3833351135253906, 0.027522563934326172
1.3940125703811646, 0.027533292770385742
1.3814647197723389, 0.027538061141967773
1.3820923566818237, 0.027630090713500977
1.3845735788345337, 0.027472972869873047
1.3882076740264893, 0.027529239654541016
1.3973476886749268, 0.0276031494140625
1.3810174465179443, 0.027399778366088867
1.3957345485687256, 0.02764749526977539
1.3738287687301636, 0.027361631393432617
1.3725279569625854, 0.02741241455078125
1.3927271366119385, 0.027513742446899414
1.3793673515319824, 0.0273892879486084
1.3848495483398438, 0.02772688865661621
1.3856241703033447, 0.027935504913330078
1.380455732345581, 0.027341842651367188
1.3892967700958252, 0.02738189697265625
1.3903839588165283, 0.02750420570373535
1.3800770044326782, 0.02759861946105957
1.3867764472961426, 0.027942180633544922
1.406747579574585, 0.027306556701660156
1.3833800554275513, 0.027675628662109375
1.377389907836914, 0.027865171432495117
1.3895235061645508, 0.02751302719116211
1.3820451498031616, 0.028202295303344727
1.3940991163253784, 0.028206348419189453
1.3827327489852905, 0.028673410415649414
1.387193202972412, 0.028099775314331055
1.3850582838058472, 0.02839827537536621
1.3694686889648438, 0.02880096435546875
1.388314962387085, 0.028426647186279297
1.3943767547607422, 0.028038978576660156
1.387686014175415, 0.028172016143798828
1.3875799179077148, 0.028364896774291992
1.3807469606399536, 0.02770066261291504
1.387117862701416, 0.027867555618286133
1.385195016860962, 0.02840137481689453
1.3835880756378174, 0.027895450592041016
1.388567566871643, 0.028160810470581055
1.3832073211669922, 0.027767181396484375
1.3892484903335571, 0.027545690536499023
1.3928892612457275, 0.028150320053100586
1.3845014572143555, 0.027348995208740234
1.385976791381836, 0.02776646614074707
1.3882040977478027, 0.02771592140197754
1.3750672340393066, 0.02762579917907715
1.3852851390838623, 0.02788829803466797
1.3758459091186523, 0.027500629425048828
1.39052152633667, 0.02793121337890625
1.3918771743774414, 0.027634143829345703
1.390676736831665, 0.02742600440979004
1.3791821002960205, 0.027665376663208008
1.3875170946121216, 0.02764296531677246
1.3833231925964355, 0.02776169776916504
1.3815218210220337, 0.02780604362487793
1.3914124965667725, 0.027428388595581055
1.3971712589263916, 0.0278780460357666
1.386569857597351, 0.02785944938659668
1.385103464126587, 0.02735733985900879
1.3904701471328735, 0.027849674224853516
1.3877966403961182, 0.027700185775756836
1.3923320770263672, 0.027795076370239258
1.3813796043395996, 0.02797079086303711
1.3691370487213135, 0.027961254119873047
1.3943507671356201, 0.027783870697021484
1.3855246305465698, 0.02785778045654297
1.388392448425293, 0.027881860733032227
1.3984344005584717, 0.027736902236938477
1.3975439071655273, 0.027698040008544922
1.3837370872497559, 0.02789163589477539
1.3835957050323486, 0.02764606475830078
1.3905572891235352, 0.02772808074951172
1.3968706130981445, 0.027995824813842773
1.394494652748108, 0.02767014503479004
1.4004440307617188, 0.027815580368041992
1.3841793537139893, 0.02767491340637207
1.3707177639007568, 0.027477025985717773
1.3763058185577393, 0.027368783950805664
1.393397331237793, 0.02744126319885254
1.3857431411743164, 0.027962684631347656
1.379591941833496, 0.0275118350982666
1.3919062614440918, 0.027505874633789062
1.3795530796051025, 0.027669429779052734
1.3813778162002563, 0.02735304832458496
1.3819563388824463, 0.027480363845825195
1.3933873176574707, 0.027484416961669922
1.380153775215149, 0.027448177337646484
1.3985426425933838, 0.027664899826049805
1.390084981918335, 0.02780437469482422
1.3904047012329102, 0.02731609344482422
1.3821195363998413, 0.02725076675415039
1.3811683654785156, 0.027386188507080078
1.3902955055236816, 0.027767181396484375
1.3850725889205933, 0.027448177337646484
1.3903578519821167, 0.027612686157226562
1.386027455329895, 0.027747392654418945
1.3816032409667969, 0.0274810791015625
1.3833231925964355, 0.028009414672851562
1.3960988521575928, 0.027189254760742188
1.3974322080612183, 0.0272369384765625
1.382320761680603, 0.027507305145263672
1.3889620304107666, 0.027324914932250977
1.3852894306182861, 0.027318239212036133
1.3894622325897217, 0.0273740291595459
1.3813421726226807, 0.027710437774658203
1.4000804424285889, 0.02872443199157715
1.3889293670654297, 0.02854180335998535
1.3966346979141235, 0.02866339683532715
1.3799084424972534, 0.028908729553222656
1.379051685333252, 0.028420209884643555
1.3796093463897705, 0.028954029083251953
1.3881648778915405, 0.02863454818725586
1.3795393705368042, 0.028505563735961914
1.3850414752960205, 0.02839493751525879
1.3936505317687988, 0.028347015380859375
1.3829851150512695, 0.02831244468688965
1.389733910560608, 0.028272628784179688
1.3799093961715698, 0.028313636779785156
1.3954449892044067, 0.028311967849731445
1.3825700283050537, 0.028263330459594727
1.392575979232788, 0.028056621551513672
1.3768572807312012, 0.027940988540649414
1.3928061723709106, 0.028267621994018555
1.3956549167633057, 0.0280911922454834
1.3823366165161133, 0.028090238571166992
1.38960599899292, 0.02790355682373047
1.3872852325439453, 0.027938365936279297
1.3797032833099365, 0.027853965759277344
1.3888278007507324, 0.027631282806396484
1.3883366584777832, 0.028031110763549805
1.3838356733322144, 0.02777385711669922
1.3844895362854004, 0.027702808380126953
1.3878216743469238, 0.02765369415283203
1.3875935077667236, 0.02780461311340332
1.3809897899627686, 0.028714656829833984
1.3927037715911865, 0.028881072998046875
1.3889377117156982, 0.027963876724243164
1.381415605545044, 0.028184890747070312
1.3806618452072144, 0.028336048126220703
1.3807430267333984, 0.028789997100830078
1.3808314800262451, 0.02808976173400879
1.3803143501281738, 0.028450727462768555
1.3988674879074097, 0.02774214744567871
1.3971147537231445, 0.028244972229003906
1.3898537158966064, 0.02842545509338379
1.3665193319320679, 0.027585268020629883
1.3911765813827515, 0.028545618057250977
1.394911527633667, 0.027915000915527344
1.3763504028320312, 0.027863264083862305
1.3945101499557495, 0.0278475284576416
1.38275945186615, 0.02762460708618164
1.3889905214309692, 0.02776360511779785
1.3817905187606812, 0.02815866470336914
1.402148962020874, 0.028081178665161133
1.3875956535339355, 0.027564525604248047
1.3968898057937622, 0.02777886390686035
1.3833062648773193, 0.02782893180847168
1.3871707916259766, 0.027660131454467773
1.3872172832489014, 0.027654170989990234
1.3926811218261719, 0.02760601043701172
1.3889400959014893, 0.027637481689453125
1.3893187046051025, 0.027898550033569336
1.3776837587356567, 0.02736043930053711
1.398620843887329, 0.02756047248840332
1.3776863813400269, 0.027521610260009766
1.4000978469848633, 0.027712106704711914
1.3750250339508057, 0.027701616287231445
1.3876525163650513, 0.02742314338684082
1.3816554546356201, 0.027636289596557617
1.384394645690918, 0.027726173400878906
1.3806087970733643, 0.027748584747314453
1.3872294425964355, 0.02750992774963379
1.3788315057754517, 0.027519941329956055
1.379135012626648, 0.027347087860107422
1.390339732170105, 0.02772045135498047
1.3894641399383545, 0.027813196182250977
1.3778440952301025, 0.02715921401977539
1.3777018785476685, 0.02736043930053711
1.3936192989349365, 0.02774834632873535
1.3999322652816772, 0.028165578842163086
1.3842827081680298, 0.028038501739501953
1.384511947631836, 0.028263568878173828
1.3817336559295654, 0.027611494064331055
1.3931210041046143, 0.027942180633544922
1.3894948959350586, 0.02802586555480957
1.3849549293518066, 0.027760744094848633
1.3774950504302979, 0.027535676956176758
1.382228136062622, 0.027609586715698242
1.3914811611175537, 0.0275418758392334
1.3817191123962402, 0.02777719497680664
1.384200096130371, 0.027735471725463867
1.3834922313690186, 0.02756524085998535
1.3779016733169556, 0.027671098709106445
1.3887712955474854, 0.027579784393310547
1.3871703147888184, 0.027651309967041016
1.387837290763855, 0.027857303619384766
1.3717490434646606, 0.027416467666625977
1.383025884628296, 0.027881383895874023
1.3863263130187988, 0.027507781982421875
1.3852877616882324, 0.027806520462036133
1.3818680047988892, 0.028040647506713867
1.3963611125946045, 0.028146743774414062
1.3839221000671387, 0.028217554092407227
1.3851834535598755, 0.02844095230102539
1.3872826099395752, 0.027670860290527344
1.3760197162628174, 0.028124094009399414
1.3898242712020874, 0.028713703155517578
1.3950022459030151, 0.02781534194946289
1.3733952045440674, 0.02796769142150879
1.386386513710022, 0.027607440948486328
1.3946316242218018, 0.02773880958557129
1.3935424089431763, 0.027896642684936523
1.4014670848846436, 0.02907085418701172
1.3982527256011963, 0.027678728103637695
1.3939135074615479, 0.02776813507080078
1.3830957412719727, 0.027558565139770508
1.3828022480010986, 0.027614355087280273
1.386523723602295, 0.027590036392211914
1.3950022459030151, 0.02733016014099121
1.3793673515319824, 0.027584075927734375
1.3850204944610596, 0.02754950523376465
1.3865004777908325, 0.027643918991088867
1.3891475200653076, 0.028403043746948242
1.3824424743652344, 0.028374195098876953
1.3910272121429443, 0.02807140350341797
1.3776414394378662, 0.028264522552490234
1.381540060043335, 0.02841925621032715
1.3793658018112183, 0.028245925903320312
1.3847392797470093, 0.028066158294677734
1.3882842063903809, 0.028429508209228516
1.3857650756835938, 0.02841782569885254
1.3933050632476807, 0.028097152709960938
1.3815127611160278, 0.02844977378845215
1.3842120170593262, 0.028290271759033203
1.3836963176727295, 0.028075695037841797
1.3787720203399658, 0.0280303955078125
1.3802096843719482, 0.028157711029052734
1.3753018379211426, 0.028060197830200195
1.3716624975204468, 0.027917861938476562
1.385288953781128, 0.027997970581054688
1.3839308023452759, 0.02794051170349121
1.3911114931106567, 0.027807950973510742
1.3869832754135132, 0.02821207046508789
1.3934698104858398, 0.02755904197692871
1.373483657836914, 0.027617454528808594
1.3811767101287842, 0.027477264404296875
1.3967958688735962, 0.02759408950805664
1.3779723644256592, 0.0277097225189209
1.38469398021698, 0.027699947357177734
1.389567255973816, 0.027656078338623047
1.3834304809570312, 0.02762150764465332
1.3751870393753052, 0.02792835235595703
1.3864880800247192, 0.02877330780029297
1.3850877285003662, 0.02841925621032715
1.3936338424682617, 0.02873682975769043
1.3979661464691162, 0.0285797119140625
1.3850687742233276, 0.02856588363647461
1.3854482173919678, 0.028277158737182617
1.38631010055542, 0.028365373611450195
1.3921266794204712, 0.02841019630432129
1.3799142837524414, 0.02818918228149414
1.3858286142349243, 0.028412342071533203
1.378337025642395, 0.028221607208251953
1.3907122611999512, 0.02829742431640625
1.3782199621200562, 0.02835988998413086
1.3917983770370483, 0.028405189514160156
1.3911138772964478, 0.028430700302124023
1.3938653469085693, 0.027967453002929688
1.3940422534942627, 0.028056859970092773
1.3975300788879395, 0.027830123901367188
1.390798568725586, 0.02802753448486328
1.3887617588043213, 0.027949094772338867
1.3852555751800537, 0.027893781661987305
1.3883498907089233, 0.028270483016967773
1.3825879096984863, 0.027984619140625
1.3861191272735596, 0.027913808822631836
1.3899288177490234, 0.027973413467407227
1.3878037929534912, 0.028142690658569336
1.3831294775009155, 0.028749465942382812
1.3828835487365723, 0.028041601181030273
1.376315951347351, 0.02779984474182129
1.3831346035003662, 0.027682781219482422
1.3834102153778076, 0.02773308753967285
1.3901255130767822, 0.027559995651245117
1.3946857452392578, 0.02763652801513672
1.388390302658081, 0.027801513671875
1.3916196823120117, 0.02787637710571289
1.3814175128936768, 0.027454853057861328
1.395937204360962, 0.027678489685058594
1.380192756652832, 0.02723836898803711
1.3975725173950195, 0.0274050235748291
1.4013888835906982, 0.027685880661010742
1.390263319015503, 0.02732706069946289
1.381637692451477, 0.027600526809692383
1.3871409893035889, 0.02757430076599121
1.4081008434295654, 0.027581214904785156
1.3897254467010498, 0.02738642692565918
1.3882086277008057, 0.027514219284057617
1.3847925662994385, 0.027219533920288086
1.3829054832458496, 0.0054357051849365234
1.388278603553772, 0.0048427581787109375
1.379353404045105, 0.0070650577545166016
1.3895047903060913, 0.02206707000732422
1.398228645324707, 0.027711153030395508
1.3833223581314087, 0.026924848556518555
1.3944697380065918, 0.02749776840209961
1.374622106552124, 0.027644634246826172
1.3896493911743164, 0.027289390563964844
1.3891856670379639, 0.02737283706665039
1.4015103578567505, 0.02760028839111328
1.3821454048156738, 0.027487754821777344
1.3881189823150635, 0.027572154998779297
1.3746302127838135, 0.027473926544189453
1.378399133682251, 0.027454853057861328
1.3823543787002563, 0.028629779815673828
1.3913564682006836, 0.0277707576751709
1.3776023387908936, 0.027297258377075195
1.3792535066604614, 0.027632713317871094
1.3800780773162842, 0.027617454528808594
1.3973383903503418, 0.02799677848815918
1.3830939531326294, 0.027635812759399414
1.3867377042770386, 0.02716517448425293
1.3906110525131226, 0.027798175811767578
1.3960776329040527, 0.02758622169494629
1.3986650705337524, 0.027796030044555664
1.3794646263122559, 0.027461528778076172
1.3897554874420166, 0.027705669403076172
1.377995491027832, 0.027776718139648438
1.3831729888916016, 0.027611494064331055
1.383772611618042, 0.027804136276245117
1.3934614658355713, 0.027576446533203125
1.380948781967163, 0.02747344970703125
1.3933255672454834, 0.027530908584594727
1.3951990604400635, 0.02732682228088379
1.395501732826233, 0.027515649795532227
1.3765186071395874, 0.02745342254638672
1.3914918899536133, 0.027375221252441406
1.3895583152770996, 0.027477502822875977
1.3843427896499634, 0.027287960052490234
1.390399694442749, 0.028621196746826172
1.3792171478271484, 0.028690099716186523
1.369534969329834, 0.028638839721679688
1.382309913635254, 0.028813600540161133
1.3868616819381714, 0.028491973876953125
1.3826308250427246, 0.028561830520629883
1.3944933414459229, 0.028598308563232422
1.3754053115844727, 0.028473377227783203
1.3741021156311035, 0.028409481048583984
1.3731539249420166, 0.028438806533813477
1.4011379480361938, 0.028479814529418945
1.386202335357666, 0.02843451499938965
1.3892927169799805, 0.02818918228149414
1.3872069120407104, 0.028325319290161133
1.3912149667739868, 0.027968883514404297
1.4007315635681152, 0.028383255004882812
1.3951165676116943, 0.027743101119995117
1.3812834024429321, 0.028289079666137695
1.3823273181915283, 0.02810835838317871
1.382983684539795, 0.027971744537353516
1.3881235122680664, 0.028296470642089844
1.396746277809143, 0.027991533279418945
1.3748104572296143, 0.027947187423706055
1.3871877193450928, 0.0278167724609375
1.3874822854995728, 0.02790069580078125
1.3941763639450073, 0.027893543243408203
1.3791754245758057, 0.02764153480529785
1.3854401111602783, 0.02845001220703125
1.3941433429718018, 0.027250051498413086
1.3955378532409668, 0.027758359909057617
1.3938674926757812, 0.027689695358276367
1.3801664113998413, 0.02834486961364746
1.3931478261947632, 0.02784895896911621
1.3841440677642822, 0.027781248092651367
1.3891301155090332, 0.027964353561401367
1.3850679397583008, 0.02770829200744629
1.3881393671035767, 0.028016090393066406
1.3928556442260742, 0.027998685836791992
1.3889544010162354, 0.027740955352783203
1.3918331861495972, 0.027964353561401367
1.3797526359558105, 0.02745342254638672
1.390967607498169, 0.027667760848999023
1.3971383571624756, 0.02844381332397461
1.3917903900146484, 0.027764320373535156
1.3780421018600464, 0.02770519256591797
1.38918137550354, 0.027535676956176758
1.3967796564102173, 0.027485132217407227
1.3762084245681763, 0.028239011764526367
1.3725392818450928, 0.027434349060058594
1.3891959190368652, 0.027561664581298828
1.4065263271331787, 0.02764129638671875
1.3917615413665771, 0.02814936637878418
1.391340732574463, 0.027756690979003906
1.3868370056152344, 0.02802276611328125
1.3822237253189087, 0.027803897857666016
1.3759725093841553, 0.027875900268554688
1.3794851303100586, 0.028232097625732422
1.3892946243286133, 0.027954816818237305
1.3925158977508545, 0.027935504913330078
1.3906381130218506, 0.02799510955810547
1.3827905654907227, 0.028055667877197266
1.389559268951416, 0.027887821197509766
1.388710618019104, 0.0278627872467041
1.395129680633545, 0.028080463409423828
1.387031078338623, 0.02791762351989746
1.3863065242767334, 0.027966737747192383
1.3717055320739746, 0.027693986892700195
1.3877744674682617, 0.027748584747314453
1.3865509033203125, 0.027706623077392578
1.3802213668823242, 0.027675867080688477
1.3904554843902588, 0.028025150299072266
1.3795018196105957, 0.0272519588470459
1.3913630247116089, 0.02784276008605957
1.3837659358978271, 0.027595043182373047
1.38995361328125, 0.02767157554626465
1.3912605047225952, 0.02780890464782715
1.3891537189483643, 0.027654647827148438
1.3931634426116943, 0.02787041664123535
1.3819239139556885, 0.027663707733154297
1.3814387321472168, 0.02803182601928711
1.3818397521972656, 0.028122663497924805
1.3865184783935547, 0.027569055557250977
1.3869333267211914, 0.02756214141845703
1.3920199871063232, 0.028131961822509766
1.3894848823547363, 0.02742767333984375
1.390782117843628, 0.027521848678588867
1.3761261701583862, 0.02738165855407715
1.3809876441955566, 0.027533292770385742
1.3852512836456299, 0.027138948440551758
1.3949036598205566, 0.027575254440307617
1.396017074584961, 0.026908397674560547
1.383362054824829, 0.027352333068847656
1.391493558883667, 0.02726912498474121
1.3870463371276855, 0.027319908142089844
1.3793020248413086, 0.02724766731262207
1.392390251159668, 0.02861642837524414
1.385585069656372, 0.028856992721557617
1.3773448467254639, 0.02820873260498047
1.384061336517334, 0.028559446334838867
1.3946584463119507, 0.028522491455078125
1.3893663883209229, 0.028954744338989258
1.384720802307129, 0.02838873863220215
1.3847639560699463, 0.028156757354736328
1.3932201862335205, 0.02807450294494629
1.380423665046692, 0.02785944938659668
1.3822832107543945, 0.028029203414916992
1.3876497745513916, 0.0279693603515625
1.3912441730499268, 0.028302431106567383
1.3948113918304443, 0.02806568145751953
1.3846465349197388, 0.02802562713623047
1.3816027641296387, 0.028037071228027344
1.3927439451217651, 0.02803206443786621
1.3854074478149414, 0.027866840362548828
1.3820586204528809, 0.02788066864013672
1.3856871128082275, 0.027664899826049805
1.4005608558654785, 0.02806854248046875
1.3638207912445068, 0.027730941772460938
1.3889940977096558, 0.028068065643310547
1.384630560874939, 0.027817964553833008
1.386493444442749, 0.02808690071105957
1.3921048641204834, 0.027993202209472656
1.3871204853057861, 0.027817726135253906
1.3877527713775635, 0.028171300888061523
1.3791874647140503, 0.02787017822265625
1.3789162635803223, 0.027810096740722656
1.3820140361785889, 0.02801203727722168
1.3787976503372192, 0.02800440788269043
1.3911011219024658, 0.027998685836791992
1.3958427906036377, 0.027870893478393555
1.393147587776184, 0.0280458927154541
1.38901948928833, 0.027926206588745117
1.3877508640289307, 0.027643680572509766
1.3772023916244507, 0.027724266052246094
1.3935816287994385, 0.027789831161499023
1.3841257095336914, 0.027469873428344727
1.3799680471420288, 0.02766728401184082
1.3820877075195312, 0.02745962142944336
1.3907054662704468, 0.027735233306884766
1.3837761878967285, 0.027531147003173828
1.3825092315673828, 0.02841949462890625
1.3852919340133667, 0.02853226661682129
1.382138967514038, 0.028339624404907227
1.3763855695724487, 0.028403520584106445
1.3849761486053467, 0.02816033363342285
1.3847239017486572, 0.028264999389648438
1.3719966411590576, 0.02823805809020996
1.3984352350234985, 0.028116226196289062
1.3884307146072388, 0.02848529815673828
1.3875476121902466, 0.0285336971282959
1.3877902030944824, 0.02846670150756836
1.3868749141693115, 0.028104305267333984
1.3923848867416382, 0.028120994567871094
1.3932263851165771, 0.028220176696777344
1.3865044116973877, 0.027972936630249023
1.400081753730774, 0.028156280517578125
1.4013824462890625, 0.028272628784179688
1.3738362789154053, 0.027970075607299805
1.3900160789489746, 0.0279390811920166
1.3809341192245483, 0.02791571617126465
1.3825531005859375, 0.02805948257446289
1.3789138793945312, 0.028135061264038086
1.3852908611297607, 0.0272977352142334
1.3752896785736084, 0.027672290802001953
1.376570463180542, 0.027656078338623047
1.3831998109817505, 0.02798748016357422
1.380930781364441, 0.0274350643157959
1.390779733657837, 0.02766132354736328
1.3856582641601562, 0.027793169021606445
1.3785171508789062, 0.027417898178100586
1.3851871490478516, 0.02779102325439453
1.3769819736480713, 0.027715206146240234
1.3865840435028076, 0.02735304832458496
1.3924496173858643, 0.028048992156982422
1.3857042789459229, 0.027467012405395508
1.393897533416748, 0.02790999412536621
1.3857276439666748, 0.027691125869750977
1.3765347003936768, 0.027580976486206055
1.3849103450775146, 0.02783679962158203
1.3863459825515747, 0.02765345573425293
1.3835456371307373, 0.02770543098449707
1.3821245431900024, 0.02763676643371582
1.3822860717773438, 0.027556180953979492
1.377539873123169, 0.027789831161499023
1.3933238983154297, 0.02794814109802246
1.3802478313446045, 0.027820825576782227
1.3765809535980225, 0.02806997299194336
1.3965098857879639, 0.027034997940063477
1.3878247737884521, 0.02792215347290039
1.3924643993377686, 0.027616262435913086
1.3911714553833008, 0.02798771858215332
1.3937081098556519, 0.02860736846923828
1.388998031616211, 0.028469324111938477
1.3747868537902832, 0.02849602699279785
1.3977553844451904, 0.028247833251953125
1.383486270904541, 0.02845168113708496
1.3817775249481201, 0.028278827667236328
1.3988714218139648, 0.028149843215942383
1.3722118139266968, 0.02836894989013672
1.3857786655426025, 0.028090476989746094
1.383325457572937, 0.028117656707763672
1.3777369260787964, 0.028072595596313477
1.3951424360275269, 0.028114795684814453
1.3766735792160034, 0.028059720993041992
1.3828206062316895, 0.028025150299072266
1.3930249214172363, 0.028229713439941406
1.3967888355255127, 0.027918100357055664
1.391788125038147, 0.027652978897094727
1.38898766040802, 0.027686357498168945
1.3877164125442505, 0.027718067169189453
1.3805210590362549, 0.027892351150512695
1.3862581253051758, 0.0278012752532959
1.3889731168746948, 0.027288198471069336
1.3919298648834229, 0.027740001678466797
1.3918075561523438, 0.02780914306640625
1.3916313648223877, 0.028133392333984375
1.3866368532180786, 0.02742743492126465
1.3934011459350586, 0.028066635131835938
1.379281997680664, 0.027832984924316406
1.392246961593628, 0.02768731117248535
1.3954721689224243, 0.027904748916625977
1.380013346672058, 0.027625560760498047
1.3824372291564941, 0.027732133865356445
1.3949024677276611, 0.02852940559387207
1.3964508771896362, 0.027721643447875977
1.3887050151824951, 0.027864933013916016
1.3949836492538452, 0.027823925018310547
1.3839383125305176, 0.027573347091674805
1.3767621517181396, 0.028097867965698242
1.395288109779358, 0.027347087860107422
1.3947941064834595, 0.027486562728881836
1.3886053562164307, 0.027466773986816406
1.3724991083145142, 0.02759528160095215
1.3864781856536865, 0.027657270431518555
1.386720061302185, 0.027686357498168945
1.3850985765457153, 0.027588367462158203
1.4006962776184082, 0.02769160270690918
1.3833718299865723, 0.027324914932250977
1.3857941627502441, 0.02809309959411621
1.3841185569763184, 0.02761530876159668
1.3971757888793945, 0.02759695053100586
1.3964321613311768, 0.027893543243408203
1.3790398836135864, 0.027495145797729492
1.389746069908142, 0.02771902084350586
1.370818853378296, 0.02734231948852539
1.38173508644104, 0.02757406234741211
1.383061408996582, 0.027868986129760742
1.3951590061187744, 0.02774214744567871
1.381894826889038, 0.027222871780395508
1.3836548328399658, 0.027791261672973633
1.3747498989105225, 0.027388572692871094
1.393125057220459, 0.028036832809448242
1.3829655647277832, 0.027428627014160156
1.3844921588897705, 0.0277097225189209
1.3820524215698242, 0.0276181697845459
1.3836885690689087, 0.02753925323486328
1.3941071033477783, 0.027727127075195312
1.3875478506088257, 0.027752161026000977
1.3834333419799805, 0.02796649932861328
1.382824420928955, 0.027515411376953125
1.3883919715881348, 0.027644872665405273
1.37295401096344, 0.027866601943969727
1.3837237358093262, 0.027739524841308594
1.3833380937576294, 0.027636289596557617
1.3773610591888428, 0.02778768539428711
1.378295660018921, 0.02822589874267578
1.387878656387329, 0.027298688888549805
1.383298397064209, 0.027657032012939453
1.3895502090454102, 0.027739286422729492
1.3846595287322998, 0.02782416343688965
1.3867930173873901, 0.028039216995239258
1.393998146057129, 0.027965784072875977
1.3940082788467407, 0.027791261672973633
1.3861960172653198, 0.027672767639160156
1.3886761665344238, 0.028010845184326172
1.3922119140625, 0.027782917022705078
1.380125641822815, 0.027873992919921875
1.3993549346923828, 0.02796006202697754
1.382980227470398, 0.027870655059814453
1.3864941596984863, 0.027858972549438477
1.3824338912963867, 0.02770066261291504
1.3814647197723389, 0.027899980545043945
1.3787250518798828, 0.027713537216186523
1.3951382637023926, 0.027446269989013672
1.3803019523620605, 0.027971506118774414
1.392139196395874, 0.02765965461730957
1.3855005502700806, 0.02776050567626953
1.3802101612091064, 0.027953386306762695
1.3926085233688354, 0.027298927307128906
1.392662525177002, 0.027257919311523438
1.3808321952819824, 0.027306795120239258
1.3870717287063599, 0.027703523635864258
1.3749111890792847, 0.027034521102905273
1.3805277347564697, 0.027239322662353516
1.387198805809021, 0.02796173095703125
1.3967998027801514, 0.02828693389892578
1.3901526927947998, 0.02765178680419922
1.3935010433197021, 0.02822732925415039
1.3959261178970337, 0.028038740158081055
1.377281904220581, 0.02801227569580078
1.382761001586914, 0.02802419662475586
1.3893802165985107, 0.028579235076904297
1.3970062732696533, 0.02806711196899414
1.3881101608276367, 0.02767014503479004
1.383983850479126, 0.028037071228027344
1.3847047090530396, 0.02790999412536621
1.3893640041351318, 0.02817225456237793
1.4054099321365356, 0.027878761291503906
1.3857585191726685, 0.0277862548828125
1.387153148651123, 0.028024911880493164
1.3824663162231445, 0.027605533599853516
1.3928604125976562, 0.027571439743041992
1.386492133140564, 0.027838945388793945
1.382447600364685, 0.02757096290588379
1.3991398811340332, 0.02782154083251953
1.3810902833938599, 0.027706146240234375
1.396383285522461, 0.027608394622802734
1.387160062789917, 0.02800750732421875
1.3861180543899536, 0.027879953384399414
1.3925435543060303, 0.027723312377929688
1.379740834236145, 0.027829885482788086
1.3785709142684937, 0.027663230895996094
1.393331527709961, 0.027880191802978516
1.3961384296417236, 0.02772665023803711
1.3846211433410645, 0.027948617935180664
1.3716552257537842, 0.02826213836669922
1.378770351409912, 0.02785778045654297
1.3826239109039307, 0.028345108032226562
1.3885401487350464, 0.028284788131713867
1.391963005065918, 0.027905702590942383
1.3896360397338867, 0.027981281280517578
1.4023206233978271, 0.027942180633544922
1.3762505054473877, 0.02791905403137207
1.3875412940979004, 0.02761054039001465
1.3968002796173096, 0.027741432189941406
1.3913850784301758, 0.02771615982055664
1.3896830081939697, 0.02765369415283203
1.3781723976135254, 0.02847123146057129
1.3940412998199463, 0.027335643768310547
1.369929313659668, 0.027766942977905273
1.3903791904449463, 0.027622461318969727
1.3853788375854492, 0.0275113582611084
1.384408950805664, 0.027675867080688477
1.3942663669586182, 0.02771759033203125
1.3770828247070312, 0.0278928279876709
1.3880703449249268, 0.02806711196899414
1.383027195930481, 0.028055906295776367
1.382441520690918, 0.028438568115234375
1.3816018104553223, 0.02802109718322754
1.3883776664733887, 0.028154373168945312
1.3827579021453857, 0.028382539749145508
1.3848398923873901, 0.028066635131835938
1.3886678218841553, 0.028162240982055664
1.3707408905029297, 0.027743816375732422
1.3863697052001953, 0.02791762351989746
1.3921406269073486, 0.0278470516204834
1.393127202987671, 0.027771949768066406
1.376560926437378, 0.028082609176635742
1.3781460523605347, 0.027743816375732422
1.3833067417144775, 0.027763843536376953
1.3963018655776978, 0.027441978454589844
1.3996472358703613, 0.027456283569335938
1.3770761489868164, 0.027643442153930664
1.395937442779541, 0.027616024017333984
1.3933956623077393, 0.027557373046875
1.389240026473999, 0.027626752853393555
1.3924870491027832, 0.027624130249023438
1.3939728736877441, 0.02825617790222168
1.3924260139465332, 0.02832770347595215
1.378861665725708, 0.0281984806060791
1.397674560546875, 0.028256654739379883
1.3911811113357544, 0.028141021728515625
1.3776307106018066, 0.028377532958984375
1.3859856128692627, 0.02823328971862793
1.3866932392120361, 0.0282137393951416
1.3933581113815308, 0.027728796005249023
1.3901968002319336, 0.027944564819335938
1.383583903312683, 0.028038501739501953
1.3861771821975708, 0.028011083602905273
1.3842031955718994, 0.028122663497924805
1.3827019929885864, 0.02796626091003418
1.384719729423523, 0.027668237686157227
1.380226969718933, 0.02779698371887207
1.3846750259399414, 0.027648448944091797
1.3915303945541382, 0.027755260467529297
1.3802192211151123, 0.027695655822753906
1.3800785541534424, 0.027560710906982422
1.3872604370117188, 0.02769160270690918
1.3874025344848633, 0.02743840217590332
1.3839913606643677, 0.027739286422729492
1.3981208801269531, 0.027810096740722656
1.386462926864624, 0.027436017990112305
1.3926959037780762, 0.027663707733154297
1.3885304927825928, 0.027648210525512695
1.3864774703979492, 0.027772903442382812
1.385264277458191, 0.027661561965942383
1.3879257440567017, 0.027694225311279297
1.384995937347412, 0.027827739715576172
1.3895316123962402, 0.02758502960205078
1.3894312381744385, 0.027643918991088867
1.3764171600341797, 0.027872562408447266
1.3953890800476074, 0.02779674530029297
1.377280831336975, 0.0278472900390625
1.3875668048858643, 0.027573585510253906
1.3874212503433228, 0.027762413024902344
1.3741568326950073, 0.027481555938720703
1.3776180744171143, 0.02742767333984375
1.3866996765136719, 0.027600765228271484
1.3972467184066772, 0.027586698532104492
1.3833770751953125, 0.027495861053466797
1.3761913776397705, 0.027795791625976562
1.3826961517333984, 0.027571439743041992
1.3876237869262695, 0.027837276458740234
1.3863162994384766, 0.027982711791992188
1.3751847743988037, 0.027915239334106445
1.3796641826629639, 0.027886152267456055
1.3885242938995361, 0.027625083923339844
1.3943328857421875, 0.02769327163696289
1.386549949645996, 0.028011560440063477
1.3832899332046509, 0.027489185333251953
1.3797130584716797, 0.02775740623474121
1.3742296695709229, 0.027682065963745117
1.3802781105041504, 0.027606964111328125
1.3854551315307617, 0.027910232543945312
1.3879101276397705, 0.027725696563720703
1.38706374168396, 0.027779102325439453
1.399810552597046, 0.027575016021728516
1.3865035772323608, 0.0280454158782959
1.386191725730896, 0.027702808380126953
1.3972924947738647, 0.027701139450073242
1.3935885429382324, 0.02764582633972168
1.392554759979248, 0.02773904800415039
1.3889458179473877, 0.02773880958557129
1.3802385330200195, 0.02836775779724121
1.3878180980682373, 0.028383970260620117
1.3872625827789307, 0.028321027755737305
1.3870362043380737, 0.02832198143005371
1.3780518770217896, 0.028290510177612305
1.3860869407653809, 0.028259754180908203
1.3823754787445068, 0.028261899948120117
1.3939952850341797, 0.028287649154663086
1.382370948791504, 0.02805352210998535
1.3741332292556763, 0.028034687042236328
1.3763916492462158, 0.027959823608398438
1.3865638971328735, 0.028002262115478516
1.3944487571716309, 0.028536319732666016
1.3864182233810425, 0.028140783309936523
1.3895676136016846, 0.027593135833740234
1.385107159614563, 0.027716398239135742
1.3978025913238525, 0.027614355087280273
1.3899753093719482, 0.027797460556030273
1.38612699508667, 0.027833223342895508
1.3832674026489258, 0.027802228927612305
1.3915927410125732, 0.027844667434692383
1.3854827880859375, 0.02770066261291504
1.378596544265747, 0.028098106384277344
1.3811904191970825, 0.027687549591064453
1.3819879293441772, 0.027798891067504883
1.3860713243484497, 0.028110742568969727
1.3791635036468506, 0.027240753173828125
1.394430160522461, 0.02774190902709961
1.385080099105835, 0.027648210525512695
1.38534414768219, 0.027909278869628906
1.3949599266052246, 0.027654170989990234
1.3814870119094849, 0.02781987190246582
1.399716854095459, 0.02779531478881836
1.3858811855316162, 0.02765035629272461
1.3888225555419922, 0.027805566787719727
1.37813401222229, 0.027870893478393555
1.3932777643203735, 0.027571678161621094
1.3869179487228394, 0.0276334285736084
1.3866521120071411, 0.027273178100585938
1.387256145477295, 0.027493000030517578
1.3942039012908936, 0.02767634391784668
1.3944001197814941, 0.02748274803161621
1.3808213472366333, 0.027422666549682617
1.3843880891799927, 0.027567386627197266
1.3808178901672363, 0.028312206268310547
1.389838695526123, 0.028352022171020508
1.3773107528686523, 0.028605937957763672
1.3905826807022095, 0.028281688690185547
1.385054349899292, 0.028469324111938477
1.3904703855514526, 0.028843402862548828
1.382567048072815, 0.028464555740356445
1.3890032768249512, 0.028155803680419922
1.3935801982879639, 0.02818012237548828
1.3757970333099365, 0.028109073638916016
1.3797037601470947, 0.02805471420288086
1.3783822059631348, 0.028394222259521484
1.388585090637207, 0.028011560440063477
1.3813387155532837, 0.028348207473754883
1.3748226165771484, 0.02796649932861328
1.390446424484253, 0.0279085636138916
1.3975608348846436, 0.027831315994262695
1.3913044929504395, 0.027863264083862305
1.375208854675293, 0.028278827667236328
1.3790559768676758, 0.02773261070251465
1.3861476182937622, 0.02810359001159668
1.3918284177780151, 0.02766561508178711
1.3839566707611084, 0.02760148048400879
1.3778268098831177, 0.028124094009399414
1.3797671794891357, 0.028170108795166016
1.3864996433258057, 0.027675390243530273
1.385154128074646, 0.027657747268676758
1.3935284614562988, 0.02783989906311035
1.3878490924835205, 0.02832317352294922
1.393355369567871, 0.027626991271972656
1.3852462768554688, 0.027909517288208008
1.3859844207763672, 0.028112173080444336
1.3870112895965576, 0.0279691219329834
1.3873106241226196, 0.02819347381591797
1.387486457824707, 0.027878522872924805
1.3725780248641968, 0.02792668342590332
1.383146047592163, 0.027919292449951172
1.4031126499176025, 0.02766728401184082
1.3911925554275513, 0.027688264846801758
1.3809068202972412, 0.027462482452392578
1.3752487897872925, 0.027817726135253906
1.386505365371704, 0.02780747413635254
1.3808519840240479, 0.02746272087097168
1.377507209777832, 0.027911663055419922
1.3937430381774902, 0.027684688568115234
1.3932926654815674, 0.027614355087280273
1.388541340827942, 0.027735233306884766
1.387693166732788, 0.027675151824951172
1.378981590270996, 0.027529239654541016
1.3848893642425537, 0.027346134185791016
1.392195701599121, 0.027461528778076172
1.3750791549682617, 0.02781224250793457
1.392622470855713, 0.028239011764526367
1.38930344581604, 0.027915000915527344
1.3826274871826172, 0.027668237686157227
1.3852142095565796, 0.027986526489257812
1.3839035034179688, 0.0280911922454834
1.3862805366516113, 0.027796268463134766
1.3919885158538818, 0.02791619300842285
1.3846895694732666, 0.027895450592041016
1.3971922397613525, 0.02816486358642578
1.3927198648452759, 0.028008699417114258
1.3898483514785767, 0.027987003326416016
1.383334994316101, 0.027981281280517578
1.387335181236267, 0.027975082397460938
1.3793463706970215, 0.027917861938476562
1.3811417818069458, 0.02812361717224121
1.3695814609527588, 0.027883052825927734
1.3827400207519531, 0.028300046920776367
1.3809566497802734, 0.02746891975402832
1.3831921815872192, 0.028044700622558594
1.4009480476379395, 0.028075456619262695
1.3826011419296265, 0.028089046478271484
1.3787930011749268, 0.028532028198242188
1.3809049129486084, 0.027373790740966797
1.3872451782226562, 0.028200149536132812
1.3812661170959473, 0.02749347686767578
1.385603904724121, 0.028423309326171875
1.3837480545043945, 0.02799391746520996
1.3791782855987549, 0.028149843215942383
1.399898648262024, 0.027665138244628906
1.3907135725021362, 0.027701377868652344
1.3847382068634033, 0.02785491943359375
1.3958463668823242, 0.027555465698242188
1.381126880645752, 0.027621984481811523
1.3839410543441772, 0.027930259704589844
1.377226710319519, 0.027436017990112305
1.3822481632232666, 0.027960777282714844
1.3961553573608398, 0.028743505477905273
1.3929091691970825, 0.02834033966064453
1.395678162574768, 0.028472185134887695
1.391137719154358, 0.028624296188354492
1.3945287466049194, 0.028529882431030273
1.389357089996338, 0.028604984283447266
1.3912088871002197, 0.028525114059448242
1.3877027034759521, 0.028554916381835938
1.3880376815795898, 0.02795267105102539
1.3937609195709229, 0.02828192710876465
1.3790022134780884, 0.02804851531982422
1.3898906707763672, 0.028154850006103516
1.3911161422729492, 0.028646469116210938
1.3772892951965332, 0.027779340744018555
1.3880099058151245, 0.0280001163482666
1.3758842945098877, 0.027807235717773438
1.3943934440612793, 0.027967214584350586
1.3851616382598877, 0.028214454650878906
1.3876934051513672, 0.028090953826904297
1.3800724744796753, 0.02781510353088379
1.3784005641937256, 0.02774786949157715
1.3922574520111084, 0.02803325653076172
1.3949577808380127, 0.027300119400024414
1.3855236768722534, 0.027608871459960938
1.3872175216674805, 0.027978181838989258
1.399387240409851, 0.02773904800415039
1.3843793869018555, 0.027313947677612305
1.3787763118743896, 0.028347015380859375
1.3903305530548096, 0.027552127838134766
1.3978288173675537, 0.02768421173095703
1.3858668804168701, 0.027539968490600586
1.3858437538146973, 0.027621984481811523
1.3928618431091309, 0.027738571166992188
1.3914878368377686, 0.028629302978515625
1.384406566619873, 0.027423381805419922
1.3962677717208862, 0.02806997299194336
1.38374662399292, 0.028841257095336914
1.3781108856201172, 0.028241395950317383
1.3929147720336914, 0.02809453010559082
1.3917124271392822, 0.028503894805908203
1.3848156929016113, 0.02773284912109375
1.3813271522521973, 0.028104543685913086
1.3860595226287842, 0.028330087661743164
1.386453628540039, 0.02809453010559082
1.3849601745605469, 0.029186487197875977
1.3779077529907227, 0.028012990951538086
1.3852527141571045, 0.027777910232543945
1.3801177740097046, 0.027643442153930664
1.392771601676941, 0.0276031494140625
1.38600492477417, 0.0279541015625
1.3888452053070068, 0.027856111526489258
1.3892513513565063, 0.02734827995300293
1.3906443119049072, 0.02781963348388672
1.4003247022628784, 0.02731037139892578
1.387204885482788, 0.027610063552856445
1.3862628936767578, 0.027610063552856445
1.3933608531951904, 0.027810335159301758
1.3806135654449463, 0.027714014053344727
1.3884996175765991, 0.027933835983276367
1.401310682296753, 0.028200387954711914
1.3874363899230957, 0.02815699577331543
1.3833246231079102, 0.028521299362182617
1.3918473720550537, 0.028373003005981445
1.3841874599456787, 0.028174161911010742
1.3816715478897095, 0.028365612030029297
1.3858132362365723, 0.027678489685058594
1.3786530494689941, 0.027800798416137695
1.3701560497283936, 0.02793574333190918
1.386142611503601, 0.027932405471801758
1.3934017419815063, 0.028264760971069336
1.3796557188034058, 0.028023242950439453
1.3926160335540771, 0.02764439582824707
1.3869932889938354, 0.027760982513427734
1.3909797668457031, 0.02761077880859375
1.3896186351776123, 0.027842044830322266
1.3962141275405884, 0.027588844299316406
1.3839330673217773, 0.027470827102661133
1.3845834732055664, 0.027947425842285156
1.3786193132400513, 0.02724766731262207
1.381460189819336, 0.0278012752532959
1.3821203708648682, 0.02741217613220215
1.38095223903656, 0.02773118019104004
1.3806307315826416, 0.028109073638916016
1.3879576921463013, 0.026843786239624023
1.3918447494506836, 0.02750563621520996
1.3901691436767578, 0.027528047561645508
1.388716220855713, 0.02791595458984375
1.3937315940856934, 0.02775740623474121
1.3864110708236694, 0.027484655380249023
1.3834267854690552, 0.027970552444458008
1.3914613723754883, 0.02772808074951172
1.3843607902526855, 0.027681827545166016
1.3752167224884033, 0.02791738510131836
1.3838520050048828, 0.027661561965942383
1.3830018043518066, 0.027520179748535156
1.3927974700927734, 0.027347564697265625
1.387372612953186, 0.02733159065246582
1.3971478939056396, 0.027902841567993164
1.3789739608764648, 0.027332782745361328
1.3847826719284058, 0.027210474014282227
1.368764042854309, 0.027590513229370117
1.3956388235092163, 0.027548551559448242
1.3827698230743408, 0.02892327308654785
1.3888962268829346, 0.02897167205810547
1.384669303894043, 0.0287020206451416
1.3906610012054443, 0.02874469757080078
1.3842687606811523, 0.028843402862548828
1.392587423324585, 0.02904820442199707
1.3925306797027588, 0.02855205535888672
1.388573169708252, 0.028815746307373047
1.3809640407562256, 0.02818608283996582
1.3894164562225342, 0.028249025344848633
1.3976805210113525, 0.02868819236755371
1.3997130393981934, 0.028138160705566406
1.3978006839752197, 0.028553247451782227
1.3849258422851562, 0.028335094451904297
1.3900647163391113, 0.02863144874572754
1.3768246173858643, 0.027982711791992188
1.3877512216567993, 0.02812671661376953
1.382983922958374, 0.028165340423583984
1.3903377056121826, 0.02809739112854004
1.3852810859680176, 0.028204679489135742
1.4042789936065674, 0.02796196937561035
1.3916995525360107, 0.028241395950317383
1.389427661895752, 0.027827978134155273
1.3999707698822021, 0.028064250946044922
1.3995425701141357, 0.027973651885986328
1.3889470100402832, 0.027988910675048828
1.3835902214050293, 0.027741193771362305
1.3852391242980957, 0.028062820434570312
1.3874304294586182, 0.027641773223876953
1.3889973163604736, 0.027820348739624023
1.383437156677246, 0.02814626693725586
1.3828595876693726, 0.027624130249023438
1.377420425415039, 0.027744531631469727
1.3839608430862427, 0.02784872055053711
1.3929914236068726, 0.02791881561279297
1.3901124000549316, 0.02792501449584961
1.391000509262085, 0.02759861946105957
1.3868932723999023, 0.027744770050048828
1.3916521072387695, 0.02762150764465332
1.3770384788513184, 0.027643680572509766
1.381443977355957, 0.028278827667236328
1.3874059915542603, 0.027428865432739258
1.382312297821045, 0.0278470516204834
1.3844239711761475, 0.027721166610717773
1.3987643718719482, 0.027706146240234375
1.3829069137573242, 0.02733922004699707
1.3795950412750244, 0.02742290496826172
1.3991615772247314, 0.027669906616210938
1.392745852470398, 0.027463912963867188
1.3942549228668213, 0.027951478958129883
1.393544316291809, 0.027642488479614258
1.379520058631897, 0.027598857879638672
1.3926928043365479, 0.027730703353881836
1.3928756713867188, 0.02768874168395996
1.4018237590789795, 0.027707815170288086
1.3850033283233643, 0.027326583862304688
1.3834378719329834, 0.027656078338623047
1.380074381828308, 0.027591943740844727
1.387147068977356, 0.02731633186340332
1.3875291347503662, 0.027719974517822266
1.388787031173706, 0.02777695655822754
1.3844435214996338, 0.027671098709106445
1.4005979299545288, 0.027664661407470703
1.3809025287628174, 0.02745223045349121
1.3842915296554565, 0.027513980865478516
1.3814764022827148, 0.02773118019104004
1.3837119340896606, 0.027549028396606445
1.3840618133544922, 0.028350114822387695
1.394885778427124, 0.027584075927734375
1.3898729085922241, 0.02743840217590332
1.3838908672332764, 0.027761459350585938
1.3856184482574463, 0.027512788772583008
1.3949674367904663, 0.02766704559326172
1.3897510766983032, 0.02787470817565918
1.3879716396331787, 0.027551651000976562
1.3938783407211304, 0.028019189834594727
1.3868374824523926, 0.02744770050048828
1.3770151138305664, 0.02784109115600586
1.3933708667755127, 0.0278627872467041
1.3965225219726562, 0.027655601501464844
1.380057454109192, 0.02783513069152832
1.3873746395111084, 0.027648210525512695
1.3870679140090942, 0.027799606323242188
1.3955228328704834, 0.027725934982299805
1.3915693759918213, 0.02757716178894043
1.390365719795227, 0.027983903884887695
1.390221357345581, 0.027707815170288086
1.37833571434021, 0.027810096740722656
1.3785955905914307, 0.02797532081604004
1.3883321285247803, 0.027211904525756836
1.3796536922454834, 0.027775287628173828
1.387058138847351, 0.027695655822753906
1.384063959121704, 0.02788400650024414
1.39340078830719, 0.027896642684936523
1.398711919784546, 0.027837276458740234
1.3834271430969238, 0.02854156494140625
1.3912036418914795, 0.028728961944580078
1.3766193389892578, 0.028524160385131836
1.3957231044769287, 0.028798580169677734
1.3882231712341309, 0.02837657928466797
1.3858076333999634, 0.02889561653137207
1.3880252838134766, 0.02842092514038086
1.3863341808319092, 0.028336763381958008
1.3894965648651123, 0.028946638107299805
1.4013047218322754, 0.02840399742126465
1.3839775323867798, 0.028508901596069336
1.3874191045761108, 0.02831745147705078
1.3897448778152466, 0.028420209884643555
1.3877662420272827, 0.028163909912109375
1.3879780769348145, 0.028154611587524414
1.3931227922439575, 0.028164386749267578
1.3835384845733643, 0.02793574333190918
1.3875296115875244, 0.027977943420410156
1.3807891607284546, 0.028023481369018555
1.3852405548095703, 0.028208494186401367
1.3811795711517334, 0.027963638305664062
1.3836736679077148, 0.027818918228149414
1.3838715553283691, 0.027650117874145508
1.3797838687896729, 0.027605533599853516
1.3776440620422363, 0.027819156646728516
1.3837329149246216, 0.027584075927734375
1.3831347227096558, 0.027826309204101562
1.384348750114441, 0.0277252197265625
1.3850778341293335, 0.02778172492980957
1.380748987197876, 0.02859640121459961
1.3852554559707642, 0.02841973304748535
1.3829323053359985, 0.028514862060546875
1.3900781869888306, 0.028521060943603516
1.3805127143859863, 0.028636693954467773
1.3843448162078857, 0.028760671615600586
1.4019253253936768, 0.028409242630004883
1.392006754875183, 0.02837824821472168
1.380138874053955, 0.028096437454223633
1.3970587253570557, 0.0280306339263916
1.389868974685669, 0.02820134162902832
1.3934636116027832, 0.02812051773071289
1.3939542770385742, 0.028326749801635742
1.3889209032058716, 0.027995824813842773
1.3718323707580566, 0.028276681900024414
1.380271315574646, 0.028122425079345703
1.3830463886260986, 0.028012990951538086
1.381256103515625, 0.02750539779663086
1.391675591468811, 0.02780461311340332
1.3897050619125366, 0.027979612350463867
1.3933478593826294, 0.02775740623474121
1.369457483291626, 0.027639389038085938
1.3920577764511108, 0.02792668342590332
1.3880479335784912, 0.02779078483581543
1.3733315467834473, 0.02807474136352539
1.3834350109100342, 0.027817964553833008
1.3876250982284546, 0.027915000915527344
1.3830227851867676, 0.028033018112182617
1.3947522640228271, 0.027799367904663086
1.3833446502685547, 0.028031349182128906
1.3831216096878052, 0.02777886390686035
1.3858673572540283, 0.027807235717773438
1.3724499940872192, 0.028028249740600586
1.3968970775604248, 0.02776193618774414
1.3777637481689453, 0.02779412269592285
1.3874330520629883, 0.027907609939575195
1.391196370124817, 0.027745723724365234
1.3889729976654053, 0.027756452560424805
1.3852932453155518, 0.02755141258239746
1.3872027397155762, 0.027662277221679688
1.378376841545105, 0.027621030807495117
1.3915406465530396, 0.027627944946289062
1.3801078796386719, 0.02772665023803711
1.3899204730987549, 0.02761983871459961
1.380314826965332, 0.027767181396484375
1.3798284530639648, 0.027676105499267578
1.401239275932312, 0.02739858627319336
1.3764276504516602, 0.027763843536376953
1.3873900175094604, 0.027704238891601562
1.385608196258545, 0.02766561508178711
1.3891735076904297, 0.02763986587524414
1.3806662559509277, 0.027858734130859375
1.3908092975616455, 0.027575969696044922
1.393186092376709, 0.027486562728881836
1.3966553211212158, 0.027556419372558594
1.3921642303466797, 0.027672767639160156
1.3942375183105469, 0.02747344970703125
1.3802917003631592, 0.02748560905456543
1.3907734155654907, 0.02754044532775879
1.388153314590454, 0.027516841888427734
1.388636589050293, 0.027776002883911133
1.3959201574325562, 0.027520418167114258
1.3919554948806763, 0.027689695358276367
1.3767027854919434, 0.02767038345336914
1.3863825798034668, 0.027381181716918945
1.3936729431152344, 0.027783870697021484
1.3874356746673584, 0.028182029724121094
1.4008402824401855, 0.028262853622436523
1.3716709613800049, 0.0282590389251709
1.387837290763855, 0.02835392951965332
1.397036075592041, 0.028248071670532227
1.3900928497314453, 0.028033733367919922
1.3927687406539917, 0.02815699577331543
1.3825969696044922, 0.02830028533935547
1.3956042528152466, 0.02794194221496582
1.3841246366500854, 0.027522563934326172
1.376192331314087, 0.027919530868530273
1.390453815460205, 0.027960777282714844
1.3749866485595703, 0.028102874755859375
1.3780333995819092, 0.02765679359436035
1.3942586183547974, 0.028124570846557617
1.3810511827468872, 0.027719736099243164
1.3923147916793823, 0.027645111083984375
1.3809452056884766, 0.02777099609375
1.3899872303009033, 0.027444839477539062
1.393201231956482, 0.027812957763671875
1.4015114307403564, 0.027720928192138672
1.3940576314926147, 0.028113126754760742
1.379334568977356, 0.027600765228271484
1.3903381824493408, 0.02774190902709961
1.378601312637329, 0.02792954444885254
1.384970784187317, 0.02774667739868164
1.3899884223937988, 0.02760148048400879
1.3817119598388672, 0.027904748916625977
1.3877815008163452, 0.02797722816467285
1.39349365234375, 0.0275113582611084
1.3834301233291626, 0.027554750442504883
1.3910800218582153, 0.02766728401184082
1.3829602003097534, 0.027829408645629883
1.3930264711380005, 0.027609825134277344
1.3894867897033691, 0.027800559997558594
1.3806614875793457, 0.02769780158996582
1.385535717010498, 0.027136802673339844
1.3834389448165894, 0.027745485305786133
1.3638978004455566, 0.027880191802978516
1.393494963645935, 0.027332782745361328
1.3742153644561768, 0.027612686157226562
1.3913333415985107, 0.027361392974853516
1.392608642578125, 0.027625560760498047
1.396416187286377, 0.027677297592163086
1.3761584758758545, 0.028116226196289062
1.3824812173843384, 0.02816009521484375
1.3858110904693604, 0.028487682342529297
1.3755464553833008, 0.028415441513061523
1.3888952732086182, 0.02815866470336914
1.3790102005004883, 0.028107166290283203
1.3818929195404053, 0.028449058532714844
1.3969775438308716, 0.02799081802368164
1.393946647644043, 0.02815389633178711
1.389496088027954, 0.027631044387817383
1.3924484252929688, 0.028104066848754883
1.3870723247528076, 0.0281369686126709
1.3864331245422363, 0.0276641845703125
1.3916105031967163, 0.02857351303100586
1.3898415565490723, 0.02763080596923828
1.3967010974884033, 0.02769637107849121
1.382506251335144, 0.027666091918945312
1.3932342529296875, 0.02762007713317871
1.39032781124115, 0.027783870697021484
1.3720803260803223, 0.027898550033569336
1.3923945426940918, 0.02799367904663086
1.3908424377441406, 0.027391433715820312
1.3884212970733643, 0.0279543399810791
1.3900995254516602, 0.028439044952392578
1.387159824371338, 0.02827167510986328
1.3883635997772217, 0.028574466705322266
1.3906950950622559, 0.028247356414794922
1.387752890586853, 0.02820134162902832
1.3785195350646973, 0.028560400009155273
1.3843085765838623, 0.028243064880371094
1.3905677795410156, 0.028849124908447266
1.3813598155975342, 0.02813720703125
1.3800989389419556, 0.028005123138427734
1.3898636102676392, 0.028415441513061523
1.3833444118499756, 0.028389930725097656
1.3836727142333984, 0.028585433959960938
1.3914906978607178, 0.027972936630249023
1.387502908706665, 0.02819967269897461
1.395822525024414, 0.02804112434387207
1.3804088830947876, 0.028223276138305664
1.3884646892547607, 0.028160572052001953
1.389240026473999, 0.0280148983001709
1.3959088325500488, 0.028191804885864258
1.37910795211792, 0.02780890464782715
1.3843200206756592, 0.027843475341796875
1.3867650032043457, 0.02830958366394043
1.3809943199157715, 0.02765059471130371
1.3948023319244385, 0.027846097946166992
1.3952847719192505, 0.027802228927612305
1.3803538084030151, 0.028177261352539062
1.3882442712783813, 0.027852773666381836
1.3831291198730469, 0.027858972549438477
1.3869720697402954, 0.028192996978759766
1.386888861656189, 0.02788686752319336
1.376184344291687, 0.027783632278442383
1.399048089981079, 0.027715206146240234
1.3869624137878418, 0.02762126922607422
1.3803882598876953, 0.027880191802978516
1.3849393129348755, 0.027713298797607422
1.3887238502502441, 0.02792525291442871
1.380828619003296, 0.009009838104248047
1.3954441547393799, 0.005223989486694336
1.3812570571899414, 0.006730556488037109
1.3841462135314941, 0.018340110778808594
1.3775627613067627, 0.02795863151550293
1.3871078491210938, 0.028154850006103516
1.3885838985443115, 0.027141094207763672
1.3845645189285278, 0.027583599090576172
1.3823695182800293, 0.027337074279785156
1.3658905029296875, 0.027600526809692383
1.382364273071289, 0.0275571346282959
1.3858726024627686, 0.027803659439086914
1.3921079635620117, 0.02757883071899414
1.381363034248352, 0.02736496925354004
1.3914227485656738, 0.02774500846862793
1.3855081796646118, 0.027184247970581055
1.3952558040618896, 0.027283668518066406
1.3809845447540283, 0.02771782875061035
1.3848711252212524, 0.027586936950683594
1.3856582641601562, 0.027590036392211914
1.3838880062103271, 0.027718782424926758
1.3907387256622314, 0.027022838592529297
1.3808655738830566, 0.02766561508178711
1.3810992240905762, 0.027536392211914062
1.3866653442382812, 0.027427196502685547
1.3905291557312012, 0.028369665145874023
1.3803648948669434, 0.027380704879760742
1.3882393836975098, 0.027213335037231445
1.3936641216278076, 0.027761459350585938
1.384174108505249, 0.02679753303527832
1.391564130783081, 0.027685880661010742
1.379227876663208, 0.02740788459777832
1.383467197418213, 0.02740955352783203
1.390077829360962, 0.02783823013305664
1.394641399383545, 0.027559757232666016
1.3791873455047607, 0.029268503189086914
1.3755016326904297, 0.029289722442626953
1.3707340955734253, 0.029123306274414062
1.3779754638671875, 0.0288083553314209
1.3904926776885986, 0.02955913543701172
1.3918060064315796, 0.029153823852539062
1.3936376571655273, 0.028338909149169922
1.3852936029434204, 0.02882838249206543
1.3746567964553833, 0.02861952781677246
1.3782503604888916, 0.028911352157592773
1.3844690322875977, 0.0284883975982666
1.379601240158081, 0.028641700744628906
1.3852059841156006, 0.02858424186706543
1.3856239318847656, 0.028429508209228516
1.3835217952728271, 0.028399944305419922
1.3896024227142334, 0.028299808502197266
1.389739751815796, 0.028409719467163086
1.382547378540039, 0.028371334075927734
1.3990392684936523, 0.028285741806030273
1.3849852085113525, 0.02825760841369629
1.3837476968765259, 0.02825784683227539
1.3997807502746582, 0.02817535400390625
1.3972535133361816, 0.027991294860839844
1.3941140174865723, 0.028231143951416016
1.3919880390167236, 0.02819347381591797
1.382373571395874, 0.027860641479492188
1.3832746744155884, 0.028528451919555664
1.3968178033828735, 0.027889490127563477
1.375687599182129, 0.028064489364624023
1.381446361541748, 0.02785348892211914
1.3821978569030762, 0.0278775691986084
1.3818771839141846, 0.027843952178955078
1.4062870740890503, 0.027700185775756836
1.3821873664855957, 0.02805328369140625
1.3851828575134277, 0.027376890182495117
1.380940318107605, 0.02774810791015625
1.3879624605178833, 0.0288088321685791
1.3770203590393066, 0.027607440948486328
1.384655237197876, 0.02817821502685547
1.390397310256958, 0.028127431869506836
1.3797063827514648, 0.028366565704345703
1.3969042301177979, 0.027994155883789062
1.389498233795166, 0.028016090393066406
1.3891515731811523, 0.02808213233947754
1.3939844369888306, 0.027927637100219727
1.3885489702224731, 0.027979135513305664
1.3881261348724365, 0.027678489685058594
1.3856017589569092, 0.02805042266845703
1.3941115140914917, 0.028020620346069336
1.3919862508773804, 0.027869462966918945
1.3939917087554932, 0.027851343154907227
1.3938531875610352, 0.027796268463134766
1.3894684314727783, 0.027141571044921875
1.3951239585876465, 0.02773118019104004
1.386406660079956, 0.02747035026550293
1.385866641998291, 0.027777910232543945
1.3833811283111572, 0.027312040328979492
1.382224678993225, 0.027599573135375977
1.3860719203948975, 0.02851104736328125
1.3920094966888428, 0.028438806533813477
1.3902809619903564, 0.028542518615722656
1.3913683891296387, 0.028562545776367188
1.3822431564331055, 0.0286409854888916
1.3844552040100098, 0.028260231018066406
1.3822832107543945, 0.028104066848754883
1.3820853233337402, 0.02826666831970215
1.379216194152832, 0.028176307678222656
1.377185583114624, 0.028081655502319336
1.397154688835144, 0.02807474136352539
1.3962843418121338, 0.02799081802368164
1.3854053020477295, 0.02836012840270996
1.3969895839691162, 0.028000593185424805
1.4046578407287598, 0.027733564376831055
1.3860164880752563, 0.02775406837463379
1.3873060941696167, 0.027696609497070312
1.3807055950164795, 0.02783823013305664
1.3981901407241821, 0.02782130241394043
1.3926910161972046, 0.027492046356201172
1.3739697933197021, 0.027832508087158203
1.3991755247116089, 0.027554750442504883
1.3820669651031494, 0.02798295021057129
1.3958128690719604, 0.027698278427124023
1.391708254814148, 0.027688264846801758
1.3859866857528687, 0.027820587158203125
1.3912684917449951, 0.02773261070251465
1.3833459615707397, 0.027988195419311523
1.3865785598754883, 0.02778172492980957
1.3830931186676025, 0.02741551399230957
1.384605050086975, 0.027729034423828125
1.3845093250274658, 0.027884721755981445
1.3732945919036865, 0.02785944938659668
1.3963384628295898, 0.027773141860961914
1.3966758251190186, 0.027746915817260742
1.3918498754501343, 0.02789759635925293
1.3850862979888916, 0.027545452117919922
1.3790829181671143, 0.02753281593322754
1.3815991878509521, 0.027448654174804688
1.384708285331726, 0.027447223663330078
1.381312370300293, 0.02813124656677246
1.3815163373947144, 0.027374744415283203
1.3917824029922485, 0.02750682830810547
1.3870577812194824, 0.02745962142944336
1.3929176330566406, 0.027480602264404297
1.382091999053955, 0.027580976486206055
1.383414626121521, 0.027314424514770508
1.3810763359069824, 0.02751469612121582
1.3968499898910522, 0.027583599090576172
1.3950088024139404, 0.027351856231689453
1.374476432800293, 0.027411699295043945
1.3850762844085693, 0.02749013900756836
1.3783321380615234, 0.02733588218688965
1.3750110864639282, 0.02761363983154297
1.3892028331756592, 0.027595996856689453
1.382614016532898, 0.027468442916870117
1.3882293701171875, 0.027858495712280273
1.3861188888549805, 0.027516603469848633
1.3866655826568604, 0.027736186981201172
1.3835355043411255, 0.027369976043701172
1.3827052116394043, 0.027025699615478516
1.3822619915008545, 0.02763819694519043
1.3928725719451904, 0.027558565139770508
1.3869948387145996, 0.027435779571533203
1.3894257545471191, 0.027766704559326172
1.3849581480026245, 0.027369976043701172
1.3891640901565552, 0.0277864933013916
1.3896327018737793, 0.02824687957763672
1.3966951370239258, 0.028407573699951172
1.4031671285629272, 0.028433799743652344
1.3778703212738037, 0.028527498245239258
1.3918100595474243, 0.028347253799438477
1.3812451362609863, 0.028305768966674805
1.3937287330627441, 0.028192520141601562
1.382123351097107, 0.028083324432373047
1.3948206901550293, 0.0280153751373291
1.3977664709091187, 0.02856612205505371
1.3706326484680176, 0.02802252769470215
1.3944180011749268, 0.028069734573364258
1.3911077976226807, 0.027868270874023438
1.382930040359497, 0.027985572814941406
1.380883812904358, 0.028132200241088867
1.3863787651062012, 0.028026819229125977
1.3736040592193604, 0.028191804885864258
1.3786391019821167, 0.027948379516601562
1.399146318435669, 0.02786540985107422
1.387211799621582, 0.028023958206176758
1.3925875425338745, 0.02811408042907715
1.3923554420471191, 0.028263092041015625
1.3842107057571411, 0.0281369686126709
1.3968555927276611, 0.02792215347290039
1.3865737915039062, 0.028032779693603516
1.3887863159179688, 0.028031349182128906
1.389945387840271, 0.02845907211303711
1.3810455799102783, 0.02787017822265625
1.3889868259429932, 0.027816295623779297
1.3897755146026611, 0.027880191802978516
1.3943872451782227, 0.027695178985595703
1.3818728923797607, 0.028110504150390625
1.3971123695373535, 0.02759075164794922
1.3853209018707275, 0.027825117111206055
1.38564133644104, 0.027852535247802734
1.3920913934707642, 0.02778482437133789
1.3949413299560547, 0.0272519588470459
1.3850994110107422, 0.027397871017456055
1.3903746604919434, 0.02797722816467285
1.3812792301177979, 0.02762436866760254
1.3855133056640625, 0.027031660079956055
1.3926103115081787, 0.02786540985107422
1.377647876739502, 0.02753424644470215
1.3749315738677979, 0.02755570411682129
1.383643388748169, 0.02823638916015625
1.3997597694396973, 0.02703261375427246
1.3798563480377197, 0.02756977081298828
1.386145830154419, 0.02747654914855957
1.3850921392440796, 0.027326345443725586
1.3817050457000732, 0.027550458908081055
1.3892531394958496, 0.027402639389038086
1.37727689743042, 0.027669906616210938
1.383649230003357, 0.027675867080688477
1.388264536857605, 0.02744746208190918
1.3899579048156738, 0.027807950973510742
1.3958438634872437, 0.027408361434936523
1.3873190879821777, 0.027284622192382812
1.3762025833129883, 0.027781248092651367
1.389388084411621, 0.02735280990600586
1.3811304569244385, 0.027527809143066406
1.3878073692321777, 0.027508258819580078
1.3861823081970215, 0.027485370635986328
1.3921470642089844, 0.027649402618408203
1.382967233657837, 0.02760601043701172
1.3909378051757812, 0.027928829193115234
1.3874022960662842, 0.028720617294311523
1.3802006244659424, 0.028710126876831055
1.381472110748291, 0.02895045280456543
1.3787660598754883, 0.028659820556640625
1.3919703960418701, 0.0285947322845459
1.3884658813476562, 0.028606414794921875
1.3847970962524414, 0.02869701385498047
1.379960060119629, 0.02840566635131836
1.3802634477615356, 0.028245925903320312
1.403498888015747, 0.028371334075927734
1.385857105255127, 0.028321027755737305
1.3863317966461182, 0.028403043746948242
1.3913214206695557, 0.02834463119506836
1.3856205940246582, 0.028205156326293945
1.384197473526001, 0.028242826461791992
1.387730360031128, 0.028275251388549805
1.3906846046447754, 0.02858591079711914
1.385044813156128, 0.027974605560302734
1.3906664848327637, 0.027503013610839844
1.3778129816055298, 0.028048038482666016
1.3849360942840576, 0.027846336364746094
1.3895015716552734, 0.027952909469604492
1.399912714958191, 0.027750253677368164
1.3790884017944336, 0.02765369415283203
1.3889219760894775, 0.027619361877441406
1.3851985931396484, 0.02773427963256836
1.3777639865875244, 0.02797842025756836
1.397571325302124, 0.02764725685119629
1.4030141830444336, 0.027918338775634766
1.388907551765442, 0.028209447860717773
1.3878593444824219, 0.028415441513061523
1.381110668182373, 0.028247356414794922
1.3895052671432495, 0.027995824813842773
1.39353609085083, 0.02784132957458496
1.375499963760376, 0.028188467025756836
1.384455919265747, 0.028015851974487305
1.3942883014678955, 0.028127193450927734
1.3789241313934326, 0.028117656707763672
1.3834350109100342, 0.02798604965209961
1.3841667175292969, 0.027553319931030273
1.3803622722625732, 0.027768373489379883
1.3816496133804321, 0.027828454971313477
1.386085033416748, 0.02844381332397461
1.3908979892730713, 0.027783632278442383
1.3753293752670288, 0.027604103088378906
1.4006227254867554, 0.02749347686767578
1.3802945613861084, 0.027764320373535156
1.393747091293335, 0.027510404586791992
1.3885618448257446, 0.027602672576904297
1.3891246318817139, 0.02752685546875
1.3816066980361938, 0.027579545974731445
1.3881090879440308, 0.027832746505737305
1.3814916610717773, 0.027805089950561523
1.384536862373352, 0.027538061141967773
1.3803787231445312, 0.02765798568725586
1.3850409984588623, 0.0276641845703125
1.391244888305664, 0.02779698371887207
1.3885269165039062, 0.02753472328186035
1.3872900009155273, 0.02781510353088379
1.3833434581756592, 0.027567386627197266
1.3798532485961914, 0.027517318725585938
1.388343095779419, 0.02771925926208496
1.3862196207046509, 0.027623653411865234
1.3823487758636475, 0.02752232551574707
1.3923544883728027, 0.028017282485961914
1.3955302238464355, 0.027678728103637695
1.3950042724609375, 0.027483701705932617
1.4040460586547852, 0.027652502059936523
1.3870859146118164, 0.027584075927734375
1.3792222738265991, 0.027895212173461914
1.3898446559906006, 0.027621984481811523
1.3892213106155396, 0.02768230438232422
1.3772153854370117, 0.027600765228271484
1.3833143711090088, 0.028130292892456055
1.3916828632354736, 0.028226613998413086
1.3855544328689575, 0.028072118759155273
1.3823440074920654, 0.028090476989746094
1.3864177465438843, 0.028014659881591797
1.3836710453033447, 0.0280914306640625
1.3958957195281982, 0.028287172317504883
1.3913524150848389, 0.0278623104095459
1.3816981315612793, 0.027850866317749023
1.389591932296753, 0.02782917022705078
1.3809916973114014, 0.027820110321044922
1.3760504722595215, 0.02799057960510254
1.3898406028747559, 0.027599573135375977
1.3875199556350708, 0.02801680564880371
1.385718822479248, 0.02771615982055664
1.3871290683746338, 0.027790069580078125
1.3893784284591675, 0.02795553207397461
1.3968133926391602, 0.027341365814208984
1.3865302801132202, 0.027561426162719727
1.370500087738037, 0.0275270938873291
1.39215087890625, 0.027576923370361328
1.3954102993011475, 0.027743101119995117
1.3817455768585205, 0.027393341064453125
1.3905866146087646, 0.027483224868774414
1.3894238471984863, 0.027630329132080078
1.4014792442321777, 0.0276949405670166
1.379090428352356, 0.027693510055541992
1.3862838745117188, 0.027132749557495117
1.3821253776550293, 0.027432680130004883
1.3910350799560547, 0.027739286422729492
1.3885776996612549, 0.02738213539123535
1.3864562511444092, 0.027465105056762695
1.3782434463500977, 0.027581214904785156
1.3938238620758057, 0.027425289154052734
1.3877429962158203, 0.02754688262939453
1.3906134366989136, 0.02738809585571289
1.383394479751587, 0.02776360511779785
1.3822808265686035, 0.028040647506713867
1.4046635627746582, 0.028005361557006836
1.3827472925186157, 0.02803802490234375
1.3885053396224976, 0.02797865867614746
1.3837904930114746, 0.028003454208374023
1.389665961265564, 0.027986764907836914
1.3964688777923584, 0.028059005737304688
1.3809752464294434, 0.02815985679626465
1.385627031326294, 0.02772378921508789
1.3939495086669922, 0.027765750885009766
1.378860354423523, 0.02796626091003418
1.3891456127166748, 0.02779364585876465
1.3820905685424805, 0.02814936637878418
1.3935288190841675, 0.02784276008605957
1.3858245611190796, 0.027650117874145508
1.3828519582748413, 0.02810215950012207
1.386940598487854, 0.02733778953552246
1.388131022453308, 0.02765679359436035
1.381545066833496, 0.0275113582611084
1.3888524770736694, 0.02782583236694336
1.38175630569458, 0.027685165405273438
1.3732314109802246, 0.027555227279663086
1.3812284469604492, 0.02767634391784668
1.3882644176483154, 0.027500391006469727
1.3740273714065552, 0.02764296531677246
1.3661680221557617, 0.027842998504638672
1.3961775302886963, 0.027536630630493164
1.373302698135376, 0.02762770652770996
1.3781003952026367, 0.02799391746520996
1.385850191116333, 0.027578353881835938
1.3947170972824097, 0.02742600440979004
1.390552282333374, 0.02808833122253418
1.3818279504776, 0.027452945709228516
1.393787145614624, 0.027733325958251953
1.3839645385742188, 0.02754950523376465
1.38346266746521, 0.027946949005126953
1.380375862121582, 0.02752208709716797
1.3899275064468384, 0.027577877044677734
1.375694990158081, 0.027742862701416016
1.3841854333877563, 0.02742743492126465
1.3911223411560059, 0.02739548683166504
1.3853123188018799, 0.02727651596069336
1.3898248672485352, 0.02739691734313965
1.3927675485610962, 0.027576208114624023
1.39475417137146, 0.02724623680114746
1.3984827995300293, 0.02705550193786621
1.3876163959503174, 0.027333736419677734
1.3949661254882812, 0.027104854583740234
1.385432481765747, 0.02736353874206543
1.3949472904205322, 0.027335166931152344
1.3915685415267944, 0.027207374572753906
1.3909590244293213, 0.027605295181274414
1.390998125076294, 0.027654647827148438
1.3938966989517212, 0.027111053466796875
1.381117582321167, 0.02747941017150879
1.392346739768982, 0.027136564254760742
1.3912757635116577, 0.027263879776000977
1.3874242305755615, 0.02754068374633789
1.3868844509124756, 0.02798008918762207
1.3907556533813477, 0.02863907814025879
1.3815209865570068, 0.029190778732299805
1.3868861198425293, 0.028224945068359375
1.3906655311584473, 0.02869868278503418
1.3740923404693604, 0.028655052185058594
1.3808777332305908, 0.02888035774230957
1.3834402561187744, 0.028426647186279297
1.3867485523223877, 0.028398990631103516
1.3806073665618896, 0.028270721435546875
1.3836095333099365, 0.028613805770874023
1.3863672018051147, 0.028580427169799805
1.3913702964782715, 0.02815103530883789
1.382641315460205, 0.02785468101501465
1.3799159526824951, 0.028072118759155273
1.3830037117004395, 0.028044462203979492
1.3802469968795776, 0.028108835220336914
1.3960062265396118, 0.028023242950439453
1.380474328994751, 0.0279388427734375
1.3865501880645752, 0.02796030044555664
1.382178544998169, 0.028273344039916992
1.390596866607666, 0.028299570083618164
1.381716012954712, 0.02762770652770996
1.3862197399139404, 0.027808189392089844
1.3855533599853516, 0.027745485305786133
1.3818427324295044, 0.02795696258544922
1.3860087394714355, 0.027568817138671875
1.3912506103515625, 0.027674436569213867
1.3858610391616821, 0.027737140655517578
1.38328218460083, 0.027867555618286133
1.3846485614776611, 0.027826309204101562
1.393402099609375, 0.02769923210144043
1.3770538568496704, 0.027732133865356445
1.3885550498962402, 0.027736902236938477
1.3913220167160034, 0.027954816818237305
1.379146695137024, 0.02767467498779297
1.390020489692688, 0.02748584747314453
1.3858075141906738, 0.027741670608520508
1.389298915863037, 0.027709484100341797
1.382544994354248, 0.027858972549438477
1.389432430267334, 0.027812957763671875
1.3908019065856934, 0.02761554718017578
1.3914031982421875, 0.027868986129760742
1.3900786638259888, 0.027715682983398438
1.3868029117584229, 0.0273745059967041
1.3906550407409668, 0.02745676040649414
1.3745416402816772, 0.027520179748535156
1.3906631469726562, 0.027779817581176758
1.391127109527588, 0.027281761169433594
1.38651704788208, 0.027414798736572266
1.3942248821258545, 0.027583599090576172
1.3875312805175781, 0.0275571346282959
1.3810375928878784, 0.0274813175201416
1.3806629180908203, 0.028104066848754883
1.3880611658096313, 0.0280301570892334
1.388476848602295, 0.028211593627929688
1.3803863525390625, 0.02823472023010254
1.3761310577392578, 0.028076648712158203
1.3852734565734863, 0.02836918830871582
1.3903579711914062, 0.027719497680664062
1.382603645324707, 0.027912616729736328
1.3930326700210571, 0.027911663055419922
1.390610694885254, 0.027745485305786133
1.3925979137420654, 0.027774333953857422
1.3849170207977295, 0.0277252197265625
1.3798940181732178, 0.028042078018188477
1.3912240266799927, 0.02792978286743164
1.3913334608078003, 0.02767491340637207
1.390661358833313, 0.0277099609375
1.385363221168518, 0.02718210220336914
1.3757517337799072, 0.02752089500427246
1.3901171684265137, 0.027677536010742188
1.3839688301086426, 0.02725505828857422
1.3921163082122803, 0.02758955955505371
1.3795806169509888, 0.02790379524230957
1.3834784030914307, 0.02707052230834961
1.3803342580795288, 0.02779698371887207
1.3958847522735596, 0.02778911590576172
1.3885910511016846, 0.02759718894958496
1.366652488708496, 0.02766561508178711
1.3919873237609863, 0.02760457992553711
1.392939567565918, 0.027184486389160156
1.381559133529663, 0.027481555938720703
1.3834331035614014, 0.02745366096496582
1.3723645210266113, 0.027750015258789062
1.3840742111206055, 0.027240991592407227
1.378448486328125, 0.027634143829345703
1.3772766590118408, 0.027560949325561523
1.3947563171386719, 0.027927875518798828
1.391171932220459, 0.027788877487182617
1.3742256164550781, 0.028125524520874023
1.3929641246795654, 0.028153181076049805
1.3888288736343384, 0.028282642364501953
1.385452389717102, 0.02825021743774414
1.383873701095581, 0.028234243392944336
1.3856055736541748, 0.028209686279296875
1.3701064586639404, 0.02790999412536621
1.3912984132766724, 0.027819156646728516
1.3921579122543335, 0.02796792984008789
1.3756592273712158, 0.028027057647705078
1.3993197679519653, 0.027909278869628906
1.387333631515503, 0.0279390811920166
1.3812363147735596, 0.028300762176513672
1.3985133171081543, 0.02780008316040039
1.380411982536316, 0.028397560119628906
1.3811053037643433, 0.026912212371826172
1.3880751132965088, 0.027225017547607422
1.379852533340454, 0.027601957321166992
1.3975411653518677, 0.027735233306884766
1.3727633953094482, 0.028165340423583984
1.3837916851043701, 0.02747368812561035
1.3928747177124023, 0.027883291244506836
1.3946506977081299, 0.027560710906982422
1.3876404762268066, 0.027603864669799805
1.3995614051818848, 0.027837276458740234
1.3921314477920532, 0.0275270938873291
1.3882452249526978, 0.02756047248840332
1.3926492929458618, 0.027757883071899414
1.381760597229004, 0.027709245681762695
1.3825805187225342, 0.027468442916870117
1.3808274269104004, 0.027474403381347656
1.3902593851089478, 0.02791595458984375
1.3763874769210815, 0.027652740478515625
1.380081295967102, 0.027524232864379883
1.3877767324447632, 0.02740621566772461
1.3780326843261719, 0.027530908584594727
1.3936549425125122, 0.027633190155029297
1.3826987743377686, 0.02738809585571289
1.3969314098358154, 0.02722954750061035
1.3975856304168701, 0.028679609298706055
1.3789024353027344, 0.02733469009399414
1.3788169622421265, 0.027218341827392578
1.3843127489089966, 0.02781224250793457
1.3836145401000977, 0.02742147445678711
1.3957936763763428, 0.027449607849121094
1.3824012279510498, 0.027407407760620117
1.4015494585037231, 0.02727961540222168
1.3846155405044556, 0.02755284309387207
1.3901612758636475, 0.028043031692504883
1.387160062789917, 0.02702808380126953
1.3862097263336182, 0.02879047393798828
1.3848680257797241, 0.027353286743164062
1.3885502815246582, 0.02737140655517578
1.3947659730911255, 0.02727508544921875
1.3838226795196533, 0.027231693267822266
1.377121090888977, 0.02770709991455078
1.3843486309051514, 0.02748250961303711
1.3794338703155518, 0.027378320693969727
1.387529969215393, 0.027468442916870117
1.3779951333999634, 0.027239084243774414
1.3696701526641846, 0.027498960494995117
1.3947315216064453, 0.02754807472229004
1.3928061723709106, 0.027100324630737305
1.3826816082000732, 0.02724623680114746
1.388664960861206, 0.027355194091796875
1.392682433128357, 0.02794027328491211
1.383410930633545, 0.028048038482666016
1.3983440399169922, 0.02785778045654297
1.392391562461853, 0.028025388717651367
1.383189082145691, 0.0279998779296875
1.3788822889328003, 0.027678489685058594
1.3950350284576416, 0.02800297737121582
1.3847453594207764, 0.02769613265991211
1.3790360689163208, 0.0276947021484375
1.3866143226623535, 0.027707338333129883
1.3907047510147095, 0.0275270938873291
1.3833465576171875, 0.027866363525390625
1.3937739133834839, 0.02765512466430664
1.391855239868164, 0.02776622772216797
1.3740992546081543, 0.027986526489257812
1.39441978931427, 0.02719569206237793
1.3855295181274414, 0.0277099609375
1.3836429119110107, 0.027494192123413086
1.3971796035766602, 0.027846574783325195
1.3809986114501953, 0.02768397331237793
1.395168662071228, 0.027880191802978516
1.3877816200256348, 0.027853727340698242
1.3854272365570068, 0.027047157287597656
1.3756815195083618, 0.027631282806396484
1.3901525735855103, 0.02755451202392578
1.3887498378753662, 0.027765989303588867
1.3863673210144043, 0.0274808406829834
1.3891185522079468, 0.027646303176879883
1.389570951461792, 0.02777266502380371
1.3808796405792236, 0.027120590209960938
1.3948132991790771, 0.02729177474975586
1.396033525466919, 0.027730703353881836
1.3744730949401855, 0.02699136734008789
1.4039742946624756, 0.02722334861755371
1.38289475440979, 0.027483463287353516
1.3797435760498047, 0.027454853057861328
1.3880144357681274, 0.02791285514831543
1.3786683082580566, 0.02861618995666504
1.3898861408233643, 0.028510332107543945
1.3852421045303345, 0.028737545013427734
1.385223627090454, 0.028578996658325195
1.3872694969177246, 0.028835296630859375
1.3932161331176758, 0.028201580047607422
1.3925175666809082, 0.028432607650756836
1.3871454000473022, 0.028374671936035156
1.3973060846328735, 0.02808380126953125
1.383361577987671, 0.028762102127075195
1.3952200412750244, 0.02805161476135254
1.389291763305664, 0.028174400329589844
1.3755888938903809, 0.028231382369995117
1.3696606159210205, 0.028525829315185547
1.3830726146697998, 0.028086185455322266
1.3762601613998413, 0.02805614471435547
1.3921886682510376, 0.028055429458618164
1.390373706817627, 0.02789759635925293
1.380866527557373, 0.0279998779296875
1.3842408657073975, 0.028582334518432617
1.3939402103424072, 0.028119802474975586
1.3720601797103882, 0.02754998207092285
1.3969131708145142, 0.027934789657592773
1.3768843412399292, 0.02768230438232422
1.3754522800445557, 0.027733802795410156
1.3638782501220703, 0.02770209312438965
1.3830047845840454, 0.027804136276245117
1.3956283330917358, 0.027603626251220703
1.388735294342041, 0.027698993682861328
1.3795785903930664, 0.027852535247802734
1.393291711807251, 0.027770519256591797
1.400038242340088, 0.027371644973754883
1.3843884468078613, 0.027840375900268555
1.3883750438690186, 0.02761983871459961
1.3811074495315552, 0.027825117111206055
1.3892061710357666, 0.02768874168395996
1.3933640718460083, 0.027471065521240234
1.3872361183166504, 0.027366161346435547
1.3889455795288086, 0.027400493621826172
1.3803536891937256, 0.027802467346191406
1.384252905845642, 0.027580738067626953
1.3941590785980225, 0.027477264404296875
1.3874106407165527, 0.0276031494140625
1.3916571140289307, 0.027529001235961914
1.397286057472229, 0.02776813507080078
1.395311951637268, 0.02700352668762207
1.3843306303024292, 0.02730417251586914
1.3905686140060425, 0.02740645408630371
1.3740777969360352, 0.02747964859008789
1.3790916204452515, 0.02762126922607422
1.3933919668197632, 0.027629375457763672
1.3887207508087158, 0.027750730514526367
1.3812549114227295, 0.0283048152923584
1.3899048566818237, 0.02813577651977539
1.3787202835083008, 0.028156280517578125
1.3844196796417236, 0.028499364852905273
1.3800218105316162, 0.02798318862915039
1.3846900463104248, 0.028362751007080078
1.387941837310791, 0.028048992156982422
1.3866989612579346, 0.02788686752319336
1.3964495658874512, 0.027601242065429688
1.3726098537445068, 0.027720212936401367
1.392425775527954, 0.027719974517822266
1.386579155921936, 0.02758336067199707
1.3875583410263062, 0.027452707290649414
1.4041273593902588, 0.02781057357788086
1.3823047876358032, 0.027698278427124023
1.3787281513214111, 0.02800154685974121
1.3765143156051636, 0.02802276611328125
1.3747553825378418, 0.027798891067504883
1.390726089477539, 0.02794337272644043
1.3794028759002686, 0.02764153480529785
1.3881667852401733, 0.027959585189819336
1.3950155973434448, 0.027779817581176758
1.394249439239502, 0.027933835983276367
1.3863234519958496, 0.02822566032409668
1.3781166076660156, 0.02799057960510254
1.3780245780944824, 0.028053760528564453
1.376386046409607, 0.027315378189086914
1.3806629180908203, 0.027803421020507812
1.3922371864318848, 0.027730941772460938
1.380964756011963, 0.027472496032714844
1.3851737976074219, 0.027838706970214844
1.3874692916870117, 0.02746438980102539
1.3899993896484375, 0.027498483657836914
1.3936017751693726, 0.02750992774963379
1.3912456035614014, 0.02742481231689453
1.3756521940231323, 0.027691125869750977
1.392031192779541, 0.02762150764465332
1.3855865001678467, 0.02720355987548828
1.39432954788208, 0.027524232864379883
1.3748406171798706, 0.02820277214050293
1.3932487964630127, 0.027184009552001953
1.386372685432434, 0.027621746063232422
1.3836380243301392, 0.027527809143066406
1.3866944313049316, 0.028139352798461914
1.3853466510772705, 0.027620315551757812
1.3945002555847168, 0.026871919631958008
1.389453649520874, 0.027782201766967773
1.3914581537246704, 0.027654647827148438
1.3720571994781494, 0.027903318405151367
1.3894398212432861, 0.026834487915039062
1.3839881420135498, 0.027405738830566406
1.393308162689209, 0.02762770652770996
1.3822277784347534, 0.027500152587890625
1.3860607147216797, 0.027419328689575195
1.3782730102539062, 0.027300596237182617
1.3852472305297852, 0.027372121810913086
1.3984532356262207, 0.027554750442504883
1.3833727836608887, 0.02732086181640625
1.3838539123535156, 0.028163433074951172
1.3933395147323608, 0.02827143669128418
1.3882482051849365, 0.028145313262939453
1.3856070041656494, 0.028070926666259766
1.3947532176971436, 0.027962446212768555
1.395477294921875, 0.028119802474975586
1.382704257965088, 0.028516054153442383
1.3740885257720947, 0.02751946449279785
1.3989028930664062, 0.02782893180847168
1.3818148374557495, 0.027719974517822266
1.3937699794769287, 0.027977943420410156
1.3861093521118164, 0.027492284774780273
1.3774147033691406, 0.027743101119995117
1.3855502605438232, 0.027827024459838867
1.3876368999481201, 0.027705907821655273
1.3934156894683838, 0.027384042739868164
1.3996235132217407, 0.027770280838012695
1.380456566810608, 0.02730250358581543
1.3866647481918335, 0.027745485305786133
1.376523733139038, 0.027460098266601562
1.376406192779541, 0.027324199676513672
1.406061053276062, 0.02763652801513672
1.3889728784561157, 0.027580976486206055
1.3914257287979126, 0.02762603759765625
1.3800532817840576, 0.027671098709106445
1.38601815700531, 0.027613401412963867
1.3909814357757568, 0.027750253677368164
1.3893098831176758, 0.027759313583374023
1.3844865560531616, 0.0275576114654541
1.3749415874481201, 0.027573108673095703
1.3840453624725342, 0.02750873565673828
1.3966732025146484, 0.027480125427246094
1.3887255191802979, 0.02742147445678711
1.387977123260498, 0.02730274200439453
1.4010915756225586, 0.02764296531677246
1.3891587257385254, 0.02734684944152832
1.3899517059326172, 0.027817726135253906
1.3823891878128052, 0.028194665908813477
1.3791882991790771, 0.02805614471435547
1.3846149444580078, 0.028002262115478516
1.3841933012008667, 0.027924299240112305
1.3815295696258545, 0.028049945831298828
1.3922793865203857, 0.028017520904541016
1.380448579788208, 0.027846097946166992
1.388075590133667, 0.02771592140197754
1.3995392322540283, 0.027436017990112305
1.4014865159988403, 0.027629852294921875
1.366957664489746, 0.02763676643371582
1.3801677227020264, 0.027488231658935547
1.3999016284942627, 0.027792692184448242
1.3755402565002441, 0.02762627601623535
1.3881133794784546, 0.027417659759521484
1.3784366846084595, 0.027768850326538086
1.3801531791687012, 0.02714228630065918
1.3744993209838867, 0.02772998809814453
1.3892552852630615, 0.027981042861938477
1.3766915798187256, 0.02660822868347168
1.368247151374817, 0.02762436866760254
1.3878283500671387, 0.027563095092773438
1.3909626007080078, 0.02781820297241211
1.3854981660842896, 0.02797698974609375
1.3844128847122192, 0.027955055236816406
1.3962513208389282, 0.028550148010253906
1.3807027339935303, 0.027669191360473633
1.3945879936218262, 0.02816176414489746
1.4006556272506714, 0.028531551361083984
1.3786308765411377, 0.027473926544189453
1.3754291534423828, 0.02804708480834961
1.3827024698257446, 0.02792525291442871
1.3749269247055054, 0.027714252471923828
1.395382285118103, 0.027956485748291016
1.3849709033966064, 0.02791285514831543
1.3762736320495605, 0.027927637100219727
1.3852388858795166, 0.0279390811920166
1.3862191438674927, 0.02770233154296875
1.3803263902664185, 0.027495861053466797
1.3828022480010986, 0.02751946449279785
1.393749475479126, 0.02768230438232422
1.3890615701675415, 0.027583599090576172
1.3902899026870728, 0.027529478073120117
1.3761284351348877, 0.02785468101501465
1.379766821861267, 0.02746748924255371
1.3881466388702393, 0.027361154556274414
1.3911168575286865, 0.02724146842956543
1.3923470973968506, 0.027670860290527344
1.3859140872955322, 0.027335166931152344
1.3889161348342896, 0.027258634567260742
1.3862698078155518, 0.027204036712646484
1.3856244087219238, 0.027374267578125
1.3926500082015991, 0.027382612228393555
1.3845181465148926, 0.027594804763793945
1.3830797672271729, 0.027378082275390625
1.386979341506958, 0.027321815490722656
1.3844685554504395, 0.02763962745666504
1.3865257501602173, 0.027344465255737305
1.3977388143539429, 0.027411699295043945
1.3820208311080933, 0.028042316436767578
1.3862030506134033, 0.027778148651123047
1.4087021350860596, 0.027933835983276367
1.3763476610183716, 0.028244733810424805
1.3746864795684814, 0.027750492095947266
1.4019932746887207, 0.02770686149597168
1.3712769746780396, 0.0277101993560791
1.394539475440979, 0.027969837188720703
1.3917632102966309, 0.0278170108795166
1.3747813701629639, 0.027863025665283203
1.3942713737487793, 0.027910709381103516
1.3988912105560303, 0.027821063995361328
1.384292721748352, 0.027684688568115234
1.3713717460632324, 0.027779817581176758
1.3940812349319458, 0.02775430679321289
1.3760812282562256, 0.027924299240112305
1.3843265771865845, 0.0276486873626709
1.3892232179641724, 0.027756929397583008
1.384289264678955, 0.027939558029174805
1.3847167491912842, 0.027590036392211914
1.3812880516052246, 0.028028011322021484
1.3818954229354858, 0.027797698974609375
1.4014774560928345, 0.02787470817565918
1.3787283897399902, 0.027718067169189453
1.3902467489242554, 0.02777838706970215
1.3866472244262695, 0.0279538631439209
1.3821855783462524, 0.02769613265991211
1.3960373401641846, 0.02805805206298828
1.3863333463668823, 0.02732062339782715
1.3752195835113525, 0.02787613868713379
1.3946597576141357, 0.027935266494750977
1.392376184463501, 0.028021812438964844
1.392965316772461, 0.028046131134033203
1.3785796165466309, 0.02724313735961914
1.377516269683838, 0.02750992774963379
1.3832495212554932, 0.02784132957458496
1.3865269422531128, 0.02762317657470703
1.3803184032440186, 0.027326107025146484
1.382880687713623, 0.027817964553833008
1.3781559467315674, 0.027011632919311523
1.3912792205810547, 0.027711153030395508
1.3859572410583496, 0.02777266502380371
1.3958501815795898, 0.026968717575073242
1.3820786476135254, 0.027689695358276367
1.3948209285736084, 0.027584314346313477
1.3971747159957886, 0.027638673782348633
1.3869693279266357, 0.02762460708618164
1.3861032724380493, 0.02776479721069336
1.3975567817687988, 0.02768540382385254
1.3941336870193481, 0.027765512466430664
1.379451036453247, 0.027646541595458984
1.3841513395309448, 0.027968406677246094
1.3860286474227905, 0.02754521369934082
1.3903371095657349, 0.027912139892578125
1.3772821426391602, 0.027660131454467773
1.3828942775726318, 0.027620792388916016
1.375478982925415, 0.02781510353088379
1.3885936737060547, 0.027675151824951172
1.3925093412399292, 0.027705907821655273
1.3852691650390625, 0.02775430679321289
1.3813351392745972, 0.027016878128051758
1.383979320526123, 0.02759575843811035
1.3874170780181885, 0.02738499641418457
1.3734946250915527, 0.02755904197692871
1.3903679847717285, 0.027249813079833984
1.3923369646072388, 0.027098655700683594
1.3918366432189941, 0.0281832218170166
1.3933037519454956, 0.028211116790771484
1.3771477937698364, 0.027940750122070312
1.3853180408477783, 0.02821969985961914
1.3864047527313232, 0.027677536010742188
1.3921382427215576, 0.028046369552612305
1.376086711883545, 0.02789020538330078
1.3877028226852417, 0.027762174606323242
1.374284267425537, 0.027768373489379883
1.3791550397872925, 0.027694225311279297
1.3974595069885254, 0.02788257598876953
1.3941538333892822, 0.027612686157226562
1.3984293937683105, 0.027646303176879883
1.3931772708892822, 0.027753353118896484
1.3795238733291626, 0.027837753295898438
1.3922827243804932, 0.027863264083862305
1.3874099254608154, 0.027919530868530273
1.3940695524215698, 0.027350902557373047
1.3793425559997559, 0.02803206443786621
1.3901188373565674, 0.027801513671875
1.3924369812011719, 0.027778148651123047
1.3897576332092285, 0.02772665023803711
1.3886981010437012, 0.0276792049407959
1.3768470287322998, 0.027759552001953125
1.388674259185791, 0.027727127075195312
1.3818057775497437, 0.027883291244506836
1.387117862701416, 0.027809619903564453
1.3782382011413574, 0.02775859832763672
1.3909506797790527, 0.027944564819335938
1.3841177225112915, 0.027611255645751953
1.3818193674087524, 0.027860641479492188
1.3821669816970825, 0.026947021484375
1.3882713317871094, 0.027443408966064453
1.388275384902954, 0.0278165340423584
1.3829611539840698, 0.02785944938659668
1.3886456489562988, 0.027093172073364258
1.3838317394256592, 0.02736663818359375
1.3856687545776367, 0.02743220329284668
1.386922001838684, 0.027843475341796875
1.3953526020050049, 0.02686786651611328
1.3769450187683105, 0.02723383903503418
1.3865580558776855, 0.027445077896118164
1.394133448600769, 0.027358531951904297
1.3712973594665527, 0.02739691734313965
1.3799853324890137, 0.027418851852416992
1.3871941566467285, 0.027304887771606445
1.401491641998291, 0.027460813522338867
1.391751766204834, 0.027401447296142578
1.3926465511322021, 0.027214765548706055
1.3812191486358643, 0.027710914611816406
1.3815959692001343, 0.027423858642578125
1.399423360824585, 0.027668476104736328
1.3920037746429443, 0.027797222137451172
1.3909143209457397, 0.027621984481811523
1.3835453987121582, 0.027778148651123047
1.3870294094085693, 0.02779984474182129
1.3881075382232666, 0.027677297592163086
1.3883401155471802, 0.027743816375732422
1.3916147947311401, 0.027908802032470703
1.3935937881469727, 0.027681350708007812
1.3815665245056152, 0.0276486873626709
1.3867651224136353, 0.027838468551635742
1.3891777992248535, 0.02793431282043457
1.3821810483932495, 0.027753829956054688
1.3931140899658203, 0.027870893478393555
1.3965966701507568, 0.027674436569213867
1.3898271322250366, 0.02750253677368164
1.3747695684432983, 0.027901649475097656
1.379103183746338, 0.027458667755126953
1.383920669555664, 0.027104854583740234
1.398851752281189, 0.027530431747436523
1.3917711973190308, 0.027393579483032227
1.3806462287902832, 0.027692556381225586
1.381521463394165, 0.02780318260192871
1.3737465143203735, 0.02861762046813965
1.4021337032318115, 0.027974605560302734
1.37440025806427, 0.028325796127319336
1.4018348455429077, 0.028287410736083984
1.3913402557373047, 0.028495311737060547
1.376127004623413, 0.027938127517700195
1.3855817317962646, 0.028220176696777344
1.3986060619354248, 0.028179645538330078
1.3956060409545898, 0.028050661087036133
1.3868346214294434, 0.02815866470336914
1.3747469186782837, 0.02774524688720703
1.3823585510253906, 0.027944087982177734
1.382490634918213, 0.028045654296875
1.3852235078811646, 0.028116226196289062
1.3775634765625, 0.02778339385986328
1.3906888961791992, 0.027875900268554688
1.3839452266693115, 0.027582406997680664
1.3974679708480835, 0.02774214744567871
1.3876290321350098, 0.027921199798583984
1.3806324005126953, 0.027779102325439453
1.3795387744903564, 0.027893781661987305
1.3830173015594482, 0.027639389038085938
1.3746380805969238, 0.027749300003051758
1.388336181640625, 0.027153730392456055
1.3900521993637085, 0.027533531188964844
1.3804881572723389, 0.02754497528076172
1.3933744430541992, 0.02762889862060547
1.3915153741836548, 0.027309417724609375
1.383636236190796, 0.027664899826049805
1.3788150548934937, 0.027392864227294922
1.384618878364563, 0.027499675750732422
1.3842010498046875, 0.02783799171447754
1.3848541975021362, 0.02739238739013672
1.380056381225586, 0.027805328369140625
1.3847687244415283, 0.027057409286499023
1.3862435817718506, 0.027497291564941406
1.3876593112945557, 0.027950048446655273
1.3908133506774902, 0.02718329429626465
1.396895170211792, 0.027245521545410156
1.3897500038146973, 0.027166128158569336
1.3949295282363892, 0.027307510375976562
1.3777461051940918, 0.027463912963867188
1.3952276706695557, 0.027381181716918945
1.3755723237991333, 0.027418851852416992
1.392304539680481, 0.027944326400756836
1.3884215354919434, 0.0277254581451416
1.3758397102355957, 0.027898073196411133
1.3844680786132812, 0.027953386306762695
1.381319284439087, 0.027911901473999023
1.386368751525879, 0.028095245361328125
1.3959555625915527, 0.02775096893310547
1.3832108974456787, 0.02773904800415039
1.3916666507720947, 0.027665376663208008
1.3939208984375, 0.027628183364868164
1.3870130777359009, 0.027802467346191406
1.3867079019546509, 0.027483701705932617
1.3895773887634277, 0.02762293815612793
1.3759201765060425, 0.027750730514526367
1.3882566690444946, 0.027583837509155273
1.375525951385498, 0.027619123458862305
1.3949666023254395, 0.027668476104736328
1.382950782775879, 0.027453184127807617
1.3814146518707275, 0.027648210525512695
1.387905478477478, 0.027419567108154297
1.4000622034072876, 0.0277097225189209
1.3901541233062744, 0.02771735191345215
1.3807330131530762, 0.02748703956604004
1.3926746845245361, 0.02773427963256836
1.397336721420288, 0.027666807174682617
1.3962241411209106, 0.005477428436279297
1.3843120336532593, 0.005278825759887695
1.3883897066116333, 0.005388736724853516
1.3865244388580322, 0.02308487892150879
1.386286735534668, 0.027329206466674805
1.4017062187194824, 0.027524948120117188
1.3738762140274048, 0.027370929718017578
1.3785550594329834, 0.027556657791137695
1.3874168395996094, 0.027512073516845703
1.3828868865966797, 0.02740478515625
1.3954157829284668, 0.027636289596557617
1.378786563873291, 0.027447223663330078
1.3869774341583252, 0.02718639373779297
1.3792674541473389, 0.027443408966064453
1.387407898902893, 0.027784347534179688
1.3831455707550049, 0.026922225952148438
1.3814804553985596, 0.027509689331054688
1.3937430381774902, 0.027572154998779297
1.3835550546646118, 0.027791976928710938
1.3846511840820312, 0.027412891387939453
1.3909552097320557, 0.027419328689575195
1.3960530757904053, 0.027751684188842773
1.3882758617401123, 0.02735137939453125
1.38429594039917, 0.027500629425048828
1.383847951889038, 0.02741265296936035
1.3771370649337769, 0.0273895263671875
1.388222098350525, 0.02758646011352539
1.3881393671035767, 0.027526140213012695
1.3870899677276611, 0.027558326721191406
1.3840646743774414, 0.027652263641357422
1.4069485664367676, 0.027376890182495117
1.3746446371078491, 0.027330875396728516
1.3751928806304932, 0.027684688568115234
1.3778232336044312, 0.027849435806274414
1.3915867805480957, 0.027875661849975586
1.3868165016174316, 0.028083086013793945
1.3896483182907104, 0.028044700622558594
1.389573335647583, 0.028032779693603516
1.3659433126449585, 0.028119802474975586
1.3943545818328857, 0.028321266174316406
1.3833749294281006, 0.02892017364501953
1.3766478300094604, 0.027869701385498047
1.3773016929626465, 0.027653932571411133
1.3998098373413086, 0.027863740921020508
1.3872334957122803, 0.027922391891479492
1.3903703689575195, 0.028050899505615234
1.3810499906539917, 0.027944564819335938
1.383319616317749, 0.02772378921508789
1.3894901275634766, 0.027631282806396484
1.3894213438034058, 0.027554750442504883
1.3812472820281982, 0.027475357055664062
1.3887845277786255, 0.027658700942993164
1.379122257232666, 0.027582168579101562
1.3822848796844482, 0.02758026123046875
1.3896586894989014, 0.027631282806396484
1.3938145637512207, 0.027487754821777344
1.3937525749206543, 0.0274960994720459
1.3870986700057983, 0.027742862701416016
1.3861541748046875, 0.027487754821777344
1.382591724395752, 0.027642011642456055
1.3820552825927734, 0.02747058868408203
1.3776931762695312, 0.02752208709716797
1.3831751346588135, 0.027646780014038086
1.378912329673767, 0.027678728103637695
1.3976106643676758, 0.02727365493774414
1.3917213678359985, 0.027264833450317383
1.3849852085113525, 0.02750086784362793
1.3833818435668945, 0.027620792388916016
1.383159875869751, 0.02732992172241211
1.3770318031311035, 0.02719879150390625
1.3817459344863892, 0.0274960994720459
1.383998990058899, 0.027290821075439453
1.3797614574432373, 0.0277402400970459
1.363004207611084, 0.027339458465576172
1.3752212524414062, 0.027246952056884766
1.4032526016235352, 0.0275876522064209
1.3906619548797607, 0.027382850646972656
1.3788957595825195, 0.027227401733398438
1.3848583698272705, 0.027245044708251953
1.374527931213379, 0.027210235595703125
1.381286382675171, 0.027302026748657227
1.3730777502059937, 0.027144908905029297
1.3882865905761719, 0.027200937271118164
1.3821513652801514, 0.027391433715820312
1.3862574100494385, 0.02726578712463379
1.3797612190246582, 0.027444124221801758
1.387790560722351, 0.027291059494018555
1.3791189193725586, 0.027439355850219727
1.396439552307129, 0.02770233154296875
1.3857026100158691, 0.027646541595458984
1.379822015762329, 0.03244495391845703
1.4074429273605347, 0.02295684814453125
1.3882808685302734, 0.02767491340637207
1.3801673650741577, 0.02767157554626465
1.3899272680282593, 0.027698516845703125
1.3853312730789185, 0.02786564826965332
1.3813477754592896, 0.027605295181274414
1.382204294204712, 0.027762174606323242
1.388183355331421, 0.0275266170501709
1.3924881219863892, 0.027736425399780273
1.3902368545532227, 0.02745962142944336
1.3916913270950317, 0.027301311492919922
1.3902804851531982, 0.02783513069152832
1.3894531726837158, 0.02735447883605957
1.3786758184432983, 0.027744770050048828
1.3797736167907715, 0.02698206901550293
1.3818378448486328, 0.027336835861206055
1.3680212497711182, 0.02732110023498535
1.3942365646362305, 0.027337074279785156
1.3874069452285767, 0.02753591537475586
1.389544129371643, 0.02768230438232422
1.3967111110687256, 0.0269010066986084
1.3918689489364624, 0.02756500244140625
1.3904948234558105, 0.0275418758392334
1.3825886249542236, 0.02732062339782715
1.4041370153427124, 0.02742743492126465
1.365511178970337, 0.027373790740966797
1.3757879734039307, 0.027608394622802734
1.3850436210632324, 0.027142047882080078
1.3877062797546387, 0.027677536010742188
1.384421944618225, 0.027407407760620117
1.3812904357910156, 0.02785634994506836
1.3964102268218994, 0.02682638168334961
1.3953193426132202, 0.02768254280090332
1.3833708763122559, 0.027535200119018555
1.3900556564331055, 0.0277862548828125
1.393341302871704, 0.027651548385620117
1.3882343769073486, 0.027634143829345703
1.378432273864746, 0.027781009674072266
1.3894317150115967, 0.027654647827148438
1.3890972137451172, 0.027752399444580078
1.3905378580093384, 0.027505874633789062
1.379714012145996, 0.027687788009643555
1.3817956447601318, 0.02776932716369629
1.3692206144332886, 0.027494430541992188
1.3799517154693604, 0.02771139144897461
1.389106273651123, 0.027644634246826172
1.391154170036316, 0.027601003646850586
1.3873462677001953, 0.02763819694519043
1.3850128650665283, 0.02727675437927246
1.38107168674469, 0.027394533157348633
1.3935636281967163, 0.027414560317993164
1.3849520683288574, 0.02718496322631836
1.3853778839111328, 0.02733755111694336
1.3836277723312378, 0.0273892879486084
1.3854107856750488, 0.02798748016357422
1.3847107887268066, 0.027951955795288086
1.3917880058288574, 0.027729034423828125
1.3847763538360596, 0.028102397918701172
1.3869714736938477, 0.028112173080444336
1.3922350406646729, 0.028430700302124023
1.392435073852539, 0.02794170379638672
1.3898683786392212, 0.027672529220581055
1.3885488510131836, 0.0276639461517334
1.388242244720459, 0.027599096298217773
1.3966646194458008, 0.02767801284790039
1.378340721130371, 0.02759099006652832
1.3800923824310303, 0.027556657791137695
1.3847019672393799, 0.027743816375732422
1.3899080753326416, 0.027652263641357422
1.3896838426589966, 0.027498245239257812
1.3946857452392578, 0.027538299560546875
1.3831515312194824, 0.027308225631713867
1.3744326829910278, 0.027469396591186523
1.3770184516906738, 0.027561664581298828
1.3880274295806885, 0.027435302734375
1.3900749683380127, 0.02757859230041504
1.3968150615692139, 0.02753925323486328
1.3879088163375854, 0.027492523193359375
1.3870114088058472, 0.027726411819458008
1.3846564292907715, 0.02743387222290039
1.3757901191711426, 0.027561664581298828
1.3883599042892456, 0.02768111228942871
1.377477765083313, 0.027431964874267578
1.384260654449463, 0.02774333953857422
1.3789395093917847, 0.027654409408569336
1.3836827278137207, 0.027552366256713867
1.3854107856750488, 0.027962684631347656
1.3801724910736084, 0.027191877365112305
1.3898342847824097, 0.0275876522064209
1.37871253490448, 0.027563810348510742
1.3892327547073364, 0.02765941619873047
1.389817237854004, 0.027678251266479492
1.3944165706634521, 0.027369976043701172
1.3851488828659058, 0.027663230895996094
1.3818626403808594, 0.027702808380126953
1.4034459590911865, 0.02784276008605957
1.3816473484039307, 0.02756953239440918
1.385597586631775, 0.027729272842407227
1.3863563537597656, 0.027372360229492188
1.3747169971466064, 0.027910470962524414
1.3958868980407715, 0.027523040771484375
1.3880445957183838, 0.027073144912719727
1.385908842086792, 0.027817249298095703
1.3801077604293823, 0.027536630630493164
1.3904073238372803, 0.027605056762695312
1.3940002918243408, 0.027460575103759766
1.3770074844360352, 0.02744293212890625
1.3767926692962646, 0.027834177017211914
1.391690969467163, 0.02721238136291504
1.373023271560669, 0.027403593063354492
1.3875148296356201, 0.027692794799804688
1.3898093700408936, 0.027374744415283203
1.3780015707015991, 0.027378559112548828
1.3936718702316284, 0.02757573127746582
1.37758207321167, 0.02803325653076172
1.3873685598373413, 0.027962446212768555
1.3834900856018066, 0.027806520462036133
1.3835976123809814, 0.027739763259887695
1.3962171077728271, 0.028282880783081055
1.3957433700561523, 0.027401208877563477
1.3879504203796387, 0.02779245376586914
1.3872240781784058, 0.027546405792236328
1.3812367916107178, 0.027760028839111328
1.37794029712677, 0.0274503231048584
1.3881819248199463, 0.027637958526611328
1.3882031440734863, 0.027981042861938477
1.3846070766448975, 0.026999235153198242
1.385424017906189, 0.027823448181152344
1.3931496143341064, 0.0274655818939209
1.3922107219696045, 0.027820348739624023
1.3907005786895752, 0.027643442153930664
1.3949849605560303, 0.027797222137451172
1.3947454690933228, 0.027768611907958984
1.3857002258300781, 0.027279376983642578
1.4008944034576416, 0.027529001235961914
1.3871748447418213, 0.027756214141845703
1.386596441268921, 0.027527570724487305
1.3791804313659668, 0.027619123458862305
1.381952166557312, 0.02771782875061035
1.3885349035263062, 0.027564525604248047
1.389613389968872, 0.027646541595458984
1.3752832412719727, 0.02750849723815918
1.3800077438354492, 0.027636289596557617
1.3797900676727295, 0.02746725082397461
1.3861455917358398, 0.027196645736694336
1.3850237131118774, 0.027590513229370117
1.3966354131698608, 0.027380704879760742
1.3902409076690674, 0.02719736099243164
1.381607174873352, 0.027426719665527344
1.3832242488861084, 0.027416706085205078
1.3824290037155151, 0.028224945068359375
1.3917489051818848, 0.027898550033569336
1.3781023025512695, 0.027819156646728516
1.390987515449524, 0.028090238571166992
1.3827382326126099, 0.027981042861938477
1.3951926231384277, 0.02809000015258789
1.4069299697875977, 0.028035402297973633
1.3900890350341797, 0.027941465377807617
1.3860461711883545, 0.028043031692504883
1.3931511640548706, 0.02756953239440918
1.3900139331817627, 0.02780771255493164
1.3881044387817383, 0.027757883071899414
1.39090895652771, 0.028121232986450195
1.3770947456359863, 0.02808856964111328
1.3953943252563477, 0.027702808380126953
1.3898162841796875, 0.027533769607543945
1.385776400566101, 0.027468204498291016
1.3851118087768555, 0.027408123016357422
1.3845816850662231, 0.02808690071105957
1.3870196342468262, 0.027284622192382812
1.3944857120513916, 0.02750992774963379
1.3842344284057617, 0.027701139450073242
1.3700745105743408, 0.027364015579223633
1.3752840757369995, 0.027638912200927734
1.388300895690918, 0.0276186466217041
1.3856353759765625, 0.027603626251220703
1.3864974975585938, 0.027630329132080078
1.3758302927017212, 0.02736830711364746
1.3871793746948242, 0.02764749526977539
1.3866260051727295, 0.02733588218688965
1.384171485900879, 0.027292966842651367
1.3746957778930664, 0.02746129035949707
1.3813107013702393, 0.027474164962768555
1.3817229270935059, 0.027235746383666992
1.3850115537643433, 0.027274608612060547
1.3840289115905762, 0.027161598205566406
1.3876240253448486, 0.027400493621826172
1.3867371082305908, 0.027368545532226562
1.3921681642532349, 0.027499914169311523
1.3905768394470215, 0.02694845199584961
1.3820527791976929, 0.027496337890625
1.3776488304138184, 0.027815818786621094
1.3837319612503052, 0.0275728702545166
1.3927780389785767, 0.026880741119384766
1.3932390213012695, 0.0275726318359375
1.3832364082336426, 0.027613162994384766
1.3983938694000244, 0.027235031127929688
1.386399269104004, 0.02752065658569336
1.3968617916107178, 0.027383089065551758
1.386256217956543, 0.027395009994506836
1.3972848653793335, 0.027953147888183594
1.3757699728012085, 0.0268709659576416
1.3890936374664307, 0.02746748924255371
1.388089656829834, 0.0274202823638916
1.390343189239502, 0.027321577072143555
1.3874104022979736, 0.02768850326538086
1.3762948513031006, 0.027371883392333984
1.3826403617858887, 0.02735424041748047
1.388549566268921, 0.027668476104736328
1.3986468315124512, 0.02734827995300293
1.3893814086914062, 0.02753472328186035
1.3793878555297852, 0.027344942092895508
1.3908686637878418, 0.027551651000976562
1.3889955282211304, 0.02755594253540039
1.3859446048736572, 0.02762150764465332
1.3890554904937744, 0.027172088623046875
1.3789441585540771, 0.027466297149658203
1.3894013166427612, 0.027611494064331055
1.3821783065795898, 0.027069091796875
1.379167079925537, 0.027480125427246094
1.392848014831543, 0.027373313903808594
1.375718116760254, 0.027562856674194336
1.3891208171844482, 0.02779078483581543
1.3804033994674683, 0.02702927589416504
1.3859338760375977, 0.027731657028198242
1.387502908706665, 0.027714014053344727
1.3676140308380127, 0.02787637710571289
1.4015796184539795, 0.0276944637298584
1.3802422285079956, 0.02797698974609375
1.389111042022705, 0.02779984474182129
1.3871800899505615, 0.027126789093017578
1.3986420631408691, 0.02764439582824707
1.3764604330062866, 0.027565717697143555
1.3975199460983276, 0.027441978454589844
1.399972915649414, 0.027713775634765625
1.3912813663482666, 0.027344465255737305
1.3856861591339111, 0.0274960994720459
1.3825619220733643, 0.027605533599853516
1.3868794441223145, 0.02725696563720703
1.3861494064331055, 0.028025388717651367
1.391596794128418, 0.027322769165039062
1.3902323246002197, 0.027727365493774414
1.39323091506958, 0.0274355411529541
1.3787128925323486, 0.02742314338684082
1.3917852640151978, 0.02765345573425293
1.3918952941894531, 0.02737712860107422
1.3906008005142212, 0.027228593826293945
1.3829903602600098, 0.027411699295043945
1.3869149684906006, 0.02763080596923828
1.385364294052124, 0.027561187744140625
1.3904083967208862, 0.027523279190063477
1.375612735748291, 0.027290821075439453
1.3949823379516602, 0.02759075164794922
1.3750293254852295, 0.02731180191040039
1.380291223526001, 0.028485774993896484
1.3834211826324463, 0.026467084884643555
1.391834020614624, 0.02680373191833496
1.3880352973937988, 0.027667999267578125
1.3869500160217285, 0.02694845199584961
1.3730453252792358, 0.027313947677612305
1.3968465328216553, 0.027353286743164062
1.3950554132461548, 0.027295827865600586
1.3915200233459473, 0.027338027954101562
1.3864696025848389, 0.02770256996154785
1.3780816793441772, 0.027419328689575195
1.3976072072982788, 0.027860164642333984
1.3889195919036865, 0.027425050735473633
1.3815817832946777, 0.027220487594604492
1.3893158435821533, 0.027512073516845703
1.3838586807250977, 0.02739548683166504
1.3877489566802979, 0.027274370193481445
1.3836332559585571, 0.02737116813659668
1.403815746307373, 0.027119159698486328
1.3867632150650024, 0.027258634567260742
1.3872708082199097, 0.027406930923461914
1.387993335723877, 0.026942014694213867
1.3860328197479248, 0.027452707290649414
1.3795267343521118, 0.027771949768066406
1.3869905471801758, 0.02803206443786621
1.3933308124542236, 0.027937889099121094
1.3767966032028198, 0.027814149856567383
1.389527440071106, 0.028070449829101562
1.396890640258789, 0.02767348289489746
1.3854986429214478, 0.027858495712280273
1.375868558883667, 0.027788877487182617
1.3787522315979004, 0.027557373046875
1.387712836265564, 0.027846097946166992
1.3823882341384888, 0.02731037139892578
1.3959007263183594, 0.02753615379333496
1.385939598083496, 0.028075218200683594
1.3899264335632324, 0.027916908264160156
1.3867506980895996, 0.02739715576171875
1.3885538578033447, 0.027348756790161133
1.3868476152420044, 0.027484655380249023
1.3845438957214355, 0.027982473373413086
1.3846192359924316, 0.027093172073364258
1.3985304832458496, 0.027660608291625977
1.3869435787200928, 0.02784132957458496
1.3969316482543945, 0.027500152587890625
1.3918592929840088, 0.027487993240356445
1.3843543529510498, 0.02732372283935547
1.3923834562301636, 0.027330398559570312
1.384629249572754, 0.027682065963745117
1.3834714889526367, 0.027289628982543945
1.3749032020568848, 0.027441978454589844
1.374539852142334, 0.027523040771484375
1.3825730085372925, 0.027103662490844727
1.3844165802001953, 0.027048587799072266
1.3858165740966797, 0.02738475799560547
1.382516622543335, 0.02748847007751465
1.3859928846359253, 0.027237415313720703
1.3926440477371216, 0.027297019958496094
1.3787285089492798, 0.02740645408630371
1.3812649250030518, 0.027877330780029297
1.3914340734481812, 0.02800273895263672
1.3872066736221313, 0.02800273895263672
1.3939534425735474, 0.0275728702545166
1.3886041641235352, 0.027772188186645508
1.3899575471878052, 0.02780890464782715
1.3926416635513306, 0.0278623104095459
1.3886082172393799, 0.027693986892700195
1.376838207244873, 0.027451753616333008
1.389986515045166, 0.027664899826049805
1.3854856491088867, 0.02765822410583496
1.3758249282836914, 0.027347564697265625
1.3881139755249023, 0.026951074600219727
1.3853158950805664, 0.0277407169342041
1.3795881271362305, 0.02741074562072754
1.3843591213226318, 0.027590036392211914
1.3890361785888672, 0.027640581130981445
1.3908110857009888, 0.02718663215637207
1.3919501304626465, 0.02783060073852539
1.388986349105835, 0.02702045440673828
1.3915481567382812, 0.027654409408569336
1.3903448581695557, 0.027392864227294922
1.378306269645691, 0.027433156967163086
1.3803496360778809, 0.0278017520904541
1.3869037628173828, 0.027356863021850586
1.3849350214004517, 0.02749919891357422
1.3838329315185547, 0.027608156204223633
1.3895316123962402, 0.02727651596069336
1.3920989036560059, 0.027429819107055664
1.3872488737106323, 0.027436494827270508
1.381455659866333, 0.027300119400024414
1.3936630487442017, 0.02740001678466797
1.3929119110107422, 0.02725696563720703
1.3822590112686157, 0.02730250358581543
1.3824408054351807, 0.0272979736328125
1.3928173780441284, 0.02733469009399414
1.3808472156524658, 0.02744889259338379
1.381640911102295, 0.0273592472076416
1.3847678899765015, 0.028014659881591797
1.3869869709014893, 0.027221202850341797
1.3920485973358154, 0.027219533920288086
1.3909363746643066, 0.026998519897460938
1.3841686248779297, 0.02754807472229004
1.3954057693481445, 0.02767348289489746
1.391348123550415, 0.0273284912109375
1.3822412490844727, 0.02705526351928711
1.3796159029006958, 0.02772355079650879
1.3883914947509766, 0.0273134708404541
1.3986896276474, 0.027072429656982422
1.3995535373687744, 0.026990652084350586
1.366511344909668, 0.02733778953552246
1.380861520767212, 0.027451753616333008
1.3884003162384033, 0.02807927131652832
1.3876457214355469, 0.027898550033569336
1.3728480339050293, 0.027890682220458984
1.3838937282562256, 0.0280153751373291
1.3888115882873535, 0.027874469757080078
1.3795253038406372, 0.02779245376586914
1.384232997894287, 0.027765274047851562
1.3858941793441772, 0.02764439582824707
1.3835041522979736, 0.027973413467407227
1.3937156200408936, 0.02711653709411621
1.38433837890625, 0.02773118019104004
1.3909039497375488, 0.027727603912353516
1.3684003353118896, 0.02782750129699707
1.396303653717041, 0.027441978454589844
1.378926157951355, 0.027789831161499023
1.3941078186035156, 0.02700948715209961
1.3958661556243896, 0.02738475799560547
1.3856773376464844, 0.02733469009399414
1.3813129663467407, 0.027646541595458984
1.379462718963623, 0.027779817581176758
1.387130618095398, 0.026989221572875977
1.3851016759872437, 0.027599334716796875
1.3904720544815063, 0.027583837509155273
1.3929682970046997, 0.027423381805419922
1.3714265823364258, 0.027272939682006836
1.3852965831756592, 0.02738666534423828
1.3908758163452148, 0.02778458595275879
1.3945856094360352, 0.02751326560974121
1.386993408203125, 0.027369022369384766
1.3968610763549805, 0.02739882469177246
1.378600001335144, 0.02724289894104004
1.384321928024292, 0.02764129638671875
1.390305995941162, 0.02744770050048828
1.3782875537872314, 0.027100563049316406
1.3810803890228271, 0.027373075485229492
1.3920766115188599, 0.027360916137695312
1.3896547555923462, 0.027719497680664062
1.3931933641433716, 0.027947664260864258
1.3788641691207886, 0.027984619140625
1.3866729736328125, 0.02773594856262207
1.3887566328048706, 0.028083086013793945
1.3791447877883911, 0.028183698654174805
1.3998265266418457, 0.027585506439208984
1.388091802597046, 0.02777099609375
1.3705191612243652, 0.027829647064208984
1.3767845630645752, 0.027694225311279297
1.3750616312026978, 0.0275723934173584
1.38596773147583, 0.02758312225341797
1.3735382556915283, 0.02753734588623047
1.3820102214813232, 0.027676820755004883
1.387383222579956, 0.027861356735229492
1.3776159286499023, 0.027245759963989258
1.3771255016326904, 0.027582645416259766
1.3824865818023682, 0.027338027954101562
1.3927315473556519, 0.027748584747314453
1.3860838413238525, 0.027374267578125
1.383947491645813, 0.026978731155395508
1.4005753993988037, 0.027520179748535156
1.3967139720916748, 0.027351856231689453
1.3775240182876587, 0.02831435203552246
1.3968751430511475, 0.028188467025756836
1.382515788078308, 0.02793407440185547
1.384035348892212, 0.028141260147094727
1.3814767599105835, 0.028026103973388672
1.3770077228546143, 0.028296470642089844
1.3973634243011475, 0.02790212631225586
1.3770252466201782, 0.027789592742919922
1.3921175003051758, 0.02808213233947754
1.3815659284591675, 0.02800893783569336
1.3861472606658936, 0.027269601821899414
1.373369812965393, 0.02764582633972168
1.3862841129302979, 0.027773141860961914
1.3859663009643555, 0.02791619300842285
1.386840581893921, 0.027634382247924805
1.3828368186950684, 0.02756023406982422
1.3865697383880615, 0.027639150619506836
1.392225742340088, 0.027338027954101562
1.3739309310913086, 0.027481555938720703
1.3871617317199707, 0.02747178077697754
1.3859353065490723, 0.027497053146362305
1.3892278671264648, 0.02781534194946289
1.3791106939315796, 0.02743053436279297
1.3840713500976562, 0.02751922607421875
1.3981508016586304, 0.027559518814086914
1.3892831802368164, 0.0274810791015625
1.3870255947113037, 0.027656078338623047
1.3727898597717285, 0.027423381805419922
1.3797327280044556, 0.02753901481628418
1.3880236148834229, 0.02763056755065918
1.3788752555847168, 0.027340173721313477
1.3900606632232666, 0.02765798568725586
1.386460781097412, 0.027101993560791016
1.3795772790908813, 0.02734661102294922
1.3910470008850098, 0.027348756790161133
1.3865742683410645, 0.027266979217529297
1.3867751359939575, 0.027999401092529297
1.387359380722046, 0.02825927734375
1.3865476846694946, 0.02739548683166504
1.3940504789352417, 0.027889728546142578
1.3737492561340332, 0.027868986129760742
1.377600073814392, 0.027825355529785156
1.3984339237213135, 0.028046607971191406
1.3902995586395264, 0.027628183364868164
1.3888459205627441, 0.02772235870361328
1.3707828521728516, 0.02744150161743164
1.4038074016571045, 0.026863574981689453
1.3857547044754028, 0.027411937713623047
1.3785078525543213, 0.02745199203491211
1.3914885520935059, 0.02770543098449707
1.3773159980773926, 0.027570724487304688
1.3853687047958374, 0.027390003204345703
1.3901071548461914, 0.02766728401184082
1.3829902410507202, 0.02742791175842285
1.3890106678009033, 0.02747511863708496
1.3847837448120117, 0.027738332748413086
1.387739896774292, 0.027422666549682617
1.3894251585006714, 0.027617692947387695
1.381614327430725, 0.02751302719116211
1.386435627937317, 0.02779984474182129
1.3771920204162598, 0.028331518173217773
1.3804309368133545, 0.02821493148803711
1.3844305276870728, 0.02800154685974121
1.3947577476501465, 0.02791571617126465
1.3823091983795166, 0.02798318862915039
1.3792517185211182, 0.028194904327392578
1.392679214477539, 0.027865171432495117
1.378770351409912, 0.027745962142944336
1.3828043937683105, 0.027822494506835938
1.3816747665405273, 0.027688980102539062
1.3895988464355469, 0.027823448181152344
1.383976697921753, 0.02751612663269043
1.39017915725708, 0.028632164001464844
1.3755265474319458, 0.02670884132385254
1.3756787776947021, 0.027437448501586914
1.3895883560180664, 0.027800798416137695
1.3975913524627686, 0.027558326721191406
1.3891228437423706, 0.027347564697265625
1.3887957334518433, 0.027858734130859375
1.3880672454833984, 0.027005910873413086
1.367624282836914, 0.0275418758392334
1.3908214569091797, 0.02738213539123535
1.3957383632659912, 0.02733016014099121
1.3998290300369263, 0.02741527557373047
1.3737658262252808, 0.027464866638183594
1.3750773668289185, 0.027550935745239258
1.383272647857666, 0.02762460708618164
1.3801894187927246, 0.02730536460876465
1.3906397819519043, 0.02758049964904785
1.379409670829773, 0.027347087860107422
1.386298418045044, 0.027192115783691406
1.4018101692199707, 0.027770519256591797
1.3993067741394043, 0.026844501495361328
1.3895561695098877, 0.027340173721313477
1.3969347476959229, 0.02738499641418457
1.382918119430542, 0.0276181697845459
1.3828730583190918, 0.028040409088134766
1.37627112865448, 0.02784419059753418
1.3952668905258179, 0.027987957000732422
1.3910744190216064, 0.028211116790771484
1.3987624645233154, 0.02801036834716797
1.3858281373977661, 0.028095722198486328
1.3806880712509155, 0.027963638305664062
1.3915048837661743, 0.027834415435791016
1.3864799737930298, 0.027673959732055664
1.3873281478881836, 0.027904510498046875
1.3814187049865723, 0.02790236473083496
1.399501085281372, 0.027516841888427734
1.3790900707244873, 0.02768397331237793
1.390960454940796, 0.027990341186523438
1.3681983947753906, 0.02748584747314453
1.3845493793487549, 0.027592182159423828
1.3968822956085205, 0.027430295944213867
1.3975048065185547, 0.027507543563842773
1.3884446620941162, 0.027764320373535156
1.3977489471435547, 0.027405261993408203
1.383254051208496, 0.02755284309387207
1.3845289945602417, 0.027534008026123047
1.384691596031189, 0.027430057525634766
1.397704839706421, 0.02768397331237793
1.3934922218322754, 0.02745842933654785
1.3857903480529785, 0.02747797966003418
1.3841686248779297, 0.027602434158325195
1.390915870666504, 0.02741408348083496
1.3931398391723633, 0.027558565139770508
1.3789271116256714, 0.02742743492126465
1.3824139833450317, 0.02734088897705078
1.3799076080322266, 0.027628421783447266
1.3849701881408691, 0.0272824764251709
1.3894951343536377, 0.02731633186340332
1.4008338451385498, 0.0274050235748291
1.3871140480041504, 0.027246475219726562
1.380692720413208, 0.02732539176940918
1.392142415046692, 0.027425289154052734
1.3864004611968994, 0.027281761169433594
1.386213779449463, 0.027567386627197266
1.3864452838897705, 0.027262449264526367
1.3837306499481201, 0.02747058868408203
1.3943346738815308, 0.027376890182495117
1.3805944919586182, 0.027297496795654297
1.3878395557403564, 0.02733635902404785
1.3773587942123413, 0.027293682098388672
1.3830280303955078, 0.02716970443725586
1.3866256475448608, 0.027343273162841797
1.3945999145507812, 0.027307748794555664
1.3883705139160156, 0.027577877044677734
1.4025837182998657, 0.027425527572631836
1.3931093215942383, 0.02718520164489746
1.3841478824615479, 0.02791118621826172
1.3866779804229736, 0.02770090103149414
1.393667221069336, 0.02808237075805664
1.3901550769805908, 0.028299570083618164
1.3946871757507324, 0.027994871139526367
1.3790562152862549, 0.028189420700073242
1.3906466960906982, 0.02797675132751465
1.3852596282958984, 0.02801036834716797
1.3938958644866943, 0.028194427490234375
1.3820217847824097, 0.02800893783569336
1.3882372379302979, 0.02841782569885254
1.3955645561218262, 0.027621030807495117
1.3955950736999512, 0.02800774574279785
1.3824158906936646, 0.028127193450927734
1.394282579421997, 0.028071880340576172
1.3819246292114258, 0.027868986129760742
1.3851683139801025, 0.02762317657470703
1.3864409923553467, 0.027779817581176758
1.3926950693130493, 0.027877330780029297
1.3886604309082031, 0.027783870697021484
1.3828356266021729, 0.028021574020385742
1.3826794624328613, 0.028094053268432617
1.3865032196044922, 0.027648448944091797
1.3812012672424316, 0.027617931365966797
1.3846704959869385, 0.027420997619628906
1.3929336071014404, 0.02774643898010254
1.3854937553405762, 0.02734208106994629
1.3803603649139404, 0.027571678161621094
1.3843107223510742, 0.027781963348388672
1.3741940259933472, 0.02752065658569336
1.385669231414795, 0.027234554290771484
1.3893985748291016, 0.02729177474975586
1.3733859062194824, 0.02724933624267578
1.3876174688339233, 0.027457714080810547
1.385563850402832, 0.02744007110595703
1.3749889135360718, 0.0270540714263916
1.3893835544586182, 0.027333974838256836
1.387228012084961, 0.027216196060180664
1.382434368133545, 0.027146577835083008
1.3967914581298828, 0.02738332748413086
1.3863950967788696, 0.027479887008666992
1.384902000427246, 0.027344703674316406
1.3931872844696045, 0.02722620964050293
1.3724884986877441, 0.027394533157348633
1.3942911624908447, 0.0283050537109375
1.3862608671188354, 0.028263092041015625
1.38437819480896, 0.027728796005249023
1.3833751678466797, 0.027550458908081055
1.3953145742416382, 0.0279233455657959
1.395113229751587, 0.028050661087036133
1.393120288848877, 0.028583765029907227
1.3880431652069092, 0.027009010314941406
1.3870038986206055, 0.02766895294189453
1.3893941640853882, 0.02759528160095215
1.3893015384674072, 0.02782583236694336
1.3931446075439453, 0.027553319931030273
1.3996250629425049, 0.02764606475830078
1.385850429534912, 0.02771592140197754
1.3842949867248535, 0.027790307998657227
1.378756046295166, 0.02805018424987793
1.3890708684921265, 0.027444124221801758
1.3863790035247803, 0.02726578712463379
1.3828926086425781, 0.027712583541870117
1.3806380033493042, 0.02751779556274414
1.39638352394104, 0.027735471725463867
1.382458209991455, 0.02771139144897461
1.399178385734558, 0.027627944946289062
1.3953641653060913, 0.02797722816467285
1.3786343336105347, 0.027130603790283203
1.3861496448516846, 0.02769947052001953
1.3874661922454834, 0.02776050567626953
1.3864707946777344, 0.027504920959472656
1.3843754529953003, 0.027728796005249023
1.387981653213501, 0.027367591857910156
1.3970563411712646, 0.027580976486206055
1.398145318031311, 0.02707362174987793
1.3880459070205688, 0.02738809585571289
1.384417176246643, 0.027510643005371094
1.387466311454773, 0.02727365493774414
1.382674217224121, 0.027383804321289062
1.3857086896896362, 0.027582645416259766
1.3900314569473267, 0.027204275131225586
1.3748118877410889, 0.02732086181640625
1.383267879486084, 0.027187824249267578
1.3799457550048828, 0.027141094207763672
1.3888638019561768, 0.027518749237060547
1.383316159248352, 0.026997804641723633
1.3693357706069946, 0.02697610855102539
1.3743250370025635, 0.027363300323486328
1.393574595451355, 0.027094364166259766
1.3867073059082031, 0.02712392807006836
1.3860085010528564, 0.027303218841552734
1.3798129558563232, 0.027090787887573242
1.379612922668457, 0.0271146297454834
1.3925514221191406, 0.027228593826293945
1.3878321647644043, 0.027495622634887695
1.3783419132232666, 0.028488636016845703
1.386775255203247, 0.028278827667236328
1.378345251083374, 0.028395891189575195
1.3903952836990356, 0.028352975845336914
1.384474515914917, 0.028153181076049805
1.3844305276870728, 0.02846074104309082
1.3994481563568115, 0.02788996696472168
1.388490080833435, 0.027920246124267578
1.3821923732757568, 0.02801799774169922
1.3827074766159058, 0.027983427047729492
1.3886542320251465, 0.028064727783203125
1.3714323043823242, 0.027919769287109375
1.3906219005584717, 0.027943849563598633
1.3763381242752075, 0.027858972549438477
1.3951373100280762, 0.028067350387573242
1.3972711563110352, 0.02784872055053711
1.3787333965301514, 0.027249574661254883
1.3954746723175049, 0.0276944637298584
1.3833646774291992, 0.02770543098449707
1.3771209716796875, 0.027570247650146484
1.3914564847946167, 0.027922391891479492
1.395712971687317, 0.027433156967163086
1.3863108158111572, 0.02771782875061035
1.3885958194732666, 0.02733445167541504
1.388273000717163, 0.02746725082397461
1.3952455520629883, 0.027724504470825195
1.394411325454712, 0.02745795249938965
1.3844449520111084, 0.027812719345092773
1.3823180198669434, 0.02794647216796875
1.3959684371948242, 0.02721095085144043
1.3787791728973389, 0.02733635902404785
1.378037929534912, 0.02725052833557129
1.3822219371795654, 0.027270078659057617
1.3889234066009521, 0.027903079986572266
1.3998968601226807, 0.0275728702545166
1.400611162185669, 0.027962684631347656
1.3930912017822266, 0.027306318283081055
1.3881081342697144, 0.027145862579345703
1.3733832836151123, 0.027038097381591797
1.382283329963684, 0.02734851837158203
1.381340742111206, 0.026829242706298828
1.3807575702667236, 0.027310848236083984
1.38991117477417, 0.027170658111572266
1.3906100988388062, 0.027437448501586914
1.3925788402557373, 0.02837085723876953
1.3861948251724243, 0.028115034103393555
1.3893522024154663, 0.027651548385620117
1.3828011751174927, 0.02817368507385254
1.3812023401260376, 0.027481555938720703
1.3774771690368652, 0.02756214141845703
1.3893311023712158, 0.02752518653869629
1.3892070055007935, 0.027592182159423828
1.3858929872512817, 0.02738332748413086
1.3950819969177246, 0.027451276779174805
1.3930095434188843, 0.027853012084960938
1.3831077814102173, 0.027043581008911133
1.3822587728500366, 0.027384042739868164
1.3957464694976807, 0.02747797966003418
1.387941837310791, 0.02750873565673828
1.378179669380188, 0.028269529342651367
1.3953583240509033, 0.02798318862915039
1.3937760591506958, 0.028095483779907227
1.3949888944625854, 0.028289318084716797
1.3771750926971436, 0.02831125259399414
1.3891410827636719, 0.02797675132751465
1.3763070106506348, 0.028085947036743164
1.390977382659912, 0.027894973754882812
1.3946850299835205, 0.027893781661987305
1.380691409111023, 0.028010845184326172
1.3789067268371582, 0.02771472930908203
1.3775745630264282, 0.027884960174560547
1.3878569602966309, 0.027747154235839844
1.390880823135376, 0.027699708938598633
1.3712518215179443, 0.027524709701538086
1.37876558303833, 0.027734994888305664
1.3833446502685547, 0.02734971046447754
1.3880057334899902, 0.02736687660217285
1.3835557699203491, 0.027498960494995117
1.3756282329559326, 0.027554750442504883
1.3901712894439697, 0.0275876522064209
1.3859535455703735, 0.027543067932128906
1.3824946880340576, 0.02752828598022461
1.386756420135498, 0.02766132354736328
1.3786910772323608, 0.027630329132080078
1.3895299434661865, 0.02729630470275879
1.3781112432479858, 0.027554988861083984
1.3948650360107422, 0.027396440505981445
1.3823422193527222, 0.02763843536376953
1.3845124244689941, 0.02732563018798828
1.3834035396575928, 0.027637720108032227
1.3801627159118652, 0.027930498123168945
1.3824214935302734, 0.027211427688598633
1.3854700326919556, 0.027651548385620117
1.3815776109695435, 0.02710413932800293
1.3956780433654785, 0.02753758430480957
1.3852055072784424, 0.02813434600830078
1.3853487968444824, 0.02692556381225586
1.3781414031982422, 0.02723526954650879
1.3777885437011719, 0.027489900588989258
1.3832927942276, 0.027338504791259766
1.3890348672866821, 0.027298688888549805
1.3900258541107178, 0.027242183685302734
1.3946460485458374, 0.027771711349487305
1.3873950242996216, 0.028414011001586914
1.3991217613220215, 0.027117252349853516
1.383946180343628, 0.027648448944091797
1.389884114265442, 0.028114795684814453
1.3869777917861938, 0.027475833892822266
1.3938519954681396, 0.028027772903442383
1.380332112312317, 0.027689218521118164
1.3873496055603027, 0.02829885482788086
1.3775739669799805, 0.027600765228271484
1.3773009777069092, 0.027107954025268555
1.3953744173049927, 0.027078866958618164
1.3814189434051514, 0.027542591094970703
1.387160301208496, 0.027524948120117188
1.3820250034332275, 0.02760148048400879
1.3833197355270386, 0.02756214141845703
1.3911800384521484, 0.0274813175201416
1.3934121131896973, 0.027733564376831055
1.3774933815002441, 0.02751898765563965
1.389549970626831, 0.02764105796813965
1.3961515426635742, 0.027405500411987305
1.3865766525268555, 0.027605295181274414
1.3918395042419434, 0.027585983276367188
1.395597219467163, 0.027541637420654297
1.382825493812561, 0.02788543701171875
1.3946410417556763, 0.02717876434326172
1.3809993267059326, 0.028046846389770508
1.3817427158355713, 0.027168750762939453
1.381736159324646, 0.027451038360595703
1.3903477191925049, 0.027616024017333984
1.395378828048706, 0.027327299118041992
1.3849977254867554, 0.027508974075317383
1.3945796489715576, 0.02772665023803711
1.381150245666504, 0.027344942092895508
1.380859375, 0.02735304832458496
1.3950996398925781, 0.0274202823638916
1.3817120790481567, 0.02732706069946289
1.3852934837341309, 0.02758502960205078
1.3752515316009521, 0.027293920516967773
1.3846485614776611, 0.027228832244873047
1.3926138877868652, 0.027326345443725586
1.3934149742126465, 0.027254104614257812
1.3790771961212158, 0.027379989624023438
1.3816533088684082, 0.02734661102294922
1.3799277544021606, 0.027576446533203125
1.387068510055542, 0.02713322639465332
1.3725883960723877, 0.02732706069946289
1.3910473585128784, 0.02721858024597168
1.4039667844772339, 0.027703285217285156
1.387547492980957, 0.027163267135620117
1.390049934387207, 0.02770853042602539
1.3928802013397217, 0.027060270309448242
1.3822894096374512, 0.02755594253540039
1.3851794004440308, 0.02825617790222168
1.4045097827911377, 0.028634309768676758
1.3854992389678955, 0.028081178665161133
1.379502296447754, 0.028090476989746094
1.3892252445220947, 0.028057575225830078
1.379568338394165, 0.02830791473388672
1.379130244255066, 0.0279538631439209
1.392890453338623, 0.02784585952758789
1.3801236152648926, 0.027805805206298828
1.3945469856262207, 0.0278627872467041
1.3948874473571777, 0.028180360794067383
1.3841575384140015, 0.02780294418334961
1.3667385578155518, 0.028026819229125977
1.3771251440048218, 0.027601957321166992
1.3771655559539795, 0.027678489685058594
1.3790022134780884, 0.027544736862182617
1.3915534019470215, 0.027441740036010742
1.3768608570098877, 0.027559518814086914
1.3793787956237793, 0.02759838104248047
1.3744492530822754, 0.027365922927856445
1.3807662725448608, 0.027655839920043945
1.390923261642456, 0.027512788772583008
1.387047529220581, 0.027317523956298828
1.377650260925293, 0.027428865432739258
1.383683204650879, 0.027524471282958984
1.383863091468811, 0.02748727798461914
1.3834824562072754, 0.027518749237060547
1.3857157230377197, 0.027909040451049805
1.393436074256897, 0.02767777442932129
1.3867853879928589, 0.027199745178222656
1.3853492736816406, 0.027352333068847656
1.3868157863616943, 0.027727127075195312
1.3903014659881592, 0.027380704879760742
1.3838499784469604, 0.026791810989379883
1.3879103660583496, 0.027432918548583984
1.3990423679351807, 0.02727484703063965
1.3820370435714722, 0.027410268783569336
1.410179615020752, 0.02730870246887207
1.3791277408599854, 0.02768874168395996
1.3812642097473145, 0.026816368103027344
1.3789457082748413, 0.02693915367126465
1.3776934146881104, 0.027226924896240234
1.3956377506256104, 0.027135133743286133
1.3876316547393799, 0.02700519561767578
1.3832616806030273, 0.027297258377075195
1.387155532836914, 0.027149677276611328
1.3826075792312622, 0.02714228630065918
1.3792788982391357, 0.02726435661315918
1.3904050588607788, 0.027424097061157227
1.3792364597320557, 0.02670121192932129
1.3941409587860107, 0.027421236038208008
1.3886489868164062, 0.026914119720458984
1.3909435272216797, 0.027733325958251953
1.3878355026245117, 0.027608156204223633
1.3825798034667969, 0.027906179428100586
1.3863520622253418, 0.0285642147064209
1.387665033340454, 0.027541160583496094
1.377812147140503, 0.02767157554626465
1.3836853504180908, 0.027995824813842773
1.385242223739624, 0.0278322696685791
1.3874638080596924, 0.027856111526489258
1.3889484405517578, 0.027550935745239258
1.401015043258667, 0.027628421783447266
1.3860023021697998, 0.02767205238342285
1.3885414600372314, 0.02778768539428711
1.3835947513580322, 0.02742314338684082
1.3830649852752686, 0.02772998809814453
1.3923701047897339, 0.027490615844726562
1.3781945705413818, 0.027441024780273438
1.3847236633300781, 0.02727031707763672
1.3936142921447754, 0.027812719345092773
1.3912994861602783, 0.02728724479675293
1.3741390705108643, 0.02698659896850586
1.3800053596496582, 0.027733802795410156
1.3702877759933472, 0.027947664260864258
1.3859634399414062, 0.02692270278930664
1.3886789083480835, 0.02679753303527832
1.380976676940918, 0.026981830596923828
1.388948917388916, 0.02726602554321289
1.3938926458358765, 0.02713155746459961
1.382218837738037, 0.027008056640625
1.3813425302505493, 0.02685070037841797
1.3785312175750732, 0.027196168899536133
1.389763593673706, 0.02709031105041504
1.3793394565582275, 0.027112483978271484
1.3902428150177002, 0.02704596519470215
1.3846797943115234, 0.005872011184692383
1.3805795907974243, 0.004766702651977539
1.3791245222091675, 0.004287004470825195
1.3884432315826416, 0.025469303131103516
1.3816280364990234, 0.028156518936157227
1.383085012435913, 0.028415679931640625
1.3914284706115723, 0.028307199478149414
1.3993431329727173, 0.028365373611450195
1.3972234725952148, 0.02877497673034668
1.386897325515747, 0.028102874755859375
1.383937120437622, 0.028046846389770508
1.383812665939331, 0.027385950088500977
1.3861342668533325, 0.028062105178833008
1.3758959770202637, 0.02804112434387207
1.3919895887374878, 0.028029203414916992
1.3801636695861816, 0.02815413475036621
1.3884329795837402, 0.027994155883789062
1.380281925201416, 0.027876615524291992
1.405412197113037, 0.027809858322143555
1.3926998376846313, 0.027782440185546875
1.386605978012085, 0.027914047241210938
1.3896387815475464, 0.027754545211791992
1.3836355209350586, 0.027888774871826172
1.3760311603546143, 0.027925491333007812
1.3864071369171143, 0.02898263931274414
1.3923213481903076, 0.027498483657836914
1.3872623443603516, 0.02767658233642578
1.3845109939575195, 0.027765512466430664
1.3927652835845947, 0.02768707275390625
1.3934645652770996, 0.027790546417236328
1.3864927291870117, 0.028023242950439453
1.390270471572876, 0.027118206024169922
1.3941972255706787, 0.027755260467529297
1.395885944366455, 0.02769327163696289
1.3914382457733154, 0.027570486068725586
1.3889780044555664, 0.027944564819335938
1.3835372924804688, 0.027945280075073242
1.3913630247116089, 0.027368545532226562
1.3798669576644897, 0.02768731117248535
1.3849990367889404, 0.027304410934448242
1.3903727531433105, 0.027680635452270508
1.3869271278381348, 0.027733802795410156
1.3889412879943848, 0.02704000473022461
1.3934276103973389, 0.02750849723815918
1.3872469663619995, 0.027347087860107422
1.3818241357803345, 0.02742600440979004
1.3935739994049072, 0.02750706672668457
1.3827474117279053, 0.02735590934753418
1.4016938209533691, 0.027620553970336914
1.3833093643188477, 0.02743244171142578
1.4072118997573853, 0.027437686920166016
1.38425612449646, 0.02778458595275879
1.383514404296875, 0.027451276779174805
1.3874280452728271, 0.027831077575683594
1.390611171722412, 0.02700638771057129
1.3843566179275513, 0.02740168571472168
1.3955252170562744, 0.027634620666503906
1.385840892791748, 0.02742290496826172
1.3964416980743408, 0.027386188507080078
1.3840855360031128, 0.027656078338623047
1.3773019313812256, 0.027418851852416992
1.3929250240325928, 0.02790045738220215
1.386411428451538, 0.027341127395629883
1.387641429901123, 0.027143239974975586
1.3769038915634155, 0.027235746383666992
1.3831628561019897, 0.02713751792907715
1.3851757049560547, 0.027281522750854492
1.3918852806091309, 0.027162790298461914
1.39072847366333, 0.027407407760620117
1.3859894275665283, 0.02856922149658203
1.3836054801940918, 0.028385400772094727
1.3888444900512695, 0.028508901596069336
1.3825747966766357, 0.02892470359802246
1.3883278369903564, 0.02804732322692871
1.393007516860962, 0.028563737869262695
1.384178876876831, 0.028371095657348633
1.3869400024414062, 0.02810502052307129
1.3856679201126099, 0.027994394302368164
1.390760898590088, 0.028000831604003906
1.3841137886047363, 0.028171777725219727
1.3831710815429688, 0.027936220169067383
1.3842666149139404, 0.028052806854248047
1.390752911567688, 0.027932167053222656
1.381274938583374, 0.027982234954833984
1.375246286392212, 0.027901411056518555
1.3801223039627075, 0.02804279327392578
1.3847649097442627, 0.02762007713317871
1.3878535032272339, 0.027903318405151367
1.3910667896270752, 0.027825355529785156
1.3923689126968384, 0.027988910675048828
1.391571283340454, 0.027568340301513672
1.3939766883850098, 0.027680635452270508
1.3857239484786987, 0.027439355850219727
1.385130763053894, 0.02758169174194336
1.3907325267791748, 0.02772974967956543
1.3991456031799316, 0.027605533599853516
1.3932745456695557, 0.02764749526977539
1.3857131004333496, 0.027889013290405273
1.39516019821167, 0.02727222442626953
1.3920559883117676, 0.027384281158447266
1.3855468034744263, 0.02730107307434082
1.3822219371795654, 0.027370214462280273
1.385910987854004, 0.027453899383544922
1.392599105834961, 0.027254581451416016
1.3826358318328857, 0.02743053436279297
1.3922260999679565, 0.027309894561767578
1.4019538164138794, 0.027350425720214844
1.399552822113037, 0.027185678482055664
1.3945950269699097, 0.02728724479675293
1.3767657279968262, 0.027315378189086914
1.3891099691390991, 0.027123212814331055
1.3836312294006348, 0.02718377113342285
1.3797460794448853, 0.027493953704833984
1.3897393941879272, 0.027402639389038086
1.3803009986877441, 0.02724766731262207
1.3874092102050781, 0.027576923370361328
1.3849413394927979, 0.02735137939453125
1.3852243423461914, 0.02727341651916504
1.3960955142974854, 0.02746105194091797
1.3885650634765625, 0.027325153350830078
1.3893563747406006, 0.027333498001098633
1.3904075622558594, 0.027249574661254883
1.381242036819458, 0.02716684341430664
1.3912707567214966, 0.027469873428344727
1.3893855810165405, 0.027426719665527344
1.3820478916168213, 0.027352333068847656
1.3780102729797363, 0.027434110641479492
1.387755036354065, 0.027430295944213867
1.374517560005188, 0.028047800064086914
1.3824191093444824, 0.028108596801757812
1.3947234153747559, 0.028009891510009766
1.3846479654312134, 0.02839350700378418
1.3901811838150024, 0.028058528900146484
1.3826934099197388, 0.028121232986450195
1.368964672088623, 0.028342485427856445
1.3779088258743286, 0.027779817581176758
1.398482322692871, 0.027965545654296875
1.3887135982513428, 0.0277254581451416
1.3830721378326416, 0.027935504913330078
1.3924274444580078, 0.02777838706970215
1.3736820220947266, 0.027804851531982422
1.3794045448303223, 0.027678251266479492
1.3774279356002808, 0.027625560760498047
1.3837867975234985, 0.027629613876342773
1.3910897970199585, 0.0274507999420166
1.3828779458999634, 0.02730584144592285
1.3950084447860718, 0.027349233627319336
1.38080632686615, 0.027517080307006836
1.3848693370819092, 0.027887821197509766
1.386972188949585, 0.027008056640625
1.3878072500228882, 0.027272701263427734
1.3844729661941528, 0.02788686752319336
1.379340648651123, 0.027255773544311523
1.3879070281982422, 0.027132034301757812
1.3977694511413574, 0.027707815170288086
1.3710505962371826, 0.027390718460083008
1.3838684558868408, 0.028310298919677734
1.3785468339920044, 0.026352882385253906
1.3873510360717773, 0.027308225631713867
1.3782709836959839, 0.027652502059936523
1.3890782594680786, 0.027070283889770508
1.372183084487915, 0.02735137939453125
1.3842822313308716, 0.027400493621826172
1.3826301097869873, 0.02731490135192871
1.3807100057601929, 0.027521371841430664
1.3731768131256104, 0.027576446533203125
1.3857898712158203, 0.027327775955200195
1.3870434761047363, 0.027817487716674805
1.3863619565963745, 0.027457714080810547
1.390786051750183, 0.027628183364868164
1.3926934003829956, 0.02765488624572754
1.3893989324569702, 0.027378559112548828
1.384734034538269, 0.02757740020751953
1.390446424484253, 0.02731037139892578
1.3888040781021118, 0.027176856994628906
1.3890564441680908, 0.02739095687866211
1.3948545455932617, 0.02734661102294922
1.3922200202941895, 0.027207612991333008
1.385610818862915, 0.027428865432739258
1.3872026205062866, 0.027273893356323242
1.3878593444824219, 0.028165340423583984
1.380440592765808, 0.027938365936279297
1.3919763565063477, 0.027916431427001953
1.3918874263763428, 0.028149843215942383
1.3942196369171143, 0.027926206588745117
1.384557843208313, 0.028218746185302734
1.3970390558242798, 0.027776002883911133
1.3963656425476074, 0.02797698974609375
1.3892624378204346, 0.028023242950439453
1.3951200246810913, 0.027979612350463867
1.3942582607269287, 0.02812814712524414
1.3930764198303223, 0.027919530868530273
1.3977181911468506, 0.028031349182128906
1.3856121301651, 0.027894020080566406
1.3856253623962402, 0.027881860733032227
1.3952209949493408, 0.027870893478393555
1.3810946941375732, 0.027774333953857422
1.390700340270996, 0.027698993682861328
1.397885799407959, 0.027679443359375
1.3855242729187012, 0.027696609497070312
1.385423183441162, 0.02784562110900879
1.4068676233291626, 0.02786421775817871
1.3825397491455078, 0.02762126922607422
1.3927191495895386, 0.027466773986816406
1.3799793720245361, 0.027587890625
1.3878952264785767, 0.027742385864257812
1.3887243270874023, 0.02765631675720215
1.3839597702026367, 0.028074264526367188
1.3829319477081299, 0.027800559997558594
1.391377568244934, 0.027705907821655273
1.389519453048706, 0.027738094329833984
1.3777875900268555, 0.02756977081298828
1.3901398181915283, 0.027556896209716797
1.401564121246338, 0.027971506118774414
1.3775951862335205, 0.027707576751708984
1.380493402481079, 0.027873754501342773
1.387725591659546, 0.027704477310180664
1.3928871154785156, 0.02718520164489746
1.3934422731399536, 0.02747344970703125
1.3912630081176758, 0.027421951293945312
1.3832077980041504, 0.02779984474182129
1.3979668617248535, 0.0276949405670166
1.3875932693481445, 0.026761531829833984
1.3942744731903076, 0.027463197708129883
1.401388168334961, 0.027360916137695312
1.3932443857192993, 0.027379274368286133
1.3975110054016113, 0.027661800384521484
1.380000352859497, 0.027503252029418945
1.3830265998840332, 0.02749323844909668
1.3955779075622559, 0.02758646011352539
1.4057667255401611, 0.02737259864807129
1.3778882026672363, 0.027507543563842773
1.3877317905426025, 0.027646780014038086
1.399057388305664, 0.027094125747680664
1.380691409111023, 0.027729034423828125
1.3795807361602783, 0.026960134506225586
1.3899576663970947, 0.027456998825073242
1.3975313901901245, 0.027233600616455078
1.4048962593078613, 0.027193069458007812
1.3777276277542114, 0.02735114097595215
1.3903388977050781, 0.02723217010498047
1.3982104063034058, 0.027262210845947266
1.392554759979248, 0.027402639389038086
1.38394296169281, 0.027628183364868164
1.3901174068450928, 0.027132749557495117
1.3820273876190186, 0.027317047119140625
1.3824760913848877, 0.027285099029541016
1.3802685737609863, 0.027585268020629883
1.39599609375, 0.027489662170410156
1.3920776844024658, 0.027646780014038086
1.3916943073272705, 0.02795577049255371
1.3940575122833252, 0.027344942092895508
1.382965326309204, 0.027629375457763672
1.4039452075958252, 0.027642488479614258
1.3935091495513916, 0.027637481689453125
1.3908047676086426, 0.02781534194946289
1.4015077352523804, 0.027548789978027344
1.3888957500457764, 0.02757549285888672
1.3937475681304932, 0.02762150764465332
1.3832049369812012, 0.02754807472229004
1.4020867347717285, 0.027659177780151367
1.3865255117416382, 0.02768874168395996
1.3850442171096802, 0.027512311935424805
1.3824151754379272, 0.02774810791015625
1.3950659036636353, 0.027673721313476562
1.380699872970581, 0.02767181396484375
1.3918006420135498, 0.027643442153930664
1.3952910900115967, 0.027564048767089844
1.3834826946258545, 0.02780628204345703
1.3730818033218384, 0.02740764617919922
1.3686858415603638, 0.027477502822875977
1.3815534114837646, 0.0278170108795166
1.393409252166748, 0.027252674102783203
1.389115333557129, 0.027103900909423828
1.3784434795379639, 0.027297019958496094
1.3912031650543213, 0.027532100677490234
1.3905452489852905, 0.027388334274291992
1.380124807357788, 0.027973651885986328
1.3851693868637085, 0.02861309051513672
1.3818566799163818, 0.02722311019897461
1.39664888381958, 0.028488636016845703
1.3823878765106201, 0.028377532958984375
1.3871128559112549, 0.02756667137145996
1.3944802284240723, 0.027802228927612305
1.3940207958221436, 0.027634382247924805
1.3898829221725464, 0.02765059471130371
1.380483627319336, 0.027795076370239258
1.3907206058502197, 0.027463674545288086
1.3965060710906982, 0.02770090103149414
1.3911771774291992, 0.027500391006469727
1.3711624145507812, 0.027635574340820312
1.3894784450531006, 0.027508974075317383
1.3893426656723022, 0.027393579483032227
1.3862978219985962, 0.027460575103759766
1.3909752368927002, 0.0277862548828125
1.3947889804840088, 0.027334928512573242
1.3900675773620605, 0.027460098266601562
1.3740715980529785, 0.027452707290649414
1.3863136768341064, 0.027534961700439453
1.388075351715088, 0.027718544006347656
1.3871052265167236, 0.027373552322387695
1.384088158607483, 0.02746272087097168
1.380021572113037, 0.027413368225097656
1.3970171213150024, 0.0274503231048584
1.4011982679367065, 0.027643203735351562
1.3856713771820068, 0.027381420135498047
1.3861758708953857, 0.02742457389831543
1.3939460515975952, 0.027219295501708984
1.3887150287628174, 0.02708721160888672
1.4027332067489624, 0.02684164047241211
1.3792974948883057, 0.027359724044799805
1.3772118091583252, 0.027216196060180664
1.396601915359497, 0.027182817459106445
1.3922994136810303, 0.02753472328186035
1.397894024848938, 0.026885986328125
1.3868091106414795, 0.027620553970336914
1.3993115425109863, 0.02765655517578125
1.3898653984069824, 0.02728748321533203
1.3839950561523438, 0.027491092681884766
1.3755478858947754, 0.027293920516967773
1.3956102132797241, 0.027434587478637695
1.3964207172393799, 0.02735733985900879
1.3877394199371338, 0.02732992172241211
1.393576979637146, 0.02770853042602539
1.402587890625, 0.02723217010498047
1.3900694847106934, 0.02734065055847168
1.3784676790237427, 0.02753734588623047
1.3805139064788818, 0.02758502960205078
1.3884260654449463, 0.028151273727416992
1.3922951221466064, 0.028100252151489258
1.3891847133636475, 0.028404712677001953
1.3881862163543701, 0.02825450897216797
1.385047197341919, 0.027994394302368164
1.3865821361541748, 0.02835226058959961
1.3798940181732178, 0.028036117553710938
1.3865673542022705, 0.0283663272857666
1.3884801864624023, 0.027404308319091797
1.3933249711990356, 0.027818679809570312
1.3857049942016602, 0.028018951416015625
1.3859150409698486, 0.027773618698120117
1.3798584938049316, 0.0277097225189209
1.3890595436096191, 0.028009653091430664
1.3913906812667847, 0.027210235595703125
1.3816311359405518, 0.027741432189941406
1.3905978202819824, 0.0274198055267334
1.3862900733947754, 0.0276339054107666
1.388329029083252, 0.02771449089050293
1.382049798965454, 0.02766561508178711
1.3834069967269897, 0.02729058265686035
1.3744516372680664, 0.02757430076599121
1.3882859945297241, 0.027384042739868164
1.3739725351333618, 0.02741217613220215
1.3856165409088135, 0.02722024917602539
1.395768404006958, 0.027733564376831055
1.3863106966018677, 0.027381420135498047
1.3747907876968384, 0.02729511260986328
1.3837121725082397, 0.02772068977355957
1.3847038745880127, 0.027251243591308594
1.3743155002593994, 0.0274810791015625
1.3955013751983643, 0.027944087982177734
1.3834843635559082, 0.026845693588256836
1.3797523975372314, 0.02730417251586914
1.390760898590088, 0.02763843536376953
1.3814071416854858, 0.0273740291595459
1.387776255607605, 0.027500629425048828
1.3829940557479858, 0.02730846405029297
1.3883376121520996, 0.027486324310302734
1.3872824907302856, 0.027634382247924805
1.3894844055175781, 0.027405500411987305
1.3895156383514404, 0.0273134708404541
1.39357328414917, 0.027289628982543945
1.3905327320098877, 0.027510643005371094
1.3900954723358154, 0.02822732925415039
1.3863732814788818, 0.027981996536254883
1.3752527236938477, 0.028020858764648438
1.3824806213378906, 0.02815532684326172
1.4000217914581299, 0.028153657913208008
1.3919577598571777, 0.027706623077392578
1.3913929462432861, 0.027886152267456055
1.3829454183578491, 0.027734756469726562
1.381269097328186, 0.027857542037963867
1.385066270828247, 0.027647018432617188
1.3882867097854614, 0.02768731117248535
1.3907690048217773, 0.027650833129882812
1.3919847011566162, 0.027781248092651367
1.3948317766189575, 0.027619361877441406
1.3824857473373413, 0.027815580368041992
1.3794372081756592, 0.02736687660217285
1.389022946357727, 0.027518272399902344
1.3869531154632568, 0.028002500534057617
1.3935390710830688, 0.027878761291503906
1.3852072954177856, 0.027858972549438477
1.3923299312591553, 0.02796316146850586
1.3768991231918335, 0.027805089950561523
1.3787871599197388, 0.02771759033203125
1.3850791454315186, 0.028102874755859375
1.382474422454834, 0.027466297149658203
1.3866220712661743, 0.02768230438232422
1.377516746520996, 0.02762436866760254
1.3892524242401123, 0.027915477752685547
1.3807828426361084, 0.02795886993408203
1.3885854482650757, 0.027657508850097656
1.385413408279419, 0.027565479278564453
1.3921113014221191, 0.02746438980102539
1.389401912689209, 0.02776932716369629
1.3798893690109253, 0.0276947021484375
1.3810259103775024, 0.027229785919189453
1.3809202909469604, 0.02748417854309082
1.3833253383636475, 0.027462005615234375
1.3968669176101685, 0.027422189712524414
1.384033441543579, 0.027500152587890625
1.378502607345581, 0.027330636978149414
1.3924617767333984, 0.027242660522460938
1.3855135440826416, 0.027335405349731445
1.3916772603988647, 0.027472257614135742
1.3900731801986694, 0.027463436126708984
1.3827846050262451, 0.027620315551757812
1.3797616958618164, 0.02736973762512207
1.379234790802002, 0.02767181396484375
1.38668954372406, 0.02740478515625
1.3924047946929932, 0.02747654914855957
1.3802112340927124, 0.027680397033691406
1.3868975639343262, 0.027262210845947266
1.3919026851654053, 0.027446985244750977
1.3883780241012573, 0.027353525161743164
1.3856309652328491, 0.027721166610717773
1.3774759769439697, 0.027277469635009766
1.3946630954742432, 0.02738022804260254
1.3809406757354736, 0.027247190475463867
1.3812787532806396, 0.027464628219604492
1.3937500715255737, 0.02722024917602539
1.402596116065979, 0.0279695987701416
1.3729904890060425, 0.02800273895263672
1.3836421966552734, 0.02803492546081543
1.3908522129058838, 0.02834320068359375
1.3784139156341553, 0.02832508087158203
1.3833622932434082, 0.0278317928314209
1.3818273544311523, 0.027952909469604492
1.3913953304290771, 0.027904510498046875
1.3772913217544556, 0.02808833122253418
1.3867696523666382, 0.0276949405670166
1.3749103546142578, 0.02790379524230957
1.3815906047821045, 0.02768707275390625
1.38173508644104, 0.027757883071899414
1.3952046632766724, 0.028082609176635742
1.3917180299758911, 0.028136253356933594
1.3870769739151, 0.02764749526977539
1.387535572052002, 0.027171611785888672
1.3953261375427246, 0.027314424514770508
1.3895454406738281, 0.027660608291625977
1.395019769668579, 0.02711629867553711
1.3853719234466553, 0.0275576114654541
1.3888846635818481, 0.027907848358154297
1.3862783908843994, 0.027027368545532227
1.399984359741211, 0.027721405029296875
1.3859500885009766, 0.02746105194091797
1.3966598510742188, 0.02755427360534668
1.3637425899505615, 0.027728557586669922
1.383994698524475, 0.02736377716064453
1.3797106742858887, 0.02756810188293457
1.388621211051941, 0.027480602264404297
1.3959589004516602, 0.02735733985900879
1.3875572681427002, 0.0278165340423584
1.393053650856018, 0.02722311019897461
1.385425090789795, 0.02765965461730957
1.3933310508728027, 0.027020692825317383
1.391878366470337, 0.02742934226989746
1.387000560760498, 0.027087688446044922
1.3731917142868042, 0.026923656463623047
1.373227596282959, 0.027398109436035156
1.3848156929016113, 0.027541160583496094
1.3834872245788574, 0.027409076690673828
1.3774657249450684, 0.02738356590270996
1.3904354572296143, 0.027744054794311523
1.38401460647583, 0.027268648147583008
1.3903871774673462, 0.02742171287536621
1.384605050086975, 0.027214765548706055
1.3915067911148071, 0.02702474594116211
1.3884249925613403, 0.027133703231811523
1.3912239074707031, 0.02715301513671875
1.3877065181732178, 0.02728867530822754
1.3915748596191406, 0.027361154556274414
1.3856008052825928, 0.027022600173950195
1.3946679830551147, 0.02808523178100586
1.3822828531265259, 0.028213024139404297
1.3831790685653687, 0.028316020965576172
1.382453203201294, 0.027961254119873047
1.378032922744751, 0.02828073501586914
1.3828399181365967, 0.027781248092651367
1.391327977180481, 0.028397798538208008
1.3835399150848389, 0.02747821807861328
1.3800601959228516, 0.028229475021362305
1.4045863151550293, 0.02765822410583496
1.3999810218811035, 0.027689695358276367
1.3793500661849976, 0.02804112434387207
1.3923195600509644, 0.027815818786621094
1.381981611251831, 0.02786874771118164
1.3972010612487793, 0.027500391006469727
1.3884352445602417, 0.027773380279541016
1.380179762840271, 0.027472734451293945
1.3840473890304565, 0.027407169342041016
1.3958628177642822, 0.02771449089050293
1.389380931854248, 0.027568578720092773
1.3856072425842285, 0.027610063552856445
1.3885632753372192, 0.02764582633972168
1.3976352214813232, 0.027468442916870117
1.3951876163482666, 0.027609586715698242
1.3869898319244385, 0.027431726455688477
1.3958349227905273, 0.027515888214111328
1.3939847946166992, 0.027654170989990234
1.3988678455352783, 0.027457237243652344
1.391326665878296, 0.02747631072998047
1.39418625831604, 0.027641773223876953
1.3859608173370361, 0.027286529541015625
1.3888362646102905, 0.0275876522064209
1.3845949172973633, 0.027457714080810547
1.3894355297088623, 0.027431488037109375
1.3850469589233398, 0.027701139450073242
1.3858360052108765, 0.027143001556396484
1.3884390592575073, 0.027590036392211914
1.3963167667388916, 0.02756643295288086
1.3886113166809082, 0.027575969696044922
1.3978497982025146, 0.02767801284790039
1.3888723850250244, 0.02771735191345215
1.3841514587402344, 0.02716350555419922
1.3776079416275024, 0.0277252197265625
1.3905744552612305, 0.02763223648071289
1.393288254737854, 0.028539657592773438
1.4027807712554932, 0.028396129608154297
1.3992602825164795, 0.02866649627685547
1.382210612297058, 0.028078079223632812
1.3935267925262451, 0.028231382369995117
1.3895790576934814, 0.028537511825561523
1.3936958312988281, 0.028166770935058594
1.3874149322509766, 0.028121471405029297
1.3885719776153564, 0.028760194778442383
1.3836143016815186, 0.02797412872314453
1.3920373916625977, 0.028346538543701172
1.3895963430404663, 0.02753925323486328
1.3959382772445679, 0.02823042869567871
1.3944571018218994, 0.02800607681274414
1.3904383182525635, 0.027464628219604492
1.3933429718017578, 0.02694106101989746
1.3975200653076172, 0.027022838592529297
1.3895403146743774, 0.02683258056640625
1.3927088975906372, 0.0269777774810791
1.3827768564224243, 0.026969432830810547
1.3776310682296753, 0.026842117309570312
1.382506012916565, 0.026895761489868164
1.3864951133728027, 0.027944326400756836
1.3886092901229858, 0.028065919876098633
1.3894871473312378, 0.028447628021240234
1.3856568336486816, 0.027393579483032227
1.390648603439331, 0.028088808059692383
1.3888227939605713, 0.028002500534057617
1.3890950679779053, 0.028169631958007812
1.384157419204712, 0.02785801887512207
1.3824832439422607, 0.027863025665283203
1.3895057439804077, 0.027825117111206055
1.3785337209701538, 0.027367591857910156
1.384405493736267, 0.027853965759277344
1.3912990093231201, 0.02774357795715332
1.3911986351013184, 0.027713298797607422
1.3796828985214233, 0.02792191505432129
1.3885164260864258, 0.027117013931274414
1.3924458026885986, 0.027812719345092773
1.3958768844604492, 0.028089284896850586
1.3928744792938232, 0.0270688533782959
1.395729422569275, 0.027585983276367188
1.3765891790390015, 0.02723526954650879
1.3942828178405762, 0.027454614639282227
1.3815644979476929, 0.027677536010742188
1.383986473083496, 0.027516603469848633
1.385420560836792, 0.027598142623901367
1.3882428407669067, 0.027383804321289062
1.3880689144134521, 0.02771615982055664
1.3923643827438354, 0.027360200881958008
1.3902528285980225, 0.027614116668701172
1.3890979290008545, 0.027371883392333984
1.3902866840362549, 0.027551651000976562
1.386913537979126, 0.027240514755249023
1.3817663192749023, 0.02733469009399414
1.386615514755249, 0.027110576629638672
1.382946252822876, 0.027237415313720703
1.3781532049179077, 0.027055025100708008
1.3903371095657349, 0.026972293853759766
1.3890258073806763, 0.02768731117248535
1.3820271492004395, 0.028289318084716797
1.3861393928527832, 0.02866196632385254
1.3859354257583618, 0.028403759002685547
1.3825340270996094, 0.028310775756835938
1.3906776905059814, 0.028799772262573242
1.3917009830474854, 0.02832174301147461
1.378324031829834, 0.02764582633972168
1.3920787572860718, 0.02871561050415039
1.390521764755249, 0.027967453002929688
1.3723593950271606, 0.027974605560302734
1.3895864486694336, 0.028073549270629883
1.3920948505401611, 0.02819681167602539
1.3884623050689697, 0.027988195419311523
1.382248878479004, 0.028191328048706055
1.3782093524932861, 0.027825593948364258
1.3734934329986572, 0.027733325958251953
1.388227939605713, 0.027956008911132812
1.3914332389831543, 0.027769088745117188
1.3781983852386475, 0.0279238224029541
1.384507179260254, 0.027672529220581055
1.3906043767929077, 0.02832794189453125
1.3959808349609375, 0.027464866638183594
1.3900774717330933, 0.027820110321044922
1.3917274475097656, 0.027861356735229492
1.3876725435256958, 0.027973175048828125
1.3848475217819214, 0.027733802795410156
1.3934593200683594, 0.027788162231445312
1.3920961618423462, 0.02771306037902832
1.3850581645965576, 0.027645111083984375
1.389228343963623, 0.027750730514526367
1.3951642513275146, 0.027034997940063477
1.3844759464263916, 0.027665138244628906
1.390937089920044, 0.02762460708618164
1.4009885787963867, 0.02737140655517578
1.3885680437088013, 0.02787637710571289
1.3791168928146362, 0.02745676040649414
1.3784890174865723, 0.02737879753112793
1.376000165939331, 0.02734375
1.372744083404541, 0.027506113052368164
1.3877336978912354, 0.026981830596923828
1.3895320892333984, 0.02724432945251465
1.3881886005401611, 0.027189016342163086
1.3955004215240479, 0.02747178077697754
1.3790769577026367, 0.026853322982788086
1.3855218887329102, 0.027303457260131836
1.3855552673339844, 0.027272701263427734
1.3843045234680176, 0.027158260345458984
1.3863584995269775, 0.027341604232788086
1.384901523590088, 0.02764582633972168
1.3836522102355957, 0.026767969131469727
1.3929741382598877, 0.027589082717895508
1.3934730291366577, 0.027094602584838867
1.3766933679580688, 0.027048110961914062
1.3891876935958862, 0.027308225631713867
1.3864918947219849, 0.02682352066040039
1.3842207193374634, 0.02712225914001465
1.3898487091064453, 0.027271509170532227
1.378074049949646, 0.02784562110900879
1.380765438079834, 0.027320146560668945
1.3872805833816528, 0.02820611000061035
1.3820695877075195, 0.027336597442626953
1.3896751403808594, 0.02799081802368164
1.3891520500183105, 0.027859926223754883
1.3824656009674072, 0.027894020080566406
1.3804048299789429, 0.027864694595336914
1.3802587985992432, 0.02757716178894043
1.3827769756317139, 0.02763676643371582
1.3839092254638672, 0.02742767333984375
1.3817218542099, 0.027668237686157227
1.384029507637024, 0.02753424644470215
1.3775920867919922, 0.02726125717163086
1.3802571296691895, 0.027541399002075195
1.3788849115371704, 0.027695655822753906
1.3836615085601807, 0.0275115966796875
1.3828792572021484, 0.0277101993560791
1.400763750076294, 0.027332067489624023
1.3736199140548706, 0.027659893035888672
1.394257664680481, 0.02778911590576172
1.3921689987182617, 0.027360200881958008
1.3868176937103271, 0.02740311622619629
1.3914388418197632, 0.027820348739624023
1.3840510845184326, 0.027158260345458984
1.3914188146591187, 0.027936697006225586
1.3856663703918457, 0.027476787567138672
1.389648675918579, 0.027928590774536133
1.389963150024414, 0.027134418487548828
1.3842828273773193, 0.0276641845703125
1.381446123123169, 0.027643203735351562
1.3868094682693481, 0.027403831481933594
1.383630633354187, 0.02734088897705078
1.3957107067108154, 0.027339696884155273
1.3786029815673828, 0.02714371681213379
1.4000005722045898, 0.0274810791015625
1.4057209491729736, 0.027619123458862305
1.3789359331130981, 0.027658700942993164
1.3877208232879639, 0.027978181838989258
1.3966673612594604, 0.028352975845336914
1.3808764219284058, 0.027398109436035156
1.3850176334381104, 0.027915239334106445
1.3967151641845703, 0.027697086334228516
1.3842042684555054, 0.02814173698425293
1.3888709545135498, 0.02748250961303711
1.3894152641296387, 0.0279843807220459
1.3823277950286865, 0.027689695358276367
1.3833470344543457, 0.027658700942993164
1.390915036201477, 0.02767181396484375
1.3825703859329224, 0.027663230895996094
1.3797612190246582, 0.02734518051147461
1.389775276184082, 0.02738642692565918
1.3870466947555542, 0.027571678161621094
1.3804576396942139, 0.02779531478881836
1.3867971897125244, 0.02789902687072754
1.3874905109405518, 0.02734518051147461
1.3829269409179688, 0.027740478515625
1.3920429944992065, 0.02758193016052246
1.388939380645752, 0.027699708938598633
1.3864305019378662, 0.027648210525512695
1.3804478645324707, 0.027636051177978516
1.385719656944275, 0.02762579917907715
1.384238600730896, 0.027552127838134766
1.3789299726486206, 0.02756953239440918
1.3745603561401367, 0.027784347534179688
1.3951160907745361, 0.027679920196533203
1.3835175037384033, 0.02776503562927246
1.388430118560791, 0.027466535568237305
1.382019281387329, 0.027483224868774414
1.378075122833252, 0.027474641799926758
1.3951524496078491, 0.02741098403930664
1.3864555358886719, 0.027784109115600586
1.3878872394561768, 0.02752065658569336
1.3843802213668823, 0.02775859832763672
1.3851224184036255, 0.027246952056884766
1.3872283697128296, 0.027721643447875977
1.3942779302597046, 0.028310060501098633
1.3662827014923096, 0.027689456939697266
1.3894506692886353, 0.027795791625976562
1.3774943351745605, 0.02814793586730957
1.3842452764511108, 0.02754044532775879
1.3865749835968018, 0.028017759323120117
1.3777220249176025, 0.0276944637298584
1.3788490295410156, 0.027710676193237305
1.3849976062774658, 0.027858257293701172
1.3920332193374634, 0.027600765228271484
1.390546202659607, 0.0285799503326416
1.38242506980896, 0.027421951293945312
1.3910176753997803, 0.026775836944580078
1.3988046646118164, 0.027672529220581055
1.384761095046997, 0.030249834060668945
1.3787602186203003, 0.024449825286865234
1.3898577690124512, 0.027348995208740234
1.3881813287734985, 0.02720475196838379
1.3948423862457275, 0.027802467346191406
1.3844842910766602, 0.027095794677734375
1.3877367973327637, 0.02762317657470703
1.377148151397705, 0.028085708618164062
1.3966561555862427, 0.028012514114379883
1.394966959953308, 0.02810502052307129
1.384002685546875, 0.02804088592529297
1.384777545928955, 0.028331279754638672
1.381873369216919, 0.028068065643310547
1.3936851024627686, 0.027631282806396484
1.3836703300476074, 0.02796769142150879
1.3816115856170654, 0.027877092361450195
1.3769779205322266, 0.027644634246826172
1.3894119262695312, 0.027761220932006836
1.3932139873504639, 0.027613162994384766
1.3916196823120117, 0.02853250503540039
1.3859589099884033, 0.027277469635009766
1.3856301307678223, 0.027478694915771484
1.377064824104309, 0.02745223045349121
1.3872108459472656, 0.027418136596679688
1.3872551918029785, 0.027527809143066406
1.3796086311340332, 0.027403831481933594
1.3936550617218018, 0.027467966079711914
1.3779851198196411, 0.027678489685058594
1.387665033340454, 0.027753829956054688
1.3938910961151123, 0.0282745361328125
1.3901723623275757, 0.028362274169921875
1.3758735656738281, 0.028192758560180664
1.390516757965088, 0.02885127067565918
1.3822693824768066, 0.027707815170288086
1.3929314613342285, 0.028299331665039062
1.385435938835144, 0.02848076820373535
1.3873991966247559, 0.02820301055908203
1.388594388961792, 0.027995824813842773
1.3823628425598145, 0.027784109115600586
1.3856605291366577, 0.0280611515045166
1.3849455118179321, 0.027919292449951172
1.398808479309082, 0.02803778648376465
1.3830143213272095, 0.028232812881469727
1.3839296102523804, 0.027845144271850586
1.3801970481872559, 0.0279080867767334
1.3846421241760254, 0.02786540985107422
1.3867684602737427, 0.027669906616210938
1.3708555698394775, 0.027588844299316406
1.3978180885314941, 0.027585268020629883
1.3850950002670288, 0.0278165340423584
1.3953914642333984, 0.02766871452331543
1.3785955905914307, 0.027795076370239258
1.386591911315918, 0.028029203414916992
1.3830814361572266, 0.027843952178955078
1.3838915824890137, 0.02796006202697754
1.3888033628463745, 0.028008222579956055
1.3948514461517334, 0.027659893035888672
1.3912327289581299, 0.02788376808166504
1.3905231952667236, 0.027420520782470703
1.403548002243042, 0.02757883071899414
1.3997211456298828, 0.02748703956604004
1.3760523796081543, 0.027459144592285156
1.38795804977417, 0.027613162994384766
1.3834329843521118, 0.027317047119140625
1.4046506881713867, 0.02767181396484375
1.3771989345550537, 0.02737259864807129
1.3871479034423828, 0.0272824764251709
1.3752472400665283, 0.027686357498168945
1.3935906887054443, 0.027251482009887695
1.3872302770614624, 0.027236223220825195
1.376934289932251, 0.027257204055786133
1.3738046884536743, 0.02722764015197754
1.3823182582855225, 0.02778005599975586
1.3834779262542725, 0.027202367782592773
1.3955334424972534, 0.027252674102783203
1.3827385902404785, 0.0273439884185791
1.392281174659729, 0.027821779251098633
1.3876749277114868, 0.026986122131347656
1.3867158889770508, 0.027564525604248047
1.3899778127670288, 0.027395248413085938
1.3834776878356934, 0.02749943733215332
1.3784213066101074, 0.0272519588470459
1.3798799514770508, 0.027128934860229492
1.3879413604736328, 0.027456045150756836
1.3952233791351318, 0.027205705642700195
1.3902390003204346, 0.027250051498413086
1.3886924982070923, 0.027313709259033203
1.3966126441955566, 0.027266740798950195
1.3799500465393066, 0.02803182601928711
1.3820366859436035, 0.0281219482421875
1.3966102600097656, 0.027989864349365234
1.3953392505645752, 0.028258562088012695
1.3845999240875244, 0.02805495262145996
1.401585578918457, 0.02792954444885254
1.3961305618286133, 0.027959108352661133
1.3877151012420654, 0.027741670608520508
1.4001458883285522, 0.028078079223632812
1.3861671686172485, 0.027872800827026367
1.392289638519287, 0.02767801284790039
1.3816299438476562, 0.027603626251220703
1.394883632659912, 0.027537822723388672
1.3869985342025757, 0.027966022491455078
1.3888578414916992, 0.02758312225341797
1.3801779747009277, 0.02741217613220215
1.3825069665908813, 0.027566194534301758
1.3956643342971802, 0.027379512786865234
1.3804843425750732, 0.02747964859008789
1.3889179229736328, 0.028024673461914062
1.3890315294265747, 0.027512788772583008
1.3846830129623413, 0.027514219284057617
1.3866703510284424, 0.02724766731262207
1.386569619178772, 0.027424097061157227
1.3797903060913086, 0.027539730072021484
1.3785204887390137, 0.02742767333984375
1.3870866298675537, 0.027643918991088867
1.3846714496612549, 0.02743983268737793
1.3942372798919678, 0.02747941017150879
1.3802847862243652, 0.027467966079711914
1.3767571449279785, 0.027510643005371094
1.3897645473480225, 0.027283668518066406
1.3892436027526855, 0.02724289894104004
1.3777532577514648, 0.02713322639465332
1.3720409870147705, 0.027352094650268555
1.3903462886810303, 0.027182817459106445
1.3957213163375854, 0.027273893356323242
1.375159740447998, 0.02774810791015625
1.3784934282302856, 0.027492284774780273
1.3781437873840332, 0.027746915817260742
1.395765781402588, 0.027780771255493164
1.3833558559417725, 0.02765202522277832
1.394588828086853, 0.028032541275024414
1.383094072341919, 0.02726149559020996
1.3915488719940186, 0.027588605880737305
1.3937405347824097, 0.026737451553344727
1.3843061923980713, 0.027321815490722656
1.3839428424835205, 0.02771902084350586
1.388022780418396, 0.027194738388061523
1.390026569366455, 0.02740168571472168
1.3850620985031128, 0.02747941017150879
1.382182240486145, 0.027237892150878906
1.3823117017745972, 0.02769947052001953
1.3800086975097656, 0.02819681167602539
1.393195629119873, 0.028037309646606445
1.383602261543274, 0.028445959091186523
1.3921796083450317, 0.028133630752563477
1.393466591835022, 0.028476476669311523
1.3798199892044067, 0.027886629104614258
1.380123496055603, 0.02823805809020996
1.3832643032073975, 0.02799081802368164
1.3853278160095215, 0.027832746505737305
1.3837769031524658, 0.028123140335083008
1.3767223358154297, 0.027848482131958008
1.3648909330368042, 0.027932405471801758
1.3949267864227295, 0.02799201011657715
1.4026374816894531, 0.028225421905517578
1.3816444873809814, 0.027398109436035156
1.3875634670257568, 0.027514934539794922
1.3812241554260254, 0.027579545974731445
1.3834835290908813, 0.02771139144897461
1.3930432796478271, 0.027558088302612305
1.390669822692871, 0.027746200561523438
1.380035161972046, 0.027754783630371094
1.3781816959381104, 0.027582406997680664
1.3835487365722656, 0.027451038360595703
1.3645130395889282, 0.02769327163696289
1.3842768669128418, 0.027467966079711914
1.4008787870407104, 0.027336835861206055
1.3846160173416138, 0.027471303939819336
1.3831264972686768, 0.02773261070251465
1.384075403213501, 0.027431011199951172
1.385441780090332, 0.027148723602294922
1.3865983486175537, 0.027373552322387695
1.382785677909851, 0.027149438858032227
1.3792551755905151, 0.027254819869995117
1.396841049194336, 0.027181625366210938
1.3897829055786133, 0.027088403701782227
1.3877408504486084, 0.02716207504272461
1.3928687572479248, 0.02739691734313965
1.3742674589157104, 0.027292728424072266
1.3850319385528564, 0.027549266815185547
1.3910102844238281, 0.027640104293823242
1.3797664642333984, 0.027007341384887695
1.3876535892486572, 0.02746725082397461
1.392087459564209, 0.027339696884155273
1.3786320686340332, 0.028543710708618164
1.3905177116394043, 0.028074264526367188
1.3899245262145996, 0.027950048446655273
1.3895947933197021, 0.028213977813720703
1.3933281898498535, 0.02814483642578125
1.3804714679718018, 0.02838587760925293
1.3996665477752686, 0.027806997299194336
1.3844175338745117, 0.027837038040161133
1.3853061199188232, 0.02792215347290039
1.3949296474456787, 0.027895689010620117
1.3913249969482422, 0.027694225311279297
1.3751540184020996, 0.027418851852416992
1.3919100761413574, 0.02772974967956543
1.3921184539794922, 0.027947664260864258
1.3833122253417969, 0.027893543243408203
1.39323890209198, 0.028230905532836914
1.3871451616287231, 0.02727484703063965
1.3841575384140015, 0.02804112434387207
1.3912878036499023, 0.02785801887512207
1.3845696449279785, 0.028107166290283203
1.3762998580932617, 0.02795696258544922
1.3902766704559326, 0.027548789978027344
1.3777861595153809, 0.02715468406677246
1.3841809034347534, 0.027760982513427734
1.3875963687896729, 0.027794599533081055
1.3918049335479736, 0.02711033821105957
1.384592056274414, 0.027416229248046875
1.3871363401412964, 0.026976585388183594
1.3877137899398804, 0.02769613265991211
1.3881402015686035, 0.02736043930053711
1.3785957098007202, 0.02689218521118164
1.3900837898254395, 0.027431488037109375
1.3967608213424683, 0.027210712432861328
1.40077805519104, 0.027313947677612305
1.3787955045700073, 0.02728128433227539
1.386832356452942, 0.027350902557373047
1.3899036645889282, 0.027676105499267578
1.3788959980010986, 0.02741265296936035
1.3771812915802002, 0.026986360549926758
1.38685142993927, 0.02733755111694336
1.3867355585098267, 0.0274350643157959
1.3801155090332031, 0.026948928833007812
1.3851935863494873, 0.027369022369384766
1.3836286067962646, 0.027195215225219727
1.3871817588806152, 0.027532100677490234
1.3765363693237305, 0.027156352996826172
1.38834810256958, 0.027295589447021484
1.3956164121627808, 0.0274202823638916
1.3923027515411377, 0.027237415313720703
1.387128233909607, 0.027231931686401367
1.4007807970046997, 0.027177095413208008
1.3939464092254639, 0.027453184127807617
1.3798176050186157, 0.028041839599609375
1.3826313018798828, 0.027957439422607422
1.3884482383728027, 0.028151750564575195
1.383307695388794, 0.02801060676574707
1.3897404670715332, 0.027760744094848633
1.3849982023239136, 0.027947187423706055
1.402780532836914, 0.027825117111206055
1.3854851722717285, 0.027796506881713867
1.3900076150894165, 0.02770829200744629
1.370876669883728, 0.027814149856567383
1.3771698474884033, 0.02763986587524414
1.3887995481491089, 0.027750253677368164
1.3921337127685547, 0.027229785919189453
1.3854055404663086, 0.027591705322265625
1.3876320123672485, 0.028401851654052734
1.381955623626709, 0.026505470275878906
1.3864307403564453, 0.027208566665649414
1.3943815231323242, 0.027393579483032227
1.377954363822937, 0.028113842010498047
1.379953384399414, 0.02760171890258789
1.3817427158355713, 0.027505874633789062
1.3830187320709229, 0.027746915817260742
1.3855642080307007, 0.027201414108276367
1.3871800899505615, 0.02794957160949707
1.3957405090332031, 0.027785062789916992
1.384158968925476, 0.027900218963623047
1.391042947769165, 0.028040647506713867
1.3809961080551147, 0.027863025665283203
1.4007952213287354, 0.028203725814819336
1.392371654510498, 0.027383804321289062
1.3881765604019165, 0.005412101745605469
1.3899961709976196, 0.004451751708984375
1.3866310119628906, 0.004930973052978516
1.3901951313018799, 0.0250551700592041
1.3851032257080078, 0.027406930923461914
1.3889825344085693, 0.027532339096069336
1.390066146850586, 0.027512311935424805
1.3835322856903076, 0.02751326560974121
1.3858420848846436, 0.028606176376342773
1.3797158002853394, 0.027122020721435547
1.3876622915267944, 0.027326345443725586
1.391606330871582, 0.027327299118041992
1.4005377292633057, 0.02725052833557129
1.3844926357269287, 0.027442455291748047
1.3898537158966064, 0.027729034423828125
1.374629259109497, 0.026898860931396484
1.3857080936431885, 0.027373075485229492
1.382660984992981, 0.027013540267944336
1.3963773250579834, 0.02721118927001953
1.3780972957611084, 0.027421236038208008
1.3840173482894897, 0.027297258377075195
1.3918792009353638, 0.027524948120117188
1.387319803237915, 0.027135372161865234
1.3834264278411865, 0.0272676944732666
1.3892219066619873, 0.027553558349609375
1.3997211456298828, 0.027382612228393555
1.381511926651001, 0.02741694450378418
1.3904681205749512, 0.027628421783447266
1.389890193939209, 0.027422189712524414
1.3918085098266602, 0.027193069458007812
1.3920066356658936, 0.027231216430664062
1.3846521377563477, 0.027295351028442383
1.3870749473571777, 0.027653217315673828
1.3726181983947754, 0.02730107307434082
1.3860101699829102, 0.027477502822875977
1.3855249881744385, 0.027608394622802734
1.387787103652954, 0.02733778953552246
1.3863755464553833, 0.027408838272094727
1.3762242794036865, 0.027301788330078125
1.3772578239440918, 0.027295351028442383
1.3946037292480469, 0.02733445167541504
1.3759543895721436, 0.027337074279785156
1.3974801301956177, 0.02753591537475586
1.3950355052947998, 0.027461767196655273
1.3972620964050293, 0.027477025985717773
1.394898533821106, 0.027400493621826172
1.3902177810668945, 0.027281761169433594
1.3802411556243896, 0.027219772338867188
1.3983891010284424, 0.027681350708007812
1.3826954364776611, 0.02733635902404785
1.3708964586257935, 0.027532339096069336
1.3787177801132202, 0.027324438095092773
1.3878118991851807, 0.02732229232788086
1.385127067565918, 0.027426958084106445
1.3851375579833984, 0.027349472045898438
1.3726149797439575, 0.02743697166442871
1.378144383430481, 0.027485370635986328
1.380110263824463, 0.027310609817504883
1.3813884258270264, 0.027433156967163086
1.3706618547439575, 0.027512550354003906
1.3797938823699951, 0.02728414535522461
1.3873841762542725, 0.027591705322265625
1.3840867280960083, 0.027156352996826172
1.3862930536270142, 0.027628660202026367
1.3868380784988403, 0.027105331420898438
1.378859519958496, 0.027522802352905273
1.3925714492797852, 0.02820730209350586
1.3768689632415771, 0.028340816497802734
1.376058578491211, 0.02784562110900879
1.3880209922790527, 0.02814173698425293
1.3909721374511719, 0.028103351593017578
1.3932815790176392, 0.028231143951416016
1.3826467990875244, 0.028403759002685547
1.379342794418335, 0.028180360794067383
1.3944449424743652, 0.027631044387817383
1.3847572803497314, 0.027794361114501953
1.3966048955917358, 0.027761220932006836
1.3807716369628906, 0.02794623374938965
1.37513267993927, 0.027820110321044922
1.389409065246582, 0.028575897216796875
1.3825829029083252, 0.027643918991088867
1.3792314529418945, 0.027915239334106445
1.3795266151428223, 0.02739882469177246
1.396475076675415, 0.027544260025024414
1.3875782489776611, 0.0277101993560791
1.3938401937484741, 0.027552127838134766
1.3880668878555298, 0.027639389038085938
1.3862253427505493, 0.02755117416381836
1.387201189994812, 0.02775859832763672
1.3864641189575195, 0.02753424644470215
1.3912951946258545, 0.027752399444580078
1.387860655784607, 0.027646541595458984
1.3798929452896118, 0.027625560760498047
1.3779133558273315, 0.027657508850097656
1.3791515827178955, 0.0277864933013916
1.3793467283248901, 0.027481794357299805
1.3918588161468506, 0.027367353439331055
1.3792134523391724, 0.027604103088378906
1.3776562213897705, 0.027338504791259766
1.3890581130981445, 0.027365446090698242
1.3940532207489014, 0.02741527557373047
1.3812191486358643, 0.02739119529724121
1.3791451454162598, 0.027579307556152344
1.3919365406036377, 0.027317285537719727
1.3916220664978027, 0.027077436447143555
1.3850144147872925, 0.027387142181396484
1.3938229084014893, 0.027225255966186523
1.3921059370040894, 0.027406930923461914
1.3833914995193481, 0.027463674545288086
1.3927785158157349, 0.027302980422973633
1.387754201889038, 0.027673721313476562
1.3798871040344238, 0.027325153350830078
1.3881478309631348, 0.027425765991210938
1.3979074954986572, 0.02765202522277832
1.3792304992675781, 0.02730536460876465
1.3780643939971924, 0.02748703956604004
1.3735984563827515, 0.027322053909301758
1.3922226428985596, 0.0274503231048584
1.383192777633667, 0.027791976928710938
1.3988614082336426, 0.027796030044555664
1.3903741836547852, 0.02693915367126465
1.3913028240203857, 0.027458667755126953
1.3872681856155396, 0.0273282527923584
1.3800840377807617, 0.027565479278564453
1.3921284675598145, 0.027317523956298828
1.3760950565338135, 0.028201818466186523
1.3965715169906616, 0.028095245361328125
1.3941295146942139, 0.028017282485961914
1.3890806436538696, 0.02794051170349121
1.3776659965515137, 0.028017759323120117
1.3763282299041748, 0.028023242950439453
1.3864753246307373, 0.028244495391845703
1.3801556825637817, 0.02779245376586914
1.3740742206573486, 0.02774786949157715
1.3919199705123901, 0.027587413787841797
1.3888871669769287, 0.02776789665222168
1.387418508529663, 0.027729272842407227
1.3901013135910034, 0.027837276458740234
1.37956702709198, 0.027760982513427734
1.3867563009262085, 0.027570009231567383
1.3785560131072998, 0.027618408203125
1.3781527280807495, 0.027219533920288086
1.3783949613571167, 0.02750682830810547
1.387864351272583, 0.02749466896057129
1.388432264328003, 0.027679920196533203
1.3820873498916626, 0.027445077896118164
1.3709276914596558, 0.02757430076599121
1.3805134296417236, 0.027461767196655273
1.3725987672805786, 0.027446985244750977
1.3891205787658691, 0.027643680572509766
1.3738641738891602, 0.027408599853515625
1.3891401290893555, 0.027557373046875
1.3941941261291504, 0.02760004997253418
1.3893868923187256, 0.0275421142578125
1.3912169933319092, 0.0278470516204834
1.3846718072891235, 0.027470111846923828
1.3804222345352173, 0.0272829532623291
1.391587734222412, 0.027461528778076172
1.3858283758163452, 0.027112245559692383
1.3941534757614136, 0.027277469635009766
1.3867355585098267, 0.02760601043701172
1.376280426979065, 0.027364253997802734
1.3845365047454834, 0.028212785720825195
1.3923912048339844, 0.028786897659301758
1.3883768320083618, 0.028147220611572266
1.3871995210647583, 0.028642654418945312
1.3760120868682861, 0.02860569953918457
1.3907570838928223, 0.028812170028686523
1.3798553943634033, 0.02834177017211914
1.3841302394866943, 0.02844715118408203
1.3923096656799316, 0.02809762954711914
1.372218370437622, 0.02818775177001953
1.3900054693222046, 0.02802586555480957
1.3834513425827026, 0.02823328971862793
1.3920300006866455, 0.028885364532470703
1.38993501663208, 0.027464628219604492
1.3805686235427856, 0.027978181838989258
1.3807344436645508, 0.027316570281982422
1.3868645429611206, 0.02694416046142578
1.37400221824646, 0.026900768280029297
1.3882958889007568, 0.02684783935546875
1.3787567615509033, 0.026935577392578125
1.3803863525390625, 0.02695775032043457
1.379347562789917, 0.026871681213378906
1.3764996528625488, 0.027491092681884766
1.3720721006393433, 0.028188467025756836
1.3808023929595947, 0.028072595596313477
1.3790391683578491, 0.028048992156982422
1.3703933954238892, 0.027926921844482422
1.371878743171692, 0.028076648712158203
1.3837668895721436, 0.02815556526184082
1.3775235414505005, 0.027974843978881836
1.3723313808441162, 0.028025388717651367
1.358365774154663, 0.027742624282836914
1.374800682067871, 0.027695178985595703
1.366600751876831, 0.027872562408447266
1.3717358112335205, 0.02762436866760254
1.3654371500015259, 0.028050899505615234
1.3697386980056763, 0.027808427810668945
1.3803832530975342, 0.02757859230041504
1.3779630661010742, 0.02749466896057129
1.369902491569519, 0.027748584747314453
1.3623580932617188, 0.02732372283935547
1.3753299713134766, 0.0274507999420166
1.3895959854125977, 0.027556419372558594
1.3775442838668823, 0.027775049209594727
1.3636586666107178, 0.027385473251342773
1.3620675802230835, 0.027478694915771484
1.3635058403015137, 0.02700948715209961
1.3593087196350098, 0.027340173721313477
1.3747512102127075, 0.027355194091796875
1.373410701751709, 0.027193546295166016
1.373488426208496, 0.0272216796875
1.3629319667816162, 0.027436494827270508
1.3663265705108643, 0.02744770050048828
1.3603476285934448, 0.027080059051513672
1.373508334159851, 0.027326107025146484
1.3777015209197998, 0.02721261978149414
1.3620610237121582, 0.02763056755065918
1.3699555397033691, 0.02682805061340332
1.3585164546966553, 0.02751302719116211
1.3555870056152344, 0.027929306030273438
1.3738738298416138, 0.027679443359375
1.3617886304855347, 0.027805328369140625
1.3739173412322998, 0.02805042266845703
1.3699309825897217, 0.027786731719970703
1.3715291023254395, 0.027873992919921875
1.3650920391082764, 0.02833104133605957
1.364839792251587, 0.02765965461730957
1.363447904586792, 0.027399539947509766
1.3778753280639648, 0.027533531188964844
1.3690791130065918, 0.027737140655517578
1.3714295625686646, 0.027416229248046875
1.3626675605773926, 0.02761983871459961
1.3582907915115356, 0.027834177017211914
1.3632334470748901, 0.027576208114624023
1.3645963668823242, 0.02750110626220703
1.3861929178237915, 0.02768850326538086
1.352543830871582, 0.02733302116394043
1.3464713096618652, 0.027707815170288086
1.3677551746368408, 0.027425527572631836
1.3626810312271118, 0.02763819694519043
1.3664307594299316, 0.02765202522277832
1.357816219329834, 0.027492523193359375
1.3684656620025635, 0.027683496475219727
1.3605422973632812, 0.027367591857910156
1.356057047843933, 0.027608871459960938
1.3555057048797607, 0.02754354476928711
1.3577256202697754, 0.02741694450378418
1.365889072418213, 0.028302907943725586
1.3566385507583618, 0.026445627212524414
1.3594560623168945, 0.02736377716064453
1.3538267612457275, 0.02753162384033203
1.362730622291565, 0.02739739418029785
1.3600023984909058, 0.02807903289794922
1.3603041172027588, 0.02717280387878418
1.356848955154419, 0.02740001678466797
1.3607001304626465, 0.02770256996154785
1.369478702545166, 0.027343273162841797
1.3537431955337524, 0.027544260025024414
1.361330509185791, 0.027676820755004883
1.3521052598953247, 0.027467966079711914
1.3420522212982178, 0.027701139450073242
1.341831922531128, 0.027858257293701172
1.358347773551941, 0.0274960994720459
1.349206566810608, 0.02760791778564453
1.3635530471801758, 0.027304649353027344
1.3556818962097168, 0.027668237686157227
1.360390305519104, 0.027551651000976562
1.3505852222442627, 0.027472257614135742
1.353899598121643, 0.0277407169342041
1.3487114906311035, 0.02749800682067871
1.352298617362976, 0.027498483657836914
1.3635716438293457, 0.027675628662109375
1.3555662631988525, 0.02680516242980957
1.3455085754394531, 0.02745676040649414
1.3546805381774902, 0.027443885803222656
1.351494312286377, 0.02700495719909668
1.354746699333191, 0.027166366577148438
1.3549423217773438, 0.027605295181274414
1.366599678993225, 0.02762150764465332
1.352461814880371, 0.027947664260864258
1.3510499000549316, 0.027791261672973633
1.3574352264404297, 0.027963876724243164
1.353000521659851, 0.02808856964111328
1.3407139778137207, 0.027423620223999023
1.3613556623458862, 0.0280306339263916
1.3515429496765137, 0.02776956558227539
1.3525980710983276, 0.027602434158325195
1.3601195812225342, 0.027535438537597656
1.3509269952774048, 0.02753448486328125
1.3520923852920532, 0.02836298942565918
1.364959955215454, 0.026836633682250977
1.3576810359954834, 0.027536630630493164
1.3486205339431763, 0.027637958526611328
1.348137378692627, 0.02750873565673828
1.3404111862182617, 0.027601242065429688
1.3520891666412354, 0.027437686920166016
1.3446927070617676, 0.027608156204223633
1.370611310005188, 0.0281219482421875
1.368227243423462, 0.027685880661010742
1.3574669361114502, 0.027673721313476562
1.3509399890899658, 0.02736520767211914
1.3441829681396484, 0.02758479118347168
1.3524696826934814, 0.02763080596923828
1.3590648174285889, 0.027474403381347656
1.3554091453552246, 0.02759861946105957
1.341761827468872, 0.027621030807495117
1.350245714187622, 0.02751445770263672
1.3598573207855225, 0.02778911590576172
1.3565137386322021, 0.027864933013916016
1.3514593839645386, 0.027335166931152344
1.3506500720977783, 0.027153730392456055
1.3532801866531372, 0.02739119529724121
1.3557202816009521, 0.027446746826171875
1.3463290929794312, 0.02753281593322754
1.3508124351501465, 0.027906179428100586
1.3419086933135986, 0.028298616409301758
1.3463058471679688, 0.027985334396362305
1.340013861656189, 0.028346538543701172
1.354710340499878, 0.02814650535583496
1.3415406942367554, 0.02831721305847168
1.3488006591796875, 0.02819085121154785
1.3500059843063354, 0.027994632720947266
1.351238489151001, 0.028116703033447266
1.3454941511154175, 0.028215885162353516
1.342810869216919, 0.02744913101196289
1.3529196977615356, 0.027988195419311523
1.3451606035232544, 0.027880191802978516
1.3382635116577148, 0.02804398536682129
1.3661770820617676, 0.02787947654724121
1.3591701984405518, 0.027730941772460938
1.3629473447799683, 0.027674436569213867
1.3498919010162354, 0.027549266815185547
1.3438374996185303, 0.027716875076293945
1.3507707118988037, 0.027621984481811523
1.3500136137008667, 0.027845144271850586
1.3549411296844482, 0.02760148048400879
1.3548849821090698, 0.02737903594970703
1.349497675895691, 0.02782750129699707
1.3629071712493896, 0.027524709701538086
1.3499865531921387, 0.027524948120117188
1.3591642379760742, 0.027817249298095703
1.3290101289749146, 0.027609586715698242
1.352825403213501, 0.027591466903686523
1.3584115505218506, 0.027779340744018555
1.359997034072876, 0.027304410934448242
1.3554754257202148, 0.027462482452392578
1.3532681465148926, 0.0273282527923584
1.3429265022277832, 0.02736520767211914
1.3527195453643799, 0.027261734008789062
1.3522181510925293, 0.027313232421875
1.3442801237106323, 0.02752065658569336
1.3566445112228394, 0.027339696884155273
1.3567214012145996, 0.027378082275390625
1.3573534488677979, 0.027579069137573242
1.3352296352386475, 0.027395009994506836
1.3442423343658447, 0.027300357818603516
1.3615834712982178, 0.02785658836364746
1.348690390586853, 0.026947975158691406
1.3431960344314575, 0.027601003646850586
1.3532594442367554, 0.027297258377075195
1.348204255104065, 0.02768683433532715
1.3492473363876343, 0.027247905731201172
1.3514034748077393, 0.02747821807861328
1.3527612686157227, 0.027428150177001953
1.3500409126281738, 0.027410268783569336
1.3464980125427246, 0.027421236038208008
1.3517470359802246, 0.027428865432739258
1.35870361328125, 0.02731800079345703
1.3518998622894287, 0.027477502822875977
1.346885085105896, 0.028239011764526367
1.3606618642807007, 0.026877641677856445
1.3427355289459229, 0.027609825134277344
1.3478337526321411, 0.027425289154052734
1.3540416955947876, 0.02748847007751465
1.3520431518554688, 0.028237342834472656
1.3551831245422363, 0.02805781364440918
1.3599791526794434, 0.027812480926513672
1.3587965965270996, 0.028004169464111328
1.3345947265625, 0.028027772903442383
1.3447134494781494, 0.02818751335144043
1.3573111295700073, 0.027959108352661133
1.3448288440704346, 0.027898788452148438
1.3441364765167236, 0.02796316146850586
1.3612687587738037, 0.027669668197631836
1.3458973169326782, 0.02776336669921875
1.346143126487732, 0.02770853042602539
1.3478331565856934, 0.027909040451049805
1.3562111854553223, 0.027943134307861328
1.3508203029632568, 0.027618885040283203
1.3584554195404053, 0.027691364288330078
1.3512980937957764, 0.027776479721069336
1.3514893054962158, 0.027144908905029297
1.351213812828064, 0.027605533599853516
1.3676609992980957, 0.02740955352783203
1.3395925760269165, 0.02762770652770996
1.356069803237915, 0.02755284309387207
1.3580584526062012, 0.027691125869750977
1.3521195650100708, 0.02744293212890625
1.3516021966934204, 0.02779865264892578
1.360870361328125, 0.027581214904785156
1.3447762727737427, 0.027507305145263672
1.3440098762512207, 0.02747488021850586
1.3454618453979492, 0.027773141860961914
1.3482000827789307, 0.02743077278137207
1.3512582778930664, 0.027411460876464844
1.3541476726531982, 0.027780771255493164
1.3558590412139893, 0.027245521545410156
1.3529398441314697, 0.02758049964904785
1.3564555644989014, 0.027707576751708984
1.35117506980896, 0.026837825775146484
1.3512341976165771, 0.02735447883605957
1.3361470699310303, 0.027215003967285156
1.3483387231826782, 0.026966571807861328
1.352207899093628, 0.027184247970581055
1.3524742126464844, 0.027094125747680664
1.3506485223770142, 0.027115583419799805
1.3580893278121948, 0.0272061824798584
1.3538012504577637, 0.027176380157470703
1.3510844707489014, 0.02720499038696289
1.3478069305419922, 0.027210712432861328
1.3466856479644775, 0.027111530303955078
1.354477882385254, 0.027314424514770508
1.3429991006851196, 0.027128219604492188
1.3473378419876099, 0.027237653732299805
1.3460348844528198, 0.02729344367980957
1.3483535051345825, 0.027730941772460938
1.3431628942489624, 0.027965545654296875
1.3530678749084473, 0.028863906860351562
1.3518295288085938, 0.028647661209106445
1.3601933717727661, 0.02870035171508789
1.35252046585083, 0.028401613235473633
1.3579161167144775, 0.028638839721679688
1.3448786735534668, 0.02839803695678711
1.3434178829193115, 0.028187036514282227
1.351729393005371, 0.028261423110961914
1.353210210800171, 0.028123140335083008
1.340627908706665, 0.02832961082458496
1.3555665016174316, 0.028037309646606445
1.3586541414260864, 0.028338909149169922
1.3538217544555664, 0.02815866470336914
1.3478891849517822, 0.02801036834716797
1.3572226762771606, 0.027999401092529297
1.3558244705200195, 0.02796769142150879
1.3498005867004395, 0.028220176696777344
1.3495107889175415, 0.027733802795410156
1.3469997644424438, 0.02801036834716797
1.3607773780822754, 0.027971267700195312
1.3561625480651855, 0.027740955352783203
1.3447734117507935, 0.02789616584777832
1.3448030948638916, 0.02760457992553711
1.3564430475234985, 0.02792835235595703
1.3403385877609253, 0.027253389358520508
1.3447000980377197, 0.02745509147644043
1.3508942127227783, 0.027796030044555664
1.3560564517974854, 0.027566909790039062
1.359841227531433, 0.027403831481933594
1.3560328483581543, 0.027581214904785156
1.3463761806488037, 0.02756810188293457
1.349754810333252, 0.027806997299194336
1.3463380336761475, 0.027715206146240234
1.3553950786590576, 0.027528047561645508
1.345116376876831, 0.027828454971313477
1.3520370721817017, 0.027407169342041016
1.3432238101959229, 0.027504444122314453
1.339788556098938, 0.027373313903808594
1.3515478372573853, 0.027297496795654297
1.3651143312454224, 0.02819204330444336
1.3545706272125244, 0.026865243911743164
1.3444585800170898, 0.027498245239257812
1.3595545291900635, 0.027515411376953125
1.3474969863891602, 0.02733612060546875
1.353966236114502, 0.02751469612121582
1.356367588043213, 0.027787208557128906
1.3492906093597412, 0.027011632919311523
1.3604934215545654, 0.027127742767333984
1.3626124858856201, 0.027310609817504883
1.354797124862671, 0.02756023406982422
1.353642225265503, 0.027683019638061523
1.3609063625335693, 0.027661800384521484
1.361548900604248, 0.02752828598022461
1.3626391887664795, 0.027602195739746094
1.3464454412460327, 0.027327299118041992
1.3498302698135376, 0.02768421173095703
1.350186824798584, 0.027419567108154297
1.3556263446807861, 0.027654409408569336
1.3476463556289673, 0.027032852172851562
1.340214490890503, 0.02734661102294922
1.3605473041534424, 0.027737140655517578
1.3624413013458252, 0.027061939239501953
1.3566179275512695, 0.027360200881958008
1.364335298538208, 0.027652502059936523
1.3472263813018799, 0.027373313903808594
1.3439083099365234, 0.027254104614257812
1.3508031368255615, 0.027521848678588867
1.3560296297073364, 0.027638673782348633
1.3416683673858643, 0.027238130569458008
1.349094033241272, 0.027382373809814453
1.3498539924621582, 0.027553319931030273
1.3435420989990234, 0.027318716049194336
1.3440029621124268, 0.027513980865478516
1.3546278476715088, 0.02728891372680664
1.3472297191619873, 0.027147531509399414
1.3535822629928589, 0.0271148681640625
1.3477588891983032, 0.027335166931152344
1.353929042816162, 0.02727818489074707
1.3718104362487793, 0.027143239974975586
1.347003698348999, 0.027418851852416992
1.3578071594238281, 0.027289390563964844
1.3471133708953857, 0.027311086654663086
1.3539297580718994, 0.027344465255737305
1.3458991050720215, 0.02741527557373047
1.3484373092651367, 0.027271747589111328
1.340179204940796, 0.027055740356445312
1.344377875328064, 0.026990175247192383
1.3358640670776367, 0.02710890769958496
1.3493423461914062, 0.027167797088623047
1.3448784351348877, 0.027379274368286133
1.346110224723816, 0.027372360229492188
1.350676417350769, 0.02688765525817871
1.3471276760101318, 0.02722454071044922
1.3554128408432007, 0.0271909236907959
1.359684705734253, 0.027153968811035156
1.3326483964920044, 0.028662919998168945
1.3518141508102417, 0.02865123748779297
1.3396897315979004, 0.02884078025817871
1.3588898181915283, 0.028378725051879883
1.3585104942321777, 0.028641223907470703
1.3521761894226074, 0.0287477970123291
1.3520605564117432, 0.028820276260375977
1.3536200523376465, 0.02803969383239746
1.3510143756866455, 0.02823162078857422
1.3485268354415894, 0.028080224990844727
1.3496813774108887, 0.028196096420288086
1.3591941595077515, 0.028222322463989258
1.3636144399642944, 0.028337955474853516
1.3549708127975464, 0.028410911560058594
1.3488205671310425, 0.028413772583007812
1.3412971496582031, 0.027976036071777344
1.3513383865356445, 0.028276920318603516
1.3485301733016968, 0.028460979461669922
1.342728614807129, 0.0272066593170166
1.3618930578231812, 0.028193235397338867
1.3527863025665283, 0.027682065963745117
1.3476529121398926, 0.027767658233642578
1.3399145603179932, 0.02771282196044922
1.3486337661743164, 0.02767348289489746
1.3504981994628906, 0.027913808822631836
1.3516724109649658, 0.027710676193237305
1.3484748601913452, 0.02766871452331543
1.338918685913086, 0.027823209762573242
1.3533967733383179, 0.027672529220581055
1.347583293914795, 0.02760028839111328
1.3488080501556396, 0.02793264389038086
1.3573687076568604, 0.02736639976501465
1.351898193359375, 0.027192354202270508
1.34951913356781, 0.02751326560974121
1.3441236019134521, 0.027265548706054688
1.356102466583252, 0.027574777603149414
1.3397306203842163, 0.02702188491821289
1.3536618947982788, 0.027225017547607422
1.341284990310669, 0.027358293533325195
1.349675178527832, 0.027165651321411133
1.345193862915039, 0.027343273162841797
1.3487616777420044, 0.02735757827758789
1.3509067296981812, 0.02718353271484375
1.3496752977371216, 0.027367353439331055
1.3442180156707764, 0.027364253997802734
1.3526666164398193, 0.028000354766845703
1.3431525230407715, 0.027365446090698242
1.3574093580245972, 0.027567148208618164
1.3528063297271729, 0.02778935432434082
1.3387482166290283, 0.027786731719970703
1.3496119976043701, 0.02765059471130371
1.3460534811019897, 0.028441429138183594
1.3486249446868896, 0.02673196792602539
1.3615798950195312, 0.027762413024902344
1.3473118543624878, 0.027686595916748047
1.3348805904388428, 0.027664661407470703
1.3456194400787354, 0.027732372283935547
1.3397386074066162, 0.02776336669921875
1.3575283288955688, 0.027843713760375977
1.3545749187469482, 0.02748274803161621
1.3520312309265137, 0.027320384979248047
1.3509666919708252, 0.02766895294189453
1.3463120460510254, 0.02745509147644043
1.3440263271331787, 0.027542591094970703
1.347757339477539, 0.02691197395324707
1.3462580442428589, 0.027438879013061523
1.3504263162612915, 0.028429031372070312
1.3505460023880005, 0.028333187103271484
1.351076602935791, 0.027599334716796875
1.3468804359436035, 0.028200864791870117
1.341343879699707, 0.027730703353881836
1.345453143119812, 0.027966976165771484
1.3435873985290527, 0.027966976165771484
1.3499070405960083, 0.02785634994506836
1.3427983522415161, 0.027706623077392578
1.3388983011245728, 0.027699947357177734
1.348693609237671, 0.027938127517700195
1.3594518899917603, 0.027548551559448242
1.3491547107696533, 0.027608394622802734
1.356776475906372, 0.027808666229248047
1.3518614768981934, 0.02824878692626953
1.3468209505081177, 0.027777433395385742
1.3476910591125488, 0.027234554290771484
1.3480278253555298, 0.027264118194580078
1.3520466089248657, 0.027420997619628906
1.3542590141296387, 0.027421236038208008
1.3462941646575928, 0.027552366256713867
1.3463006019592285, 0.02743387222290039
1.3602383136749268, 0.027463197708129883
1.3487708568572998, 0.027690649032592773
1.3566532135009766, 0.027530908584594727
1.350780963897705, 0.027501344680786133
1.3508281707763672, 0.027642011642456055
1.3461058139801025, 0.027683496475219727
1.3384740352630615, 0.027243852615356445
1.3425579071044922, 0.027294158935546875
1.3441193103790283, 0.027333498001098633
1.34739089012146, 0.02750372886657715
1.3514430522918701, 0.02729177474975586
1.3507047891616821, 0.027189016342163086
1.3484632968902588, 0.027483463287353516
1.3406968116760254, 0.026929378509521484
1.3477517366409302, 0.02745509147644043
1.360381007194519, 0.027343034744262695
1.351729154586792, 0.02771592140197754
1.3530735969543457, 0.027618885040283203
1.3516184091567993, 0.027338743209838867
1.3446063995361328, 0.027278423309326172
1.3397037982940674, 0.027463912963867188
1.3483415842056274, 0.027464866638183594
1.3524706363677979, 0.027575016021728516
1.361618995666504, 0.027326107025146484
1.3565481901168823, 0.02740621566772461
1.3493776321411133, 0.02748703956604004
1.3564151525497437, 0.02742171287536621
1.348944067955017, 0.027387142181396484
1.343690276145935, 0.02755451202392578
1.341063380241394, 0.027455806732177734
1.3642653226852417, 0.028393268585205078
1.3553261756896973, 0.028316020965576172
1.3489646911621094, 0.02789139747619629
1.3434687852859497, 0.028208017349243164
1.3514316082000732, 0.02822589874267578
1.3481910228729248, 0.02846980094909668
1.344954013824463, 0.02804422378540039
1.3610858917236328, 0.027852773666381836
1.338336706161499, 0.027884244918823242
1.3471840620040894, 0.027642488479614258
1.342000961303711, 0.02796792984008789
1.3544865846633911, 0.028212547302246094
1.3399860858917236, 0.027439117431640625
1.3599774837493896, 0.027769088745117188
1.3495349884033203, 0.027675867080688477
1.3611621856689453, 0.027478456497192383
1.3516699075698853, 0.027098417282104492
1.3565020561218262, 0.0274350643157959
1.3441013097763062, 0.02751922607421875
1.354332685470581, 0.027468442916870117
1.3684887886047363, 0.02772831916809082
1.3541237115859985, 0.027478933334350586
1.3591521978378296, 0.02852010726928711
1.3515913486480713, 0.028463125228881836
1.3455235958099365, 0.0280764102935791
1.357048511505127, 0.028215408325195312
1.3429865837097168, 0.028112411499023438
1.3489375114440918, 0.028279781341552734
1.3522992134094238, 0.02824258804321289
1.3534539937973022, 0.027849912643432617
1.3374555110931396, 0.028036117553710938
1.3643889427185059, 0.02787327766418457
1.3406476974487305, 0.027901887893676758
1.349129319190979, 0.028090953826904297
1.346198558807373, 0.028255939483642578
1.3535587787628174, 0.02797102928161621
1.346357822418213, 0.028186798095703125
1.354111909866333, 0.02725958824157715
1.343267798423767, 0.02774190902709961
1.352170705795288, 0.027579069137573242
1.346327781677246, 0.027797698974609375
1.3466945886611938, 0.027568340301513672
1.3472427129745483, 0.02765822410583496
1.3510171175003052, 0.02759408950805664
1.3457955121994019, 0.027594804763793945
1.3420695066452026, 0.028069257736206055
1.3465713262557983, 0.027744770050048828
1.3433263301849365, 0.027631044387817383
1.344010829925537, 0.027872562408447266
1.3521554470062256, 0.0275418758392334
1.3423875570297241, 0.027754545211791992
1.3629989624023438, 0.027452468872070312
1.3574364185333252, 0.02760601043701172
1.3551303148269653, 0.027550935745239258
1.3455486297607422, 0.02747178077697754
1.348571538925171, 0.027405261993408203
1.350264549255371, 0.02731919288635254
1.3534969091415405, 0.02734661102294922
1.352567195892334, 0.028000593185424805
1.3573400974273682, 0.027309656143188477
1.3586714267730713, 0.027234554290771484
1.3497073650360107, 0.027544260025024414
1.3537029027938843, 0.027469158172607422
1.3466341495513916, 0.027554750442504883
1.3444682359695435, 0.027338743209838867
1.3496052026748657, 0.02757120132446289
1.3480143547058105, 0.02827906608581543
1.3417531251907349, 0.028078317642211914
1.3430280685424805, 0.02805161476135254
1.3614604473114014, 0.028209686279296875
1.3542245626449585, 0.02825021743774414
1.3534183502197266, 0.028128862380981445
1.348024606704712, 0.02797532081604004
1.3575806617736816, 0.028104782104492188
1.3616812229156494, 0.027651548385620117
1.3511823415756226, 0.02768564224243164
1.351887583732605, 0.0281069278717041
1.3460206985473633, 0.027891874313354492
1.3438050746917725, 0.027992963790893555
1.3479399681091309, 0.02779531478881836
1.3573908805847168, 0.0276644229888916
1.3503563404083252, 0.027785539627075195
1.3435522317886353, 0.02739715576171875
1.3504338264465332, 0.027592897415161133
1.3391907215118408, 0.02752232551574707
1.35398268699646, 0.027599811553955078
1.346031904220581, 0.0277252197265625
1.361406922340393, 0.027497053146362305
1.3529789447784424, 0.02756476402282715
1.3540149927139282, 0.027689456939697266
1.341150164604187, 0.027543306350708008
1.339170217514038, 0.02760028839111328
1.3480734825134277, 0.02765965461730957
1.3447504043579102, 0.0277252197265625
1.3509225845336914, 0.027956247329711914
1.349876046180725, 0.02707505226135254
1.3554563522338867, 0.027359724044799805
1.3538975715637207, 0.027304649353027344
1.34373939037323, 0.02744770050048828
1.358593225479126, 0.027459144592285156
1.3446934223175049, 0.027228116989135742
1.3482074737548828, 0.027332544326782227
1.3528785705566406, 0.02765965461730957
1.343403697013855, 0.02728414535522461
1.3448965549468994, 0.026955604553222656
1.3524900674819946, 0.02740931510925293
1.3522690534591675, 0.027248859405517578
1.3527885675430298, 0.027513504028320312
1.3459367752075195, 0.027372360229492188
1.3422174453735352, 0.02723526954650879
1.3490734100341797, 0.027524948120117188
1.347111701965332, 0.02767467498779297
1.35467529296875, 0.02732539176940918
1.3567075729370117, 0.026912927627563477
1.3457032442092896, 0.027313232421875
1.354769229888916, 0.02737903594970703
1.3509657382965088, 0.027599096298217773
1.3463648557662964, 0.027193069458007812
1.3494658470153809, 0.02745676040649414
1.3642841577529907, 0.027534961700439453
1.3452727794647217, 0.02765202522277832
1.3501396179199219, 0.026774168014526367
1.3403154611587524, 0.027267932891845703
1.3381454944610596, 0.02744889259338379
1.3532143831253052, 0.027318716049194336
1.3579158782958984, 0.028026342391967773
1.3465874195098877, 0.02785801887512207
1.337416172027588, 0.028045177459716797
1.3560597896575928, 0.0283660888671875
1.355726957321167, 0.027672290802001953
1.3529258966445923, 0.028079986572265625
1.3427350521087646, 0.0282590389251709
1.350459098815918, 0.02767777442932129
1.3460843563079834, 0.02776956558227539
1.3516497611999512, 0.027713537216186523
1.347873330116272, 0.027805328369140625
1.360720157623291, 0.027981996536254883
1.3496503829956055, 0.027696847915649414
1.3488949537277222, 0.028034448623657227
1.3478025197982788, 0.0277712345123291
1.3497313261032104, 0.0279388427734375
1.3448148965835571, 0.027881860733032227
1.3495445251464844, 0.028096675872802734
1.345190405845642, 0.02756214141845703
1.3537516593933105, 0.027693748474121094
1.3458309173583984, 0.027716636657714844
1.3390624523162842, 0.027973175048828125
1.3504992723464966, 0.028005599975585938
1.3387175798416138, 0.027738571166992188
1.3497419357299805, 0.027544498443603516
1.3448947668075562, 0.028194665908813477
1.34364914894104, 0.028398513793945312
1.3530478477478027, 0.027686595916748047
1.3431615829467773, 0.027828216552734375
1.3465654850006104, 0.027820587158203125
1.3421597480773926, 0.027540922164916992
1.3469318151474, 0.02770066261291504
1.341536283493042, 0.027611732482910156
1.361703872680664, 0.02747344970703125
1.358814001083374, 0.027516841888427734
1.3441886901855469, 0.027480602264404297
1.3477072715759277, 0.02791285514831543
1.3506219387054443, 0.0274503231048584
1.3640676736831665, 0.02777266502380371
1.3481863737106323, 0.027109146118164062
1.3371045589447021, 0.02742290496826172
1.3429988622665405, 0.027959346771240234
1.357008695602417, 0.0276029109954834
1.3444831371307373, 0.026746511459350586
1.3480446338653564, 0.027445554733276367
1.3591580390930176, 0.02728748321533203
1.3524706363677979, 0.02797532081604004
1.3595625162124634, 0.02719855308532715
1.3477783203125, 0.02721238136291504
1.3512659072875977, 0.02779364585876465
1.3602412939071655, 0.026711463928222656
1.356189489364624, 0.02762579917907715
1.3494625091552734, 0.02793717384338379
1.351352572441101, 0.027662277221679688
1.357729196548462, 0.02779984474182129
1.35543954372406, 0.02782917022705078
1.3666422367095947, 0.027804851531982422
1.3566679954528809, 0.027922630310058594
1.3396068811416626, 0.027907371520996094
1.34648859500885, 0.027812480926513672
1.3519564867019653, 0.027791738510131836
1.3438166379928589, 0.02767467498779297
1.3567876815795898, 0.028009891510009766
1.351318120956421, 0.02772665023803711
1.3534647226333618, 0.02782273292541504
1.3428802490234375, 0.02797102928161621
1.3597867488861084, 0.02770256996154785
1.3459837436676025, 0.027891159057617188
1.3524434566497803, 0.02732992172241211
1.3566944599151611, 0.027488231658935547
1.3453631401062012, 0.027652978897094727
1.3458621501922607, 0.027429819107055664
1.3523306846618652, 0.027768850326538086
1.3546651601791382, 0.027547836303710938
1.3496613502502441, 0.027519702911376953
1.354933261871338, 0.02760791778564453
1.3517019748687744, 0.027410268783569336
1.3513870239257812, 0.027540206909179688
1.3536643981933594, 0.027810335159301758
1.3538835048675537, 0.027309894561767578
1.3564774990081787, 0.027615070343017578
1.3567843437194824, 0.02748274803161621
1.3545597791671753, 0.027583599090576172
1.3415164947509766, 0.027660846710205078
1.3554233312606812, 0.02731776237487793
1.3493050336837769, 0.027672767639160156
1.3538200855255127, 0.027462482452392578
1.3529083728790283, 0.027460813522338867
1.3392839431762695, 0.02758193016052246
1.3513977527618408, 0.027535676956176758
1.3519487380981445, 0.02728748321533203
1.349109411239624, 0.027053117752075195
1.3441928625106812, 0.02720808982849121
1.3590891361236572, 0.027602434158325195
1.3542733192443848, 0.02698802947998047
1.3545935153961182, 0.02762770652770996
1.3441216945648193, 0.027964353561401367
1.3480949401855469, 0.027814626693725586
1.3509547710418701, 0.027967214584350586
1.344746708869934, 0.027930498123168945
1.3573780059814453, 0.02790665626525879
1.3497685194015503, 0.028186321258544922
1.3493256568908691, 0.027988433837890625
1.359081745147705, 0.027738094329833984
1.3486640453338623, 0.027531862258911133
1.3488833904266357, 0.02765369415283203
1.3577145338058472, 0.02778148651123047
1.3378163576126099, 0.02766704559326172
1.3441672325134277, 0.02742481231689453
1.3583383560180664, 0.02764415740966797
1.342734456062317, 0.02761530876159668
1.3572516441345215, 0.02764129638671875
1.3518778085708618, 0.027420759201049805
1.3622233867645264, 0.02764415740966797
1.3521209955215454, 0.027719974517822266
1.3625445365905762, 0.02776312828063965
1.3499811887741089, 0.027535676956176758
1.3347938060760498, 0.0275728702545166
1.3433057069778442, 0.027524471282958984
1.3536884784698486, 0.027720928192138672
1.3528249263763428, 0.0275418758392334
1.3475086688995361, 0.02767801284790039
1.351179838180542, 0.027620553970336914
1.3477798700332642, 0.027573347091674805
1.3514628410339355, 0.028008222579956055
1.359636902809143, 0.0273895263671875
1.3472402095794678, 0.027683019638061523
1.3499304056167603, 0.02709507942199707
1.3503931760787964, 0.027428388595581055
1.3409687280654907, 0.027428627014160156
1.349691390991211, 0.027303457260131836
1.3469295501708984, 0.027512073516845703
1.347151279449463, 0.027572154998779297
1.3523650169372559, 0.02726435661315918
1.3560683727264404, 0.02725386619567871
1.3650844097137451, 0.027453184127807617
1.3521370887756348, 0.02720475196838379
1.3513588905334473, 0.02730846405029297
1.3632197380065918, 0.027344465255737305
1.3653045892715454, 0.027262210845947266
1.3438681364059448, 0.027751445770263672
1.345889687538147, 0.026798248291015625
1.3511950969696045, 0.02730727195739746
1.3470754623413086, 0.0272061824798584
1.3442561626434326, 0.027113676071166992
1.3459149599075317, 0.02732086181640625
1.3355379104614258, 0.02736806869506836
1.3487279415130615, 0.027436017990112305
1.3482146263122559, 0.028294086456298828
1.3589632511138916, 0.027956247329711914
1.3404057025909424, 0.027584552764892578
1.3486863374710083, 0.028311967849731445
1.3453941345214844, 0.02825164794921875
1.3429845571517944, 0.027864933013916016
1.3569257259368896, 0.02789592742919922
1.3541440963745117, 0.02802276611328125
1.356872320175171, 0.028020620346069336
1.35793137550354, 0.02814769744873047
1.3504588603973389, 0.028151750564575195
1.351629614830017, 0.028127431869506836
1.342263102531433, 0.02809619903564453
1.3457579612731934, 0.027908802032470703
1.3443458080291748, 0.027883529663085938
1.3607192039489746, 0.027962207794189453
1.3461480140686035, 0.027848243713378906
1.3506712913513184, 0.027790546417236328
1.3436733484268188, 0.0278317928314209
1.3520424365997314, 0.027578115463256836
1.353426456451416, 0.027718544006347656
1.3613877296447754, 0.028130531311035156
1.3457393646240234, 0.026996135711669922
1.346907377243042, 0.02727651596069336
1.340810775756836, 0.027323007583618164
1.3530303239822388, 0.027663469314575195
1.355320692062378, 0.027533769607543945
1.3421505689620972, 0.027523517608642578
1.3475966453552246, 0.027709484100341797
1.3422106504440308, 0.027359962463378906
1.3489959239959717, 0.02760028839111328
1.3487778902053833, 0.02741384506225586
1.3580933809280396, 0.027490854263305664
1.3441985845565796, 0.027311325073242188
1.352226972579956, 0.027605295181274414
1.3469111919403076, 0.02816915512084961
1.3560278415679932, 0.027770519256591797
1.3456273078918457, 0.026642799377441406
1.367220401763916, 0.027424335479736328
1.3498704433441162, 0.027218341827392578
1.3464947938919067, 0.027881145477294922
1.3482494354248047, 0.027695894241333008
1.359380841255188, 0.02774643898010254
1.3627333641052246, 0.027435779571533203
1.348008632659912, 0.028071165084838867
1.3453857898712158, 0.027452468872070312
1.34831964969635, 0.027532339096069336
1.3410286903381348, 0.02780771255493164
1.3543020486831665, 0.02692246437072754
1.352571964263916, 0.02754664421081543
1.3533275127410889, 0.027349472045898438
1.342991828918457, 0.027516603469848633
1.354931354522705, 0.028004884719848633
1.3445004224777222, 0.028096675872802734
1.3526984453201294, 0.028456449508666992
1.3369314670562744, 0.027344703674316406
1.3542664051055908, 0.02741837501525879
1.3450623750686646, 0.02734827995300293
1.347131609916687, 0.027632951736450195
1.3431830406188965, 0.02845597267150879
1.34908926486969, 0.027850866317749023
1.350560188293457, 0.033881425857543945
1.3505761623382568, 0.028282880783081055
1.356041669845581, 0.02778935432434082
1.351994514465332, 0.02781534194946289
1.3437862396240234, 0.028005361557006836
1.344832181930542, 0.028716325759887695
1.3569897413253784, 0.027864694595336914
1.3531675338745117, 0.028079986572265625
1.355109691619873, 0.0278933048248291
1.3483599424362183, 0.028227567672729492
1.3496466875076294, 0.027920007705688477
1.3647829294204712, 0.02738046646118164
1.3467291593551636, 0.027797698974609375
1.3480987548828125, 0.02759575843811035
1.3575257062911987, 0.027769804000854492
1.349818229675293, 0.02802872657775879
1.3530839681625366, 0.02771592140197754
1.3545129299163818, 0.027740001678466797
1.3529871702194214, 0.02750110626220703
1.3444128036499023, 0.02766132354736328
1.3432648181915283, 0.027480602264404297
1.3452033996582031, 0.02747368812561035
1.338612675666809, 0.027518033981323242
1.3579778671264648, 0.027882814407348633
1.3583229780197144, 0.0068094730377197266
1.343759298324585, 0.005020856857299805
1.357456922531128, 0.004526853561401367
1.347511887550354, 0.023540973663330078
1.3481638431549072, 0.026617050170898438
1.3432306051254272, 0.02758169174194336
1.3485970497131348, 0.027557849884033203
1.3461664915084839, 0.027735233306884766
1.3428345918655396, 0.027746915817260742
1.335258960723877, 0.027768373489379883
1.3512881994247437, 0.028181076049804688
1.3585875034332275, 0.02809429168701172
1.335841178894043, 0.028147459030151367
1.3536691665649414, 0.028211593627929688
1.3634487390518188, 0.02813410758972168
1.3574004173278809, 0.02826547622680664
1.3558648824691772, 0.027489900588989258
1.3433830738067627, 0.02815556526184082
1.344111680984497, 0.028008699417114258
1.3366777896881104, 0.027835607528686523
1.3525335788726807, 0.02839970588684082
1.370815634727478, 0.027430057525634766
1.346588373184204, 0.028397798538208008
1.3587629795074463, 0.027933120727539062
1.3518452644348145, 0.027709245681762695
1.34420907497406, 0.028102874755859375
1.34426748752594, 0.027593612670898438
1.340261459350586, 0.02846693992614746
1.3569462299346924, 0.02779078483581543
1.3502702713012695, 0.027486801147460938
1.3523576259613037, 0.027608156204223633
1.3410680294036865, 0.027627229690551758
1.3479408025741577, 0.027614831924438477
1.361924409866333, 0.02778482437133789
1.3533624410629272, 0.027630329132080078
1.352729320526123, 0.027572154998779297
1.352288842201233, 0.027576684951782227
1.3418158292770386, 0.02761077880859375
1.351296067237854, 0.027547359466552734
1.3553296327590942, 0.027553081512451172
1.3426319360733032, 0.027865886688232422
1.3396952152252197, 0.027133464813232422
1.3524750471115112, 0.0281217098236084
1.348496913909912, 0.027526140213012695
1.3441277742385864, 0.028034687042236328
1.353123664855957, 0.027862071990966797
1.3529276847839355, 0.02783060073852539
1.3487236499786377, 0.027816295623779297
1.3590587377548218, 0.027799367904663086
1.3578046560287476, 0.02796769142150879
1.339426040649414, 0.027891874313354492
1.339975118637085, 0.02804398536682129
1.344606876373291, 0.027927398681640625
1.352844476699829, 0.028031587600708008
1.3387222290039062, 0.027935028076171875
1.3469874858856201, 0.027791261672973633
1.3559551239013672, 0.027789592742919922
1.3612295389175415, 0.027891874313354492
1.345388650894165, 0.02787470817565918
1.355665922164917, 0.02770090103149414
1.3488519191741943, 0.02776932716369629
1.3491230010986328, 0.027781009674072266
1.3400664329528809, 0.027716636657714844
1.354466199874878, 0.0279390811920166
1.3597184419631958, 0.02756500244140625
1.33867347240448, 0.027953624725341797
1.3505595922470093, 0.027266979217529297
1.3624770641326904, 0.027697324752807617
1.3401610851287842, 0.027611732482910156
1.3456904888153076, 0.027596712112426758
1.3524096012115479, 0.027774810791015625
1.3536696434020996, 0.02789306640625
1.3410700559616089, 0.027870655059814453
1.3424792289733887, 0.02770209312438965
1.3458573818206787, 0.02772235870361328
1.3589210510253906, 0.027605533599853516
1.3513908386230469, 0.02776956558227539
1.3455626964569092, 0.02766728401184082
1.345310926437378, 0.02767491340637207
1.350764274597168, 0.027756214141845703
1.3469505310058594, 0.027692317962646484
1.3532581329345703, 0.027787446975708008
1.352980375289917, 0.0277252197265625
1.3543965816497803, 0.028029441833496094
1.3533382415771484, 0.027457237243652344
1.3470089435577393, 0.027895689010620117
1.347233533859253, 0.02796173095703125
1.3464488983154297, 0.028003454208374023
1.3452030420303345, 0.027944326400756836
1.3611290454864502, 0.027942895889282227
1.3551080226898193, 0.02796459197998047
1.3586585521697998, 0.02788257598876953
1.3519234657287598, 0.027901411056518555
1.3582422733306885, 0.027759313583374023
1.3468914031982422, 0.027835845947265625
1.352789282798767, 0.027841806411743164
1.3514577150344849, 0.02772831916809082
1.351064682006836, 0.027828693389892578
1.3520665168762207, 0.02778005599975586
1.3539766073226929, 0.028093814849853516
1.3436059951782227, 0.027397632598876953
1.3563340902328491, 0.027497291564941406
1.3493432998657227, 0.02759385108947754
1.345064401626587, 0.027822494506835938
1.3421034812927246, 0.027570724487304688
1.350188970565796, 0.02748250961303711
1.3443598747253418, 0.027611970901489258
1.3458526134490967, 0.02768230438232422
1.3604155778884888, 0.027711153030395508
1.3586217164993286, 0.027812719345092773
1.3439263105392456, 0.02765941619873047
1.3446763753890991, 0.027776002883911133
1.3433629274368286, 0.027802228927612305
1.35986328125, 0.02769017219543457
1.3509536981582642, 0.027817726135253906
1.3597495555877686, 0.02774953842163086
1.3500092029571533, 0.02806234359741211
1.3458443880081177, 0.02776789665222168
1.3624494075775146, 0.02728581428527832
1.3544185161590576, 0.027766704559326172
1.3511404991149902, 0.027798175811767578
1.3477296829223633, 0.02776503562927246
1.3467028141021729, 0.027831554412841797
1.3500449657440186, 0.02794790267944336
1.3457891941070557, 0.027928590774536133
1.3553643226623535, 0.027724027633666992
1.3406013250350952, 0.02797079086303711
1.3515100479125977, 0.027980804443359375
1.3501217365264893, 0.027792692184448242
1.3564943075180054, 0.027953624725341797
1.3494987487792969, 0.027788400650024414
1.3525104522705078, 0.027813196182250977
1.3500217199325562, 0.02756643295288086
1.3428785800933838, 0.027717113494873047
1.350095510482788, 0.027631282806396484
1.348414421081543, 0.027618885040283203
1.3581876754760742, 0.027935266494750977
1.3479719161987305, 0.02753448486328125
1.3502862453460693, 0.027856826782226562
1.346963882446289, 0.027338504791259766
1.3444117307662964, 0.02789163589477539
1.3490984439849854, 0.02776050567626953
1.3487027883529663, 0.02780294418334961
1.3582522869110107, 0.027626752853393555
1.3419320583343506, 0.027721166610717773
1.3315424919128418, 0.02792048454284668
1.352890968322754, 0.027649879455566406
1.3538436889648438, 0.02762293815612793
1.3505812883377075, 0.027951717376708984
1.3408515453338623, 0.027820825576782227
1.3465662002563477, 0.027652502059936523
1.3528244495391846, 0.027574777603149414
1.3365204334259033, 0.027674436569213867
1.3471918106079102, 0.027694225311279297
1.3578143119812012, 0.02781200408935547
1.349729061126709, 0.027821779251098633
1.3474440574645996, 0.02765655517578125
1.346962571144104, 0.028008222579956055
1.351145625114441, 0.027486801147460938
1.3459582328796387, 0.02789759635925293
1.347787857055664, 0.027863264083862305
1.353214979171753, 0.028176069259643555
1.3454408645629883, 0.027762651443481445
1.3514647483825684, 0.02772068977355957
1.356144905090332, 0.027762651443481445
1.3591034412384033, 0.02770829200744629
1.3571641445159912, 0.027484893798828125
1.3480134010314941, 0.027417421340942383
1.35289466381073, 0.027655601501464844
1.3584245443344116, 0.027651548385620117
1.355311393737793, 0.027689456939697266
1.353772521018982, 0.02740931510925293
1.3516650199890137, 0.0281064510345459
1.3524434566497803, 0.02774667739868164
1.3490768671035767, 0.027824878692626953
1.3562617301940918, 0.027778148651123047
1.3430966138839722, 0.027819156646728516
1.3471324443817139, 0.0277097225189209
1.351688027381897, 0.027672767639160156
1.3523643016815186, 0.02754044532775879
1.3525234460830688, 0.027643442153930664
1.349168062210083, 0.02775406837463379
1.3607707023620605, 0.027862071990966797
1.3454053401947021, 0.0277862548828125
1.3520445823669434, 0.02770066261291504
1.3516082763671875, 0.02819085121154785
1.3561954498291016, 0.02732086181640625
1.351571798324585, 0.027733564376831055
1.3484728336334229, 0.02760004997253418
1.3554506301879883, 0.0276334285736084
1.346445083618164, 0.02766561508178711
1.3570189476013184, 0.02771782875061035
1.342132329940796, 0.0277402400970459
1.353551983833313, 0.027887582778930664
1.352041482925415, 0.02774500846862793
1.3573212623596191, 0.027920007705688477
1.3528488874435425, 0.0278627872467041
1.355273962020874, 0.027907133102416992
1.3504565954208374, 0.02798151969909668
1.3445889949798584, 0.028054237365722656
1.3504661321640015, 0.027582883834838867
1.341895580291748, 0.02753138542175293
1.3544056415557861, 0.027888774871826172
1.3404203653335571, 0.02720165252685547
1.3474862575531006, 0.027528047561645508
1.3531345129013062, 0.028036832809448242
1.3467180728912354, 0.02739715576171875
1.347599744796753, 0.027590036392211914
1.351931095123291, 0.02766871452331543
1.3627102375030518, 0.027966737747192383
1.3520597219467163, 0.027739763259887695
1.3423975706100464, 0.027905941009521484
1.3492324352264404, 0.027894973754882812
1.3562008142471313, 0.027858495712280273
1.3456127643585205, 0.02750396728515625
1.3549246788024902, 0.027935028076171875
1.3391106128692627, 0.027593612670898438
1.3582216501235962, 0.027523517608642578
1.356526255607605, 0.02770686149597168
1.339444637298584, 0.027771711349487305
1.350850224494934, 0.02822089195251465
1.3599367141723633, 0.02737283706665039
1.3483778238296509, 0.02753901481628418
1.354428768157959, 0.02776813507080078
1.355230689048767, 0.027592182159423828
1.354882001876831, 0.027710437774658203
1.3523783683776855, 0.027965545654296875
1.353114366531372, 0.027975797653198242
1.347150444984436, 0.027781963348388672
1.34999418258667, 0.027825593948364258
1.3448460102081299, 0.027980566024780273
1.3463282585144043, 0.0282745361328125
1.3506286144256592, 0.0274960994720459
1.3455464839935303, 0.02770066261291504
1.3509232997894287, 0.02759265899658203
1.3606623411178589, 0.027582406997680664
1.3541991710662842, 0.027633190155029297
1.3436866998672485, 0.02790236473083496
1.3446601629257202, 0.02758622169494629
1.3482176065444946, 0.027193069458007812
1.3560738563537598, 0.02791738510131836
1.3475401401519775, 0.02768540382385254
1.3422412872314453, 0.027668237686157227
1.3483633995056152, 0.027507305145263672
1.3557132482528687, 0.02783799171447754
1.3541033267974854, 0.028290748596191406
1.3421882390975952, 0.027707576751708984
1.3590188026428223, 0.02765798568725586
1.3481571674346924, 0.02797222137451172
1.3476247787475586, 0.02741718292236328
1.3578124046325684, 0.027652263641357422
1.3423967361450195, 0.027692317962646484
1.3563051223754883, 0.027747631072998047
1.3606038093566895, 0.027513504028320312
1.3616852760314941, 0.027628183364868164
1.352421760559082, 0.02729034423828125
1.3570802211761475, 0.02793121337890625
1.3337090015411377, 0.0273284912109375
1.343985915184021, 0.027602434158325195
1.3480958938598633, 0.0282132625579834
1.3619935512542725, 0.027828693389892578
1.3442014455795288, 0.027477741241455078
1.3486577272415161, 0.027721405029296875
1.3535852432250977, 0.02781534194946289
1.3575031757354736, 0.02782464027404785
1.3641791343688965, 0.02778935432434082
1.340282678604126, 0.02765631675720215
1.3580937385559082, 0.028214216232299805
1.3545482158660889, 0.027431249618530273
1.3417291641235352, 0.027531147003173828
1.3475844860076904, 0.027544498443603516
1.3634271621704102, 0.028015851974487305
1.3497545719146729, 0.027438879013061523
1.355180025100708, 0.027943849563598633
1.3547048568725586, 0.027386188507080078
1.3404113054275513, 0.02762293815612793
1.3388081789016724, 0.02777409553527832
1.3446474075317383, 0.02805781364440918
1.3449424505233765, 0.02781987190246582
1.360062837600708, 0.02773737907409668
1.3399615287780762, 0.027719974517822266
1.3466256856918335, 0.02839946746826172
1.3657324314117432, 0.027475357055664062
1.351360559463501, 0.027692556381225586
1.3445340394973755, 0.027788877487182617
1.3435449600219727, 0.027762889862060547
1.351826548576355, 0.027521371841430664
1.345170021057129, 0.027645349502563477
1.3455675840377808, 0.027553319931030273
1.3550277948379517, 0.027614355087280273
1.3475438356399536, 0.027643442153930664
1.3501858711242676, 0.027577638626098633
1.347804069519043, 0.027652978897094727
1.3473422527313232, 0.027718067169189453
1.3518141508102417, 0.0279541015625
1.348100185394287, 0.028437137603759766
1.3479461669921875, 0.027794599533081055
1.3301923274993896, 0.028081417083740234
1.3547502756118774, 0.027588367462158203
1.3542673587799072, 0.027671337127685547
1.3440418243408203, 0.02776169776916504
1.3601281642913818, 0.027779102325439453
1.3482410907745361, 0.027801036834716797
1.3489667177200317, 0.02802586555480957
1.341334581375122, 0.027324914932250977
1.341028094291687, 0.027664661407470703
1.3464138507843018, 0.02758169174194336
1.3481221199035645, 0.027828216552734375
1.352696180343628, 0.027936458587646484
1.3434927463531494, 0.027296781539916992
1.3515870571136475, 0.027798891067504883
1.358794927597046, 0.027719497680664062
1.3422569036483765, 0.027820110321044922
1.3521078824996948, 0.027709484100341797
1.3517438173294067, 0.027742624282836914
1.3562803268432617, 0.028178930282592773
1.3479219675064087, 0.02740192413330078
1.3354203701019287, 0.02800726890563965
1.3468446731567383, 0.027579784393310547
1.358805775642395, 0.02770853042602539
1.338156819343567, 0.02782273292541504
1.339673638343811, 0.02774333953857422
1.3465096950531006, 0.027688980102539062
1.349879264831543, 0.027545928955078125
1.3505914211273193, 0.02767205238342285
1.3542128801345825, 0.02785491943359375
1.3641819953918457, 0.027837514877319336
1.3516969680786133, 0.02777242660522461
1.3572227954864502, 0.027739286422729492
1.330620527267456, 0.02780890464782715
1.3396915197372437, 0.027988433837890625
1.3554176092147827, 0.027602672576904297
1.3399055004119873, 0.02732062339782715
1.365626573562622, 0.028007030487060547
1.3385720252990723, 0.027379512786865234
1.344449520111084, 0.028049945831298828
1.351349115371704, 0.027629613876342773
1.3521353006362915, 0.027385234832763672
1.3452532291412354, 0.027858972549438477
1.3515253067016602, 0.027712345123291016
1.3579128980636597, 0.02765202522277832
1.3516640663146973, 0.02785968780517578
1.3461825847625732, 0.027814388275146484
1.3543765544891357, 0.02744889259338379
1.3677817583084106, 0.02785325050354004
1.3489673137664795, 0.02780604362487793
1.3438974618911743, 0.0279080867767334
1.3516948223114014, 0.027991294860839844
1.348600149154663, 0.02733898162841797
1.3484904766082764, 0.027668237686157227
1.3545033931732178, 0.02776932716369629
1.3458690643310547, 0.027578115463256836
1.3450273275375366, 0.027691364288330078
1.3615649938583374, 0.027805805206298828
1.349302053451538, 0.027794599533081055
1.3382916450500488, 0.02759695053100586
1.3580079078674316, 0.02812981605529785
1.3536614179611206, 0.027783870697021484
1.3483525514602661, 0.027945995330810547
1.3536901473999023, 0.027781248092651367
1.3625085353851318, 0.028081655502319336
1.3524880409240723, 0.02754378318786621
1.3404812812805176, 0.028003454208374023
1.3481402397155762, 0.027309656143188477
1.3462424278259277, 0.027802705764770508
1.3413286209106445, 0.027712345123291016
1.357759714126587, 0.027430295944213867
1.3513672351837158, 0.02766895294189453
1.3585413694381714, 0.027769804000854492
1.3433233499526978, 0.027823686599731445
1.3474212884902954, 0.027738332748413086
1.3562864065170288, 0.027723073959350586
1.3490604162216187, 0.02804708480834961
1.350178599357605, 0.027347326278686523
1.348637580871582, 0.027737855911254883
1.340057134628296, 0.027706623077392578
1.3548393249511719, 0.027620315551757812
1.355381727218628, 0.0276947021484375
1.3332717418670654, 0.02767205238342285
1.34317946434021, 0.02768993377685547
1.347996473312378, 0.02771925926208496
1.3464828729629517, 0.02775406837463379
1.3524255752563477, 0.027744531631469727
1.3441507816314697, 0.02776336669921875
1.3629989624023438, 0.02788066864013672
1.3493926525115967, 0.027936220169067383
1.3599249124526978, 0.027716875076293945
1.3607909679412842, 0.02752685546875
1.347989797592163, 0.027667999267578125
1.336296796798706, 0.02773451805114746
1.3532274961471558, 0.02781391143798828
1.3532395362854004, 0.02780771255493164
1.3497529029846191, 0.02803182601928711
1.3427329063415527, 0.027437686920166016
1.3470008373260498, 0.02796173095703125
1.3499720096588135, 0.027918338775634766
1.34967041015625, 0.02778911590576172
1.3479045629501343, 0.027649641036987305
1.3501900434494019, 0.027726173400878906
1.340470552444458, 0.027855873107910156
1.3524799346923828, 0.02774667739868164
1.3574469089508057, 0.027861833572387695
1.3565714359283447, 0.02828693389892578
1.3455870151519775, 0.027364015579223633
1.3485846519470215, 0.027641773223876953
1.3463011980056763, 0.02761363983154297
1.3564130067825317, 0.027606964111328125
1.344905138015747, 0.02774357795715332
1.3530468940734863, 0.02775430679321289
1.3514986038208008, 0.02766728401184082
1.3586573600769043, 0.027683734893798828
1.3420097827911377, 0.027763843536376953
1.3534072637557983, 0.02764725685119629
1.3488283157348633, 0.02766132354736328
1.3566343784332275, 0.027692794799804688
1.3458597660064697, 0.027760744094848633
1.3587682247161865, 0.027848482131958008
1.3566381931304932, 0.02783060073852539
1.355350136756897, 0.027870893478393555
1.3545176982879639, 0.027740001678466797
1.359838604927063, 0.027518272399902344
1.353089451789856, 0.027436256408691406
1.341357946395874, 0.027678966522216797
1.3482294082641602, 0.027272462844848633
1.343410849571228, 0.027732372283935547
1.3462002277374268, 0.027655839920043945
1.3525230884552002, 0.02792525291442871
1.3508150577545166, 0.028074026107788086
1.3444178104400635, 0.02814006805419922
1.34629225730896, 0.027320384979248047
1.3495081663131714, 0.027721405029296875
1.342545509338379, 0.027911663055419922
1.3347545862197876, 0.027813196182250977
1.350815773010254, 0.02768540382385254
1.3550208806991577, 0.027774572372436523
1.3382099866867065, 0.027734756469726562
1.3587268590927124, 0.028209447860717773
1.3597087860107422, 0.02737283706665039
1.3621413707733154, 0.028007984161376953
1.3603923320770264, 0.02759861946105957
1.3545260429382324, 0.027303457260131836
1.336991548538208, 0.028010129928588867
1.3544471263885498, 0.02745819091796875
1.3510934114456177, 0.02769947052001953
1.351651668548584, 0.02778792381286621
1.3553880453109741, 0.02732110023498535
1.357253074645996, 0.02767801284790039
1.344839334487915, 0.027642011642456055
1.3489716053009033, 0.02758336067199707
1.3487008810043335, 0.027769804000854492
1.3464938402175903, 0.027840852737426758
1.3497834205627441, 0.027735233306884766
1.3534953594207764, 0.027745485305786133
1.358178973197937, 0.027784109115600586
1.347566843032837, 0.028145790100097656
1.344951868057251, 0.02743363380432129
1.3498802185058594, 0.02765798568725586
1.3529350757598877, 0.027595043182373047
1.3494224548339844, 0.02771592140197754
1.3402560949325562, 0.027822256088256836
1.3528058528900146, 0.027757883071899414
1.3538422584533691, 0.027695178985595703
1.3419761657714844, 0.02775859832763672
1.352712869644165, 0.02814030647277832
1.3562755584716797, 0.02803349494934082
1.350497841835022, 0.02766251564025879
1.3409919738769531, 0.027427196502685547
1.3467061519622803, 0.027739763259887695
1.3514392375946045, 0.027933835983276367
1.3468304872512817, 0.02782273292541504
1.3511450290679932, 0.02780938148498535
1.3603146076202393, 0.027730464935302734
1.3635324239730835, 0.027665376663208008
1.3519752025604248, 0.027802228927612305
1.3537864685058594, 0.027740001678466797
1.352780818939209, 0.027640819549560547
1.3462097644805908, 0.027512073516845703
1.3474137783050537, 0.027759552001953125
1.3463398218154907, 0.027933835983276367
1.3354442119598389, 0.027740955352783203
1.340717077255249, 0.027661561965942383
1.3503344058990479, 0.027542591094970703
1.3558824062347412, 0.027564525604248047
1.3291860818862915, 0.027721881866455078
1.358041763305664, 0.027706623077392578
1.3577227592468262, 0.027689695358276367
1.3383698463439941, 0.027764081954956055
1.3556888103485107, 0.027871370315551758
1.3467007875442505, 0.027843236923217773
1.3582569360733032, 0.027683019638061523
1.3459217548370361, 0.027794361114501953
1.3546115159988403, 0.02763676643371582
1.343076229095459, 0.027849197387695312
1.3503379821777344, 0.027493715286254883
1.3576164245605469, 0.027484416961669922
1.362160563468933, 0.02776193618774414
1.3466852903366089, 0.027810335159301758
1.3442676067352295, 0.027799367904663086
1.35555899143219, 0.02771162986755371
1.3531867265701294, 0.02814340591430664
1.3668391704559326, 0.027945756912231445
1.359318733215332, 0.027801990509033203
1.3383400440216064, 0.027661561965942383
1.347091794013977, 0.027575016021728516
1.3400629758834839, 0.027612686157226562
1.3438348770141602, 0.027718067169189453
1.3499432802200317, 0.02788090705871582
1.355818271636963, 0.027814865112304688
1.351298451423645, 0.027622699737548828
1.3551363945007324, 0.02760601043701172
1.355545997619629, 0.027623891830444336
1.358139991760254, 0.02772688865661621
1.3452117443084717, 0.02755451202392578
1.3563473224639893, 0.027736902236938477
1.3481545448303223, 0.027735233306884766
1.3537638187408447, 0.027764320373535156
1.3508312702178955, 0.027698278427124023
1.347830057144165, 0.02749156951904297
1.3451952934265137, 0.02767038345336914
1.3485771417617798, 0.027782678604125977
1.339769959449768, 0.027827978134155273
1.3428869247436523, 0.02780890464782715
1.3403712511062622, 0.02780437469482422
1.3440062999725342, 0.027753829956054688
1.3454381227493286, 0.027898550033569336
1.3506007194519043, 0.027831315994262695
1.3471970558166504, 0.027570724487304688
1.3513506650924683, 0.02744150161743164
1.347496509552002, 0.02762436866760254
1.3569896221160889, 0.027605533599853516
1.3469589948654175, 0.0277712345123291
1.3486442565917969, 0.028126001358032227
1.3607375621795654, 0.02737879753112793
1.3507592678070068, 0.027875900268554688
1.3493889570236206, 0.02779674530029297
1.3561780452728271, 0.028080224990844727
1.336428165435791, 0.027579069137573242
1.3503941297531128, 0.02768421173095703
1.3562315702438354, 0.027654647827148438
1.3526486158370972, 0.02767014503479004
1.3496675491333008, 0.027834415435791016
1.3488640785217285, 0.027661800384521484
1.3521233797073364, 0.027860403060913086
1.3542859554290771, 0.027710676193237305
1.3445276021957397, 0.027675628662109375
1.3550589084625244, 0.027566194534301758
1.3530230522155762, 0.027745723724365234
1.3506827354431152, 0.02784419059753418
1.3515772819519043, 0.02773118019104004
1.3530985116958618, 0.027636289596557617
1.3460774421691895, 0.027577638626098633
1.3532097339630127, 0.02793431282043457
1.355980634689331, 0.027702808380126953
1.3493101596832275, 0.02779364585876465
1.3407480716705322, 0.02771925926208496
1.3555665016174316, 0.02774953842163086
1.34459388256073, 0.027874231338500977
1.3437272310256958, 0.02795696258544922
1.3501155376434326, 0.027789831161499023
1.3520967960357666, 0.02774810791015625
1.3487071990966797, 0.027779579162597656
1.3439571857452393, 0.027927160263061523
1.3493305444717407, 0.027266502380371094
1.3471932411193848, 0.027601957321166992
1.3575719594955444, 0.02780628204345703
1.3346060514450073, 0.028278350830078125
1.3478708267211914, 0.027745485305786133
1.3517844676971436, 0.027500391006469727
1.3485159873962402, 0.027796268463134766
1.3452773094177246, 0.027970075607299805
1.3530641794204712, 0.02768254280090332
1.3427741527557373, 0.0276336669921875
1.3439738750457764, 0.027989625930786133
1.3414177894592285, 0.027650833129882812
1.3507332801818848, 0.0276949405670166
1.3428881168365479, 0.02977728843688965
1.344092845916748, 0.028033018112182617
1.3408455848693848, 0.027772903442382812
1.3473705053329468, 0.0274350643157959
1.341048240661621, 0.02765345573425293
1.3412129878997803, 0.02792954444885254
1.3443429470062256, 0.027746200561523438
1.3592703342437744, 0.027750015258789062
1.3583142757415771, 0.02776336669921875
1.3489205837249756, 0.027752399444580078
1.3572704792022705, 0.0276339054107666
1.3469151258468628, 0.027599096298217773
1.3422819375991821, 0.02767205238342285
1.3527569770812988, 0.027737855911254883
1.354774832725525, 0.027886629104614258
1.3481892347335815, 0.027996540069580078
1.3477120399475098, 0.027712345123291016
1.3527562618255615, 0.02806711196899414
1.346653938293457, 0.027530431747436523
1.3484455347061157, 0.027578353881835938
1.3542040586471558, 0.02790069580078125
1.3505123853683472, 0.02759575843811035
1.3467073440551758, 0.02759552001953125
1.3457385301589966, 0.027713298797607422
1.3469181060791016, 0.02768111228942871
1.3483201265335083, 0.027878761291503906
1.3395473957061768, 0.027857303619384766
1.353649377822876, 0.027800798416137695
1.3502817153930664, 0.02773284912109375
1.3556921482086182, 0.027848005294799805
1.3524127006530762, 0.027830839157104492
1.3456051349639893, 0.02761530876159668
1.3433986902236938, 0.02773594856262207
1.338175892829895, 0.028061628341674805
1.364080548286438, 0.027670860290527344
1.3494993448257446, 0.027746915817260742
1.3596229553222656, 0.027470827102661133
1.3439136743545532, 0.027642011642456055
1.3450214862823486, 0.0277712345123291
1.3471415042877197, 0.027546405792236328
1.3454766273498535, 0.027660131454467773
1.3540947437286377, 0.02769613265991211
1.3439552783966064, 0.02785944938659668
1.3534014225006104, 0.027828693389892578
1.3476693630218506, 0.02764892578125
1.352529525756836, 0.02768683433532715
1.3481192588806152, 0.02769923210144043
1.359596610069275, 0.02770066261291504
1.345840334892273, 0.028119564056396484
1.3497172594070435, 0.027301549911499023
1.3481336832046509, 0.02777552604675293
1.3446986675262451, 0.028179645538330078
1.3483034372329712, 0.027365446090698242
1.3558318614959717, 0.0280454158782959
1.3608436584472656, 0.02778005599975586
1.3407553434371948, 0.02780437469482422
1.3532718420028687, 0.02766704559326172
1.3567016124725342, 0.027767658233642578
1.3428304195404053, 0.027790307998657227
1.3375794887542725, 0.027667760848999023
1.3524250984191895, 0.027762174606323242
1.345860242843628, 0.02779555320739746
1.3449639081954956, 0.027841567993164062
1.354056477546692, 0.027962923049926758
1.3604836463928223, 0.027776479721069336
1.3527865409851074, 0.02770543098449707
1.3533796072006226, 0.027823925018310547
1.3498311042785645, 0.0277099609375
1.3404910564422607, 0.02764582633972168
1.3524785041809082, 0.02828669548034668
1.3461374044418335, 0.027242660522460938
1.3388745784759521, 0.027495622634887695
1.3588379621505737, 0.02756500244140625
1.3649132251739502, 0.02718329429626465
1.3596014976501465, 0.027697324752807617
1.346211552619934, 0.02778315544128418
1.3577663898468018, 0.027728557586669922
1.3479278087615967, 0.027684926986694336
1.3508566617965698, 0.027776718139648438
1.350736141204834, 0.02774214744567871
1.367126226425171, 0.027779579162597656
1.3542888164520264, 0.027805805206298828
1.3495259284973145, 0.027760982513427734
1.3365222215652466, 0.027929306030273438
1.3626601696014404, 0.02786540985107422
1.3509753942489624, 0.027770519256591797
1.3551597595214844, 0.02779841423034668
1.3483258485794067, 0.027548789978027344
1.3465412855148315, 0.027622222900390625
1.3487977981567383, 0.027768373489379883
1.3602417707443237, 0.027649402618408203
1.3596763610839844, 0.02760624885559082
1.345043420791626, 0.027605533599853516
1.3406888246536255, 0.02780628204345703
1.3461451530456543, 0.02783823013305664
1.346029281616211, 0.027724027633666992
1.350261926651001, 0.027723073959350586
1.3491618633270264, 0.027968883514404297
1.3401813507080078, 0.02777266502380371
1.3485124111175537, 0.027675867080688477
1.3516567945480347, 0.02782273292541504
1.3625802993774414, 0.027767419815063477
1.356818437576294, 0.027765750885009766
1.3518325090408325, 0.027733564376831055
1.3446944952011108, 0.02800130844116211
1.3454612493515015, 0.02746295928955078
1.348555326461792, 0.027487993240356445
1.3416951894760132, 0.02771472930908203
1.3558071851730347, 0.027760028839111328
1.3408448696136475, 0.027700424194335938
1.3491171598434448, 0.028048992156982422
1.3516680002212524, 0.027631521224975586
1.3501546382904053, 0.027472257614135742
1.356154441833496, 0.027649879455566406
1.3612288236618042, 0.027609586715698242
1.3571069240570068, 0.027692556381225586
1.3481764793395996, 0.027863502502441406
1.337937593460083, 0.027908802032470703
1.348283290863037, 0.027787446975708008
1.344440221786499, 0.0277101993560791
1.3530396223068237, 0.02796769142150879
1.343991756439209, 0.027645349502563477
1.3439126014709473, 0.027438879013061523
1.362372636795044, 0.027698278427124023
1.3442554473876953, 0.027736186981201172
1.3362364768981934, 0.027740478515625
1.3430296182632446, 0.02779102325439453
1.3442087173461914, 0.027747631072998047
1.3458919525146484, 0.02776932716369629
1.3410968780517578, 0.028115510940551758
1.3470969200134277, 0.027478456497192383
1.3540925979614258, 0.02779102325439453
1.3629170656204224, 0.027875900268554688
1.3429299592971802, 0.027930021286010742
1.353821039199829, 0.02762293815612793
1.3571239709854126, 0.02830052375793457
1.352527379989624, 0.027173519134521484
1.342444896697998, 0.027646780014038086
1.3536038398742676, 0.027492284774780273
1.345217227935791, 0.027615785598754883
1.3468430042266846, 0.027586936950683594
1.3510160446166992, 0.02777576446533203
1.3659344911575317, 0.02795553207397461
1.3525625467300415, 0.027680635452270508
1.3464465141296387, 0.027878999710083008
1.3487777709960938, 0.027889013290405273
1.3388659954071045, 0.02803516387939453
1.3464844226837158, 0.027225255966186523
1.354034423828125, 0.0278778076171875
1.3628509044647217, 0.02773427963256836
1.350640058517456, 0.027742862701416016
1.3494917154312134, 0.02806568145751953
1.3573113679885864, 0.02724742889404297
1.351546287536621, 0.027731895446777344
1.365939974784851, 0.027844905853271484
1.3462491035461426, 0.02772688865661621
1.343616008758545, 0.027698278427124023
1.3515489101409912, 0.027699947357177734
1.3510651588439941, 0.027741193771362305
1.345489501953125, 0.02792811393737793
1.3526628017425537, 0.027897119522094727
1.3545993566513062, 0.027616262435913086
1.3525376319885254, 0.027618885040283203
1.3551115989685059, 0.027612686157226562
1.3618676662445068, 0.027736186981201172
1.3463871479034424, 0.02791428565979004
1.3427194356918335, 0.027734041213989258
1.3498176336288452, 0.02769613265991211
1.3397339582443237, 0.027750253677368164
1.3449108600616455, 0.027724742889404297
1.3547561168670654, 0.02772808074951172
1.3490102291107178, 0.027621030807495117
1.3505914211273193, 0.027636289596557617
1.3601617813110352, 0.027662992477416992
1.3463923931121826, 0.02761387825012207
1.3326424360275269, 0.02759385108947754
1.344688892364502, 0.027856826782226562
1.350076675415039, 0.0277860164642334
1.3527812957763672, 0.028090476989746094
1.362653374671936, 0.027453899383544922
1.3512054681777954, 0.027706146240234375
1.3487911224365234, 0.02807760238647461
1.3377076387405396, 0.02748560905456543
1.3619036674499512, 0.027997493743896484
1.3522167205810547, 0.027484416961669922
1.3544888496398926, 0.027758121490478516
1.3622920513153076, 0.027713298797607422
1.346135139465332, 0.02765941619873047
1.3367522954940796, 0.02768707275390625
1.3535734415054321, 0.02756977081298828
1.3481327295303345, 0.027793169021606445
1.358203649520874, 0.028253555297851562
1.3571422100067139, 0.027645349502563477
1.3459835052490234, 0.027326107025146484
1.345510721206665, 0.027676105499267578
1.3452935218811035, 0.0278933048248291
1.3527077436447144, 0.027675628662109375
1.346049427986145, 0.027499914169311523
1.3707711696624756, 0.027512788772583008
1.3519916534423828, 0.02780294418334961
1.3535455465316772, 0.02778339385986328
1.3446935415267944, 0.02779245376586914
1.340004801750183, 0.027983665466308594
1.3587071895599365, 0.027115821838378906
1.3442624807357788, 0.03184223175048828
1.3493452072143555, 0.02393364906311035
1.3529081344604492, 0.027656078338623047
1.3514645099639893, 0.027597665786743164
1.3502745628356934, 0.027459383010864258
1.3457149267196655, 0.027663230895996094
1.355951189994812, 0.027865171432495117
1.3489419221878052, 0.027672290802001953
1.3531453609466553, 0.02799820899963379
1.3520395755767822, 0.02797698974609375
1.3527767658233643, 0.028060197830200195
1.3491507768630981, 0.027836322784423828
1.3509268760681152, 0.027832746505737305
1.3523039817810059, 0.027832984924316406
1.3554918766021729, 0.02771282196044922
1.3456940650939941, 0.02776932716369629
1.3488777875900269, 0.027781963348388672
1.3504350185394287, 0.027803421020507812
1.3550653457641602, 0.027714014053344727
1.356436014175415, 0.027701377868652344
1.3484976291656494, 0.02775740623474121
1.355473279953003, 0.027788877487182617
1.3514270782470703, 0.02781367301940918
1.3577256202697754, 0.027827978134155273
1.345245361328125, 0.027803421020507812
1.349471092224121, 0.02768564224243164
1.345367193222046, 0.02757096290588379
1.343055248260498, 0.02761387825012207
1.3539128303527832, 0.027572154998779297
1.3558794260025024, 0.02773761749267578
1.3366904258728027, 0.027571678161621094
1.3568785190582275, 0.02761101722717285
1.35347318649292, 0.02768087387084961
1.3596901893615723, 0.02761983871459961
1.3533580303192139, 0.027784347534179688
1.351438283920288, 0.027904033660888672
1.3494912385940552, 0.027869224548339844
1.3476868867874146, 0.027753353118896484
1.3558521270751953, 0.02765488624572754
1.353865623474121, 0.027514219284057617
1.3508021831512451, 0.027672290802001953
1.3466155529022217, 0.0276031494140625
1.3506343364715576, 0.027705907821655273
1.3555166721343994, 0.02777886390686035
1.3507449626922607, 0.02777695655822754
1.361567735671997, 0.027765274047851562
1.3553423881530762, 0.027811288833618164
1.340814471244812, 0.028041601181030273
1.3402960300445557, 0.02802443504333496
1.3441002368927002, 0.027666568756103516
1.355805516242981, 0.027442216873168945
1.3519372940063477, 0.0280303955078125
1.3482990264892578, 0.02738475799560547
1.3477277755737305, 0.02786111831665039
1.3506808280944824, 0.02769637107849121
1.3525733947753906, 0.02778172492980957
1.3613853454589844, 0.027731657028198242
1.3482364416122437, 0.027762651443481445
1.3456389904022217, 0.02817392349243164
1.3573782444000244, 0.02744770050048828
1.3453342914581299, 0.027642488479614258
1.3556206226348877, 0.027594327926635742
1.35087251663208, 0.02790379524230957
1.3476333618164062, 0.027254343032836914
1.3533909320831299, 0.027997255325317383
1.3629075288772583, 0.027620792388916016
1.3389017581939697, 0.027437210083007812
1.3551928997039795, 0.02776479721069336
1.3454508781433105, 0.027571439743041992
1.3410143852233887, 0.027674198150634766
1.346442699432373, 0.0279085636138916
1.3561930656433105, 0.027692794799804688
1.3524284362792969, 0.027730703353881836
1.3468530178070068, 0.027677536010742188
1.348865032196045, 0.027750253677368164
1.3465995788574219, 0.02780437469482422
1.3441749811172485, 0.02823495864868164
1.3467812538146973, 0.02745962142944336
1.3450007438659668, 0.028173446655273438
1.3431241512298584, 0.0278167724609375
1.3419382572174072, 0.0274202823638916
1.3577768802642822, 0.027873754501342773
1.3385581970214844, 0.027697324752807617
1.3516294956207275, 0.028067350387573242
1.35801362991333, 0.02763986587524414
1.346787929534912, 0.027756452560424805
1.3589985370635986, 0.02778148651123047
1.3425416946411133, 0.027747631072998047
1.340179443359375, 0.02772068977355957
1.3514597415924072, 0.028247594833374023
1.353318214416504, 0.027350902557373047
1.3530137538909912, 0.027799367904663086
1.340041160583496, 0.027983903884887695
1.3480329513549805, 0.02750372886657715
1.3594164848327637, 0.027342557907104492
1.3656072616577148, 0.0279080867767334
1.3527709245681763, 0.027860403060913086
1.3405804634094238, 0.027286052703857422
1.3547167778015137, 0.028381824493408203
1.3486933708190918, 0.02708888053894043
1.3492348194122314, 0.027939319610595703
1.357791543006897, 0.02741217613220215
1.355452299118042, 0.027676820755004883
1.3451664447784424, 0.027721166610717773
1.3453060388565063, 0.027789592742919922
1.3452258110046387, 0.028128623962402344
1.3592662811279297, 0.027507305145263672
1.352055549621582, 0.027712106704711914
1.3539812564849854, 0.027727127075195312
1.3414292335510254, 0.027619361877441406
1.3399828672409058, 0.027651548385620117
1.3613495826721191, 0.027699708938598633
1.3461320400238037, 0.027752161026000977
1.3554089069366455, 0.02789473533630371
1.352954387664795, 0.027843713760375977
1.3537487983703613, 0.0277407169342041
1.359006404876709, 0.027771711349487305
1.3390463590621948, 0.027784347534179688
1.3443665504455566, 0.027748584747314453
1.3510477542877197, 0.02806997299194336
1.3336222171783447, 0.027666330337524414
1.3540964126586914, 0.027770280838012695
1.3500471115112305, 0.028063297271728516
1.348230004310608, 0.02733445167541504
1.349839448928833, 0.027783870697021484
1.3518540859222412, 0.027683496475219727
1.3459110260009766, 0.027742624282836914
1.3473684787750244, 0.027496337890625
1.3440728187561035, 0.027504920959472656
1.3550381660461426, 0.02787947654724121
1.3400259017944336, 0.027293920516967773
1.3476738929748535, 0.02772831916809082
1.3516507148742676, 0.028033971786499023
1.352660059928894, 0.027329683303833008
1.3481682538986206, 0.027811288833618164
1.3460195064544678, 0.027737140655517578
1.3463549613952637, 0.02779364585876465
1.3518714904785156, 0.027806520462036133
1.343435287475586, 0.028136253356933594
1.3476481437683105, 0.02720785140991211
1.3516123294830322, 0.027636051177978516
1.3507075309753418, 0.027807950973510742
1.3511409759521484, 0.02783799171447754
1.3521473407745361, 0.027654170989990234
1.3455649614334106, 0.02783679962158203
1.362680196762085, 0.027669191360473633
1.354414701461792, 0.02788233757019043
1.3518118858337402, 0.027891159057617188
1.3351714611053467, 0.027872323989868164
1.3436710834503174, 0.02778935432434082
1.3639874458312988, 0.027869462966918945
1.3493196964263916, 0.02779412269592285
1.3572742938995361, 0.02765822410583496
1.3443065881729126, 0.027739286422729492
1.346313714981079, 0.027813196182250977
1.351468801498413, 0.027470111846923828
1.3546264171600342, 0.027875900268554688
1.3435970544815063, 0.027634859085083008
1.3434991836547852, 0.027700424194335938
1.3542211055755615, 0.027736425399780273
1.3621265888214111, 0.027685880661010742
1.3590826988220215, 0.027647972106933594
1.3530718088150024, 0.0277862548828125
1.3425822257995605, 0.02783513069152832
1.3399134874343872, 0.027938127517700195
1.351407527923584, 0.02758622169494629
1.347233533859253, 0.027376651763916016
1.3536198139190674, 0.02732992172241211
1.3644537925720215, 0.027575969696044922
1.352162480354309, 0.027722597122192383
1.3572858572006226, 0.027735471725463867
1.3655295372009277, 0.027735471725463867
1.34788179397583, 0.028012514114379883
1.345799207687378, 0.027425289154052734
1.3535155057907104, 0.02775430679321289
1.3438720703125, 0.027663707733154297
1.356964349746704, 0.027718305587768555
1.3471224308013916, 0.027992963790893555
1.3525543212890625, 0.027609586715698242
1.3402694463729858, 0.027886152267456055
1.3529422283172607, 0.027728796005249023
1.345121145248413, 0.027802705764770508
1.35072660446167, 0.027805328369140625
1.3530126810073853, 0.02768850326538086
1.3561376333236694, 0.027872562408447266
1.3521966934204102, 0.027629613876342773
1.3585785627365112, 0.02812790870666504
1.3466099500656128, 0.027419328689575195
1.343578577041626, 0.027662992477416992
1.3522231578826904, 0.02770519256591797
1.3602591753005981, 0.02863335609436035
1.3522884845733643, 0.027482986450195312
1.3371236324310303, 0.02792072296142578
1.3555924892425537, 0.028133392333984375
1.3479498624801636, 0.02711653709411621
1.348819375038147, 0.0278167724609375
1.3485459089279175, 0.02782273292541504
1.3535733222961426, 0.027665376663208008
1.3480496406555176, 0.027537822723388672
1.3502198457717896, 0.027802467346191406
1.3503700494766235, 0.02785634994506836
1.3541440963745117, 0.027718305587768555
1.3369526863098145, 0.027654647827148438
1.366951584815979, 0.02773284912109375
1.3579628467559814, 0.02770400047302246
1.3551934957504272, 0.028177738189697266
1.357337236404419, 0.02728557586669922
1.3553235530853271, 0.027716875076293945
1.3415939807891846, 0.027546167373657227
1.352439284324646, 0.02761054039001465
1.3465092182159424, 0.027747392654418945
1.3631360530853271, 0.02775263786315918
1.3485867977142334, 0.027768611907958984
1.3549937009811401, 0.027774333953857422
1.3517978191375732, 0.027698755264282227
1.3518619537353516, 0.027842044830322266
1.3386001586914062, 0.027817249298095703
1.354238748550415, 0.027998924255371094
1.3543063402175903, 0.027581214904785156
1.3512786626815796, 0.02779698371887207
1.3508654832839966, 0.028089523315429688
1.361844778060913, 0.0055539608001708984
1.341326117515564, 0.005093097686767578
1.3462128639221191, 0.005403041839599609
1.3520276546478271, 0.02346205711364746
1.3475314378738403, 0.027544260025024414
1.3452924489974976, 0.02755141258239746
1.3424623012542725, 0.027891159057617188
1.3574187755584717, 0.028258085250854492
1.345089077949524, 0.027813196182250977
1.3698042631149292, 0.028070449829101562
1.358372449874878, 0.028017282485961914
1.3418006896972656, 0.027785301208496094
1.3579199314117432, 0.027703285217285156
1.354154109954834, 0.027564287185668945
1.3588616847991943, 0.02818131446838379
1.355418086051941, 0.02727365493774414
1.3489835262298584, 0.02760171890258789
1.3481272459030151, 0.02757096290588379
1.3546454906463623, 0.027804851531982422
1.3397703170776367, 0.027919769287109375
1.3449389934539795, 0.0280458927154541
1.3487266302108765, 0.027336597442626953
1.3505051136016846, 0.02777242660522461
1.3498270511627197, 0.028435707092285156
1.3459817171096802, 0.02785015106201172
1.3409771919250488, 0.027726173400878906
1.3413493633270264, 0.02756357192993164
1.3513832092285156, 0.02770519256591797
1.3338979482650757, 0.027951478958129883
1.3449517488479614, 0.028038501739501953
1.3548474311828613, 0.027469635009765625
1.3579342365264893, 0.027803659439086914
1.3440566062927246, 0.027985572814941406
1.336662769317627, 0.027871131896972656
1.3416907787322998, 0.02818155288696289
1.3606722354888916, 0.027409791946411133
1.3482909202575684, 0.028199195861816406
1.3566805124282837, 0.027150630950927734
1.3455148935317993, 0.027888774871826172
1.3497462272644043, 0.027784347534179688
1.3602912425994873, 0.02772355079650879
1.3522380590438843, 0.02783942222595215
1.3492149114608765, 0.02808833122253418
1.3404420614242554, 0.028822660446166992
1.3531479835510254, 0.027881622314453125
1.3457865715026855, 0.0275576114654541
1.3451776504516602, 0.027183055877685547
1.3618509769439697, 0.02804422378540039
1.3457739353179932, 0.027223825454711914
1.3437118530273438, 0.02767658233642578
1.3553478717803955, 0.027692556381225586
1.3529826402664185, 0.02761697769165039
1.3499044179916382, 0.02799057960510254
1.3507989645004272, 0.02736496925354004
1.3449888229370117, 0.02768111228942871
1.340085744857788, 0.027796030044555664
1.3292231559753418, 0.027706384658813477
1.3417164087295532, 0.027853965759277344
1.3517167568206787, 0.028146028518676758
1.356042504310608, 0.027088165283203125
1.3494703769683838, 0.027678489685058594
1.352546215057373, 0.027745962142944336
1.3611410856246948, 0.02776026725769043
1.352393388748169, 0.027637243270874023
1.3501849174499512, 0.02811264991760254
1.3480119705200195, 0.02768230438232422
1.3573658466339111, 0.02776193618774414
1.3547841310501099, 0.02769327163696289
1.3477848768234253, 0.02810215950012207
1.336247444152832, 0.027713298797607422
1.3539619445800781, 0.027320146560668945
1.3475772142410278, 0.027746915817260742
1.3395401239395142, 0.02812480926513672
1.3538455963134766, 0.027614593505859375
1.3542194366455078, 0.027608871459960938
1.344022512435913, 0.027967214584350586
1.35127592086792, 0.027553558349609375
1.3622409105300903, 0.02759575843811035
1.3553845882415771, 0.027462005615234375
1.345107078552246, 0.027709007263183594
1.350285291671753, 0.028298139572143555
1.345597505569458, 0.027080059051513672
1.3582446575164795, 0.0277407169342041
1.3492182493209839, 0.027760028839111328
1.342090368270874, 0.027724504470825195
1.3480336666107178, 0.027745962142944336
1.3489995002746582, 0.027658462524414062
1.3420050144195557, 0.028140783309936523
1.3613640069961548, 0.02746725082397461
1.3556108474731445, 0.027849674224853516
1.3489768505096436, 0.027682781219482422
1.3514065742492676, 0.02768564224243164
1.3528990745544434, 0.02783942222595215
1.3398011922836304, 0.027706623077392578
1.357734203338623, 0.0277252197265625
1.3418660163879395, 0.027724742889404297
1.3645700216293335, 0.02767181396484375
1.3600441217422485, 0.027827978134155273
1.346712589263916, 0.02770209312438965
1.3520007133483887, 0.02779531478881836
1.3488833904266357, 0.028139114379882812
1.3441370725631714, 0.027521848678588867
1.3520915508270264, 0.02745842933654785
1.349169373512268, 0.027774333953857422
1.3462094068527222, 0.027754545211791992
1.3514087200164795, 0.028216123580932617
1.3404347896575928, 0.027231216430664062
1.3478193283081055, 0.02801990509033203
1.351928949356079, 0.027338027954101562
1.3519928455352783, 0.027894020080566406
1.3543524742126465, 0.02745532989501953
1.344620704650879, 0.027866125106811523
1.3362972736358643, 0.027838468551635742
1.3551965951919556, 0.027698040008544922
1.3559552431106567, 0.027724742889404297
1.347547173500061, 0.02772974967956543
1.3525261878967285, 0.027928829193115234
1.3657548427581787, 0.027611494064331055
1.3649356365203857, 0.027680158615112305
1.3500057458877563, 0.02787947654724121
1.3536092042922974, 0.0281679630279541
1.3450103998184204, 0.027851343154907227
1.3381866216659546, 0.027791738510131836
1.3346514701843262, 0.027512788772583008
1.353169560432434, 0.02762603759765625
1.3363229036331177, 0.02758169174194336
1.3392088413238525, 0.027704238891601562
1.3544362783432007, 0.027619123458862305
1.3484294414520264, 0.02781510353088379
1.356031894683838, 0.027679443359375
1.3501394987106323, 0.027820587158203125
1.3455219268798828, 0.02812051773071289
1.348294973373413, 0.02762603759765625
1.3412573337554932, 0.027718782424926758
1.3450379371643066, 0.027758121490478516
1.3561952114105225, 0.02789020538330078
1.3540394306182861, 0.027373313903808594
1.3508646488189697, 0.02757120132446289
1.3608342409133911, 0.027770280838012695
1.3414502143859863, 0.02782750129699707
1.3491156101226807, 0.027899503707885742
1.3494133949279785, 0.028373003005981445
1.357283353805542, 0.02713799476623535
1.3459113836288452, 0.02764129638671875
1.3576536178588867, 0.027644872665405273
1.3440179824829102, 0.02777719497680664
1.3539961576461792, 0.02776312828063965
1.3407176733016968, 0.02795696258544922
1.3469595909118652, 0.02763533592224121
1.3624505996704102, 0.027889251708984375
1.3380839824676514, 0.027556180953979492
1.3499932289123535, 0.027619123458862305
1.3415201902389526, 0.02779865264892578
1.351603388786316, 0.02756476402282715
1.355090618133545, 0.02775287628173828
1.350231409072876, 0.0277864933013916
1.3508214950561523, 0.028196334838867188
1.358327031135559, 0.02727508544921875
1.3322292566299438, 0.027772188186645508
1.3502358198165894, 0.027777671813964844
1.358140230178833, 0.027616024017333984
1.3462865352630615, 0.027635812759399414
1.357375144958496, 0.028007984161376953
1.3414386510849, 0.027672290802001953
1.349006175994873, 0.02756953239440918
1.3538190126419067, 0.027721881866455078
1.3541334867477417, 0.02793598175048828
1.3463091850280762, 0.027670621871948242
1.360154390335083, 0.027759075164794922
1.3445450067520142, 0.027686595916748047
1.354077696800232, 0.027448415756225586
1.351163625717163, 0.027792930603027344
1.3438684940338135, 0.02773427963256836
1.34108304977417, 0.02796649932861328
1.3428704738616943, 0.02729034423828125
1.3492546081542969, 0.027759313583374023
1.347997784614563, 0.027810096740722656
1.3612310886383057, 0.028020381927490234
1.3475689888000488, 0.027887821197509766
1.351341962814331, 0.02775740623474121
1.3465018272399902, 0.02774667739868164
1.3635950088500977, 0.027856826782226562
1.3618065118789673, 0.02779364585876465
1.3418195247650146, 0.027677536010742188
1.3403196334838867, 0.027647733688354492
1.3455604314804077, 0.027442216873168945
1.3462318181991577, 0.027800798416137695
1.3479750156402588, 0.028018712997436523
1.3371063470840454, 0.027652740478515625
1.3556547164916992, 0.02813124656677246
1.3499164581298828, 0.027296066284179688
1.3415290117263794, 0.02762746810913086
1.3364810943603516, 0.027583599090576172
1.3623132705688477, 0.02745509147644043
1.3500893115997314, 0.027771472930908203
1.3538761138916016, 0.02771472930908203
1.3404643535614014, 0.027643442153930664
1.3392751216888428, 0.027781009674072266
1.3490636348724365, 0.027683496475219727
1.3553448915481567, 0.0277407169342041
1.3524415493011475, 0.02793288230895996
1.3520541191101074, 0.027704238891601562
1.3517041206359863, 0.027733564376831055
1.3566858768463135, 0.027624845504760742
1.3465182781219482, 0.027729034423828125
1.355949878692627, 0.027954578399658203
1.350604772567749, 0.02733159065246582
1.3478879928588867, 0.02792811393737793
1.3633639812469482, 0.027794361114501953
1.350290060043335, 0.027785062789916992
1.3456922769546509, 0.027759790420532227
1.3562310934066772, 0.02773451805114746
1.3451802730560303, 0.027922868728637695
1.3511804342269897, 0.027894020080566406
1.3448209762573242, 0.027777671813964844
1.3435083627700806, 0.027903318405151367
1.3496785163879395, 0.028025388717651367
1.3459113836288452, 0.027288198471069336
1.350874662399292, 0.027742862701416016
1.346912145614624, 0.02781081199645996
1.3501167297363281, 0.027752399444580078
1.3481765985488892, 0.0276949405670166
1.362643837928772, 0.027988195419311523
1.3597139120101929, 0.027771711349487305
1.3591609001159668, 0.027736902236938477
1.3567934036254883, 0.02794790267944336
1.3576301336288452, 0.02745676040649414
1.3520673513412476, 0.02758193016052246
1.35064697265625, 0.027756929397583008
1.3540420532226562, 0.02765798568725586
1.3422234058380127, 0.027527332305908203
1.341742753982544, 0.02755880355834961
1.343723177909851, 0.027809619903564453
1.3476005792617798, 0.027652740478515625
1.3443048000335693, 0.027573347091674805
1.3440238237380981, 0.027663230895996094
1.3570821285247803, 0.027695894241333008
1.3439249992370605, 0.027841806411743164
1.3511208295822144, 0.027777671813964844
1.354493260383606, 0.0276644229888916
1.3591010570526123, 0.02788519859313965
1.3502894639968872, 0.027809619903564453
1.3571683168411255, 0.0276491641998291
1.3465464115142822, 0.02780628204345703
1.3495107889175415, 0.02756357192993164
1.3633334636688232, 0.02773880958557129
1.350130319595337, 0.02781224250793457
1.3623024225234985, 0.028050661087036133
1.353241205215454, 0.0274808406829834
1.3612595796585083, 0.027715206146240234
1.3528399467468262, 0.02810811996459961
1.3476495742797852, 0.02756524085998535
1.3505913019180298, 0.027794361114501953
1.3399479389190674, 0.027673959732055664
1.351533055305481, 0.027959585189819336
1.3557422161102295, 0.02753162384033203
1.3486273288726807, 0.02799510955810547
1.3563263416290283, 0.027740955352783203
1.3479820489883423, 0.028069496154785156
1.3429265022277832, 0.027263641357421875
1.355276107788086, 0.027657270431518555
1.3460451364517212, 0.027853012084960938
1.348100185394287, 0.0275418758392334
1.3542277812957764, 0.027587890625
1.3553301095962524, 0.027625083923339844
1.358083963394165, 0.027621746063232422
1.3528027534484863, 0.027657270431518555
1.3559179306030273, 0.027573108673095703
1.3528380393981934, 0.027789592742919922
1.3487862348556519, 0.02819967269897461
1.3496103286743164, 0.027310609817504883
1.3499318361282349, 0.027915239334106445
1.353410243988037, 0.027372360229492188
1.3555272817611694, 0.027932405471801758
1.3500468730926514, 0.027987241744995117
1.365084171295166, 0.027804136276245117
1.3511587381362915, 0.027637243270874023
1.3605141639709473, 0.02755451202392578
1.3517651557922363, 0.027767658233642578
1.356890320777893, 0.027972936630249023
1.358341932296753, 0.027555465698242188
1.340871810913086, 0.0276339054107666
1.338242530822754, 0.027819156646728516
1.3415039777755737, 0.027788877487182617
1.3569438457489014, 0.027763843536376953
1.3518987894058228, 0.02775859832763672
1.3377034664154053, 0.027654647827148438
1.3435792922973633, 0.027767658233642578
1.3440086841583252, 0.02778768539428711
1.3408031463623047, 0.027752399444580078
1.3491599559783936, 0.027760982513427734
1.3305951356887817, 0.027796506881713867
1.3553071022033691, 0.02790236473083496
1.3559260368347168, 0.027790546417236328
1.339284062385559, 0.02776026725769043
1.341665267944336, 0.0278623104095459
1.3566632270812988, 0.02764749526977539
1.3583135604858398, 0.027832746505737305
1.360245704650879, 0.027523517608642578
1.366013526916504, 0.027545452117919922
1.337956190109253, 0.027540922164916992
1.3469884395599365, 0.027818918228149414
1.3394593000411987, 0.028035640716552734
1.3488116264343262, 0.027495622634887695
1.3468648195266724, 0.027882814407348633
1.3464775085449219, 0.02786111831665039
1.3487229347229004, 0.027730941772460938
1.3428269624710083, 0.027718305587768555
1.3577630519866943, 0.027559518814086914
1.3495802879333496, 0.02763199806213379
1.3453028202056885, 0.02762007713317871
1.3543742895126343, 0.027724742889404297
1.3607159852981567, 0.027999162673950195
1.3426597118377686, 0.027590513229370117
1.3543908596038818, 0.027358293533325195
1.352221965789795, 0.027823925018310547
1.357434868812561, 0.027828454971313477
1.34326171875, 0.027764320373535156
1.3494696617126465, 0.027756452560424805
1.366506576538086, 0.02776956558227539
1.3457633256912231, 0.027786970138549805
1.363445520401001, 0.027980327606201172
1.3514546155929565, 0.027728557586669922
1.3603596687316895, 0.027713298797607422
1.3455575704574585, 0.02802133560180664
1.3308987617492676, 0.027563810348510742
1.3613808155059814, 0.027735233306884766
1.3482081890106201, 0.027719974517822266
1.3428397178649902, 0.0277862548828125
1.3391032218933105, 0.027814149856567383
1.3466187715530396, 0.02830815315246582
1.350862979888916, 0.028093338012695312
1.3597588539123535, 0.026650667190551758
1.354304313659668, 0.027550458908081055
1.349771499633789, 0.027787446975708008
1.3555763959884644, 0.0276486873626709
1.3516058921813965, 0.027750015258789062
1.3366379737854004, 0.02770853042602539
1.3417890071868896, 0.02809882164001465
1.3509197235107422, 0.027581214904785156
1.347898006439209, 0.02736639976501465
1.3438161611557007, 0.02769613265991211
1.3615425825119019, 0.027760028839111328
1.3498163223266602, 0.027890443801879883
1.3421211242675781, 0.027698516845703125
1.350961446762085, 0.027561664581298828
1.352431058883667, 0.027688026428222656
1.3570952415466309, 0.027911901473999023
1.3545563220977783, 0.027550220489501953
1.3512654304504395, 0.027852535247802734
1.343761682510376, 0.02778339385986328
1.3552268743515015, 0.02779221534729004
1.349083662033081, 0.027844905853271484
1.3432183265686035, 0.027762413024902344
1.3519370555877686, 0.027837276458740234
1.357661485671997, 0.027657270431518555
1.3492529392242432, 0.0277559757232666
1.3578145503997803, 0.027931928634643555
1.3541256189346313, 0.02774524688720703
1.3561482429504395, 0.02782750129699707
1.345177173614502, 0.027677297592163086
1.3449711799621582, 0.02776479721069336
1.3568825721740723, 0.02798748016357422
1.3494430780410767, 0.02750372886657715
1.3483937978744507, 0.027677297592163086
1.3395947217941284, 0.027662992477416992
1.3521320819854736, 0.027838706970214844
1.3534207344055176, 0.027355432510375977
1.351073980331421, 0.027420759201049805
1.3516851663589478, 0.027742385864257812
1.3519608974456787, 0.027834177017211914
1.3419800996780396, 0.027910947799682617
1.3427602052688599, 0.027204275131225586
1.3473789691925049, 0.027916431427001953
1.354144811630249, 0.027590036392211914
1.3644437789916992, 0.027835369110107422
1.353376865386963, 0.027915000915527344
1.34776771068573, 0.02773284912109375
1.3463928699493408, 0.027904272079467773
1.3558154106140137, 0.02781820297241211
1.3476519584655762, 0.02776169776916504
1.3566343784332275, 0.027627229690551758
1.3586533069610596, 0.027819395065307617
1.3335208892822266, 0.02774190902709961
1.3353774547576904, 0.028564453125
1.3453919887542725, 0.027467012405395508
1.348196029663086, 0.027930021286010742
1.352785587310791, 0.027384042739868164
1.3623899221420288, 0.0277101993560791
1.362762451171875, 0.027576208114624023
1.3537461757659912, 0.027645587921142578
1.3560718297958374, 0.027748823165893555
1.348239779472351, 0.027506351470947266
1.3447660207748413, 0.0277860164642334
1.3473865985870361, 0.027795076370239258
1.3468148708343506, 0.02777266502380371
1.351461410522461, 0.02790045738220215
1.357130527496338, 0.027912616729736328
1.3647068738937378, 0.027674198150634766
1.350831389427185, 0.027542591094970703
1.348441243171692, 0.027535438537597656
1.345513105392456, 0.027615070343017578
1.3479092121124268, 0.027451038360595703
1.3471179008483887, 0.027706623077392578
1.3568353652954102, 0.028031349182128906
1.3584375381469727, 0.027524232864379883
1.3406651020050049, 0.028089523315429688
1.3432750701904297, 0.027297019958496094
1.354717493057251, 0.02756500244140625
1.3552818298339844, 0.028037309646606445
1.3484768867492676, 0.027994155883789062
1.3517749309539795, 0.027431964874267578
1.3509390354156494, 0.027431488037109375
1.35690438747406, 0.027841567993164062
1.3549268245697021, 0.028226375579833984
1.342435359954834, 0.0273592472076416
1.340147614479065, 0.027852296829223633
1.3532472848892212, 0.027672767639160156
1.3507225513458252, 0.027739286422729492
1.3588800430297852, 0.027929067611694336
1.347182035446167, 0.027853965759277344
1.3528459072113037, 0.027626752853393555
1.3487653732299805, 0.027689695358276367
1.3431978225708008, 0.028128862380981445
1.3604846000671387, 0.02756524085998535
1.35843825340271, 0.02762007713317871
1.343522071838379, 0.027669668197631836
1.3556742668151855, 0.0277707576751709
1.3544580936431885, 0.027731657028198242
1.349533200263977, 0.02774524688720703
1.3564436435699463, 0.02776503562927246
1.3462707996368408, 0.02788519859313965
1.3397356271743774, 0.027794837951660156
1.354931354522705, 0.02771615982055664
1.351022720336914, 0.02761077880859375
1.3454054594039917, 0.02756333351135254
1.3473727703094482, 0.02775716781616211
1.350132942199707, 0.027727842330932617
1.353696346282959, 0.027588844299316406
1.3571786880493164, 0.027959108352661133
1.3554741144180298, 0.02793574333190918
1.3517229557037354, 0.027820825576782227
1.3644847869873047, 0.02783346176147461
1.3497037887573242, 0.027476787567138672
1.3419103622436523, 0.027545452117919922
1.346207857131958, 0.027888774871826172
1.3428102731704712, 0.027298927307128906
1.3450238704681396, 0.02788376808166504
1.344603180885315, 0.027985095977783203
1.3547576665878296, 0.02741527557373047
1.3557770252227783, 0.027845144271850586
1.3499857187271118, 0.027770519256591797
1.3603557348251343, 0.027741670608520508
1.351431131362915, 0.02760767936706543
1.365767002105713, 0.027754545211791992
1.3677051067352295, 0.027756690979003906
1.3476088047027588, 0.027789592742919922
1.3533118963241577, 0.027797698974609375
1.3410463333129883, 0.027724266052246094
1.352647304534912, 0.02773594856262207
1.3383458852767944, 0.02779078483581543
1.3520878553390503, 0.027987003326416016
1.3395768404006958, 0.027670860290527344
1.3566486835479736, 0.02727651596069336
1.3414864540100098, 0.027933120727539062
1.3428105115890503, 0.027657270431518555
1.34940505027771, 0.027724027633666992
1.3431293964385986, 0.027860164642333984
1.3506038188934326, 0.027252197265625
1.3565146923065186, 0.02761363983154297
1.3463284969329834, 0.027592897415161133
1.3359661102294922, 0.02778029441833496
1.3508809804916382, 0.027700424194335938
1.3349108695983887, 0.027826309204101562
1.3441829681396484, 0.027746915817260742
1.3460179567337036, 0.027868032455444336
1.3524141311645508, 0.02769613265991211
1.3476799726486206, 0.027745485305786133
1.3571218252182007, 0.027616262435913086
1.3382461071014404, 0.027950525283813477
1.3539307117462158, 0.02755451202392578
1.352769374847412, 0.02765798568725586
1.351467490196228, 0.02797389030456543
1.3456978797912598, 0.027901172637939453
1.3502479791641235, 0.028096914291381836
1.352127194404602, 0.027602195739746094
1.3484060764312744, 0.027781009674072266
1.3593841791152954, 0.02785348892211914
1.3554211854934692, 0.027815580368041992
1.350717544555664, 0.0281829833984375
1.3487972021102905, 0.027970075607299805
1.339278221130371, 0.027239561080932617
1.3530120849609375, 0.02782297134399414
1.3563377857208252, 0.027962446212768555
1.3547712564468384, 0.0277254581451416
1.354176640510559, 0.027788162231445312
1.3451268672943115, 0.0277097225189209
1.3410615921020508, 0.027686357498168945
1.349283218383789, 0.027576923370361328
1.3477299213409424, 0.027662277221679688
1.3558241128921509, 0.02764749526977539
1.3492995500564575, 0.027565479278564453
1.343334436416626, 0.027554988861083984
1.3435800075531006, 0.027581453323364258
1.3403090238571167, 0.02765941619873047
1.349888801574707, 0.027878999710083008
1.3500385284423828, 0.027405738830566406
1.344808578491211, 0.027883529663085938
1.3489174842834473, 0.027750015258789062
1.3443713188171387, 0.028018951416015625
1.3438076972961426, 0.027294397354125977
1.3497107028961182, 0.02776169776916504
1.3462201356887817, 0.027730941772460938
1.3427411317825317, 0.027997732162475586
1.3578546047210693, 0.02725672721862793
1.3444187641143799, 0.028073787689208984
1.3559327125549316, 0.02770209312438965
1.34441077709198, 0.02769613265991211
1.3522828817367554, 0.027742385864257812
1.3517051935195923, 0.02772045135498047
1.374023199081421, 0.027940034866333008
1.3411989212036133, 0.027850627899169922
1.3372714519500732, 0.02785325050354004
1.3564095497131348, 0.027815580368041992
1.341859221458435, 0.028126955032348633
1.345700979232788, 0.02734684944152832
1.345873236656189, 0.027942180633544922
1.3367812633514404, 0.027857065200805664
1.3507606983184814, 0.027721405029296875
1.344689965248108, 0.02784132957458496
1.350766658782959, 0.027796030044555664
1.3489105701446533, 0.02779102325439453
1.351865291595459, 0.02776026725769043
1.3473165035247803, 0.027930259704589844
1.3587441444396973, 0.027332067489624023
1.3510496616363525, 0.027567625045776367
1.355255365371704, 0.02754354476928711
1.346177577972412, 0.027555227279663086
1.3482778072357178, 0.027810096740722656
1.3422988653182983, 0.027588367462158203
1.3436481952667236, 0.027745485305786133
1.3627902269363403, 0.027956008911132812
1.35414457321167, 0.028037548065185547
1.3484113216400146, 0.027463436126708984
1.3570106029510498, 0.027791976928710938
1.3548866510391235, 0.02807331085205078
1.3526638746261597, 0.027429580688476562
1.3549809455871582, 0.027727127075195312
1.3567482233047485, 0.027791261672973633
1.3543082475662231, 0.027713775634765625
1.3521193265914917, 0.0276181697845459
1.3517374992370605, 0.027876853942871094
1.3470513820648193, 0.027576923370361328
1.354793906211853, 0.027704238891601562
1.3550312519073486, 0.028039216995239258
1.3432948589324951, 0.027932405471801758
1.3312971591949463, 0.027801990509033203
1.3441505432128906, 0.027758121490478516
1.3417482376098633, 0.027679920196533203
1.356490135192871, 0.02777838706970215
1.3519558906555176, 0.02772378921508789
1.3460417985916138, 0.02812671661376953
1.351724624633789, 0.027385234832763672
1.3571949005126953, 0.027829647064208984
1.3513152599334717, 0.027643442153930664
1.3455970287322998, 0.02770400047302246
1.3650867938995361, 0.027647018432617188
1.3527768850326538, 0.02773737907409668
1.3491638898849487, 0.02716970443725586
1.3558878898620605, 0.027736425399780273
1.3547453880310059, 0.027685165405273438
1.3572224378585815, 0.027689695358276367
1.3511035442352295, 0.027585744857788086
1.3462824821472168, 0.02762746810913086
1.346851110458374, 0.027771472930908203
1.3444945812225342, 0.027921438217163086
1.3505051136016846, 0.027473926544189453
1.3689343929290771, 0.027832746505737305
1.345581293106079, 0.027775049209594727
1.3513531684875488, 0.02779102325439453
1.3653011322021484, 0.027765989303588867
1.3593502044677734, 0.027802467346191406
1.3577791452407837, 0.0279083251953125
1.3494832515716553, 0.027776241302490234
1.3582954406738281, 0.027826786041259766
1.3574093580245972, 0.02761220932006836
1.3319703340530396, 0.027579545974731445
1.3470122814178467, 0.027680158615112305
1.3566433191299438, 0.02828049659729004
1.3563206195831299, 0.02761530876159668
1.3437700271606445, 0.027727603912353516
1.3563190698623657, 0.02783799171447754
1.3563984632492065, 0.027707576751708984
1.3449091911315918, 0.02771735191345215
1.3427917957305908, 0.028116941452026367
1.3572953939437866, 0.027667999267578125
1.333446741104126, 0.027532100677490234
1.351940393447876, 0.02748870849609375
1.3443735837936401, 0.028110742568969727
1.3521279096603394, 0.02733469009399414
1.3509920835494995, 0.027796268463134766
1.3586206436157227, 0.02797389030456543
1.3508484363555908, 0.027518272399902344
1.3552435636520386, 0.027309894561767578
1.3372403383255005, 0.02748584747314453
1.3584768772125244, 0.027872323989868164
1.3453322649002075, 0.027695417404174805
1.3485233783721924, 0.027695894241333008
1.3585517406463623, 0.027602434158325195
1.3504223823547363, 0.027662277221679688
1.3478624820709229, 0.02792668342590332
1.3476331233978271, 0.027597665786743164
1.3521970510482788, 0.027690887451171875
1.3447016477584839, 0.027730703353881836
1.3500640392303467, 0.02771735191345215
1.3560508489608765, 0.028099536895751953
1.3477798700332642, 0.027655839920043945
1.3352854251861572, 0.027440547943115234
1.354095220565796, 0.027754783630371094
1.3475276231765747, 0.027724742889404297
1.356866478919983, 0.02772831916809082
1.3480706214904785, 0.02775287628173828
1.3490991592407227, 0.027783870697021484
1.3609306812286377, 0.02782273292541504
1.348783254623413, 0.028034448623657227
1.3416228294372559, 0.02771162986755371
1.3516343832015991, 0.02779674530029297
1.3547292947769165, 0.027915000915527344
1.3637691736221313, 0.02790999412536621
1.3541479110717773, 0.027777910232543945
1.352487564086914, 0.027736902236938477
1.3437554836273193, 0.027724504470825195
1.3488590717315674, 0.0276339054107666
1.349950909614563, 0.027743101119995117
1.3556556701660156, 0.027596712112426758
1.3555864095687866, 0.027899503707885742
1.3557333946228027, 0.027456998825073242
1.3503172397613525, 0.027620792388916016
1.3491052389144897, 0.027815818786621094
1.3642525672912598, 0.02749919891357422
1.351495385169983, 0.027636289596557617
1.34769606590271, 0.027684450149536133
1.358810544013977, 0.02818894386291504
1.355676531791687, 0.02771139144897461
1.3491491079330444, 0.027804136276245117
1.3530714511871338, 0.027675390243530273
1.356933355331421, 0.02771306037902832
1.3434722423553467, 0.02763533592224121
1.3550364971160889, 0.027788162231445312
1.3539679050445557, 0.027857065200805664
1.3338828086853027, 0.027801513671875
1.3553133010864258, 0.027779817581176758
1.3406164646148682, 0.0277407169342041
1.349161148071289, 0.02803945541381836
1.3563055992126465, 0.027275562286376953
1.353079080581665, 0.027771472930908203
1.3633294105529785, 0.0273439884185791
1.3593411445617676, 0.027482986450195312
1.355061411857605, 0.027605295181274414
1.348665714263916, 0.02788376808166504
1.3410100936889648, 0.027943849563598633
1.3471901416778564, 0.028085708618164062
1.3484561443328857, 0.027765512466430664
1.3437483310699463, 0.02762436866760254
1.3476476669311523, 0.02773284912109375
1.3473031520843506, 0.027747392654418945
1.3417600393295288, 0.027697086334228516
1.341105341911316, 0.02775287628173828
1.352295994758606, 0.02769756317138672
1.3552935123443604, 0.02764415740966797
1.353685736656189, 0.02764439582824707
1.3481113910675049, 0.02779102325439453
1.3413375616073608, 0.027503013610839844
1.3472537994384766, 0.02767801284790039
1.3470890522003174, 0.027652978897094727
1.3411246538162231, 0.02794957160949707
1.3407410383224487, 0.027597665786743164
1.3381730318069458, 0.02736663818359375
1.3559699058532715, 0.028121232986450195
1.3470262289047241, 0.027765512466430664
1.3516976833343506, 0.027411699295043945
1.3503098487854004, 0.027771472930908203
1.348165512084961, 0.02766871452331543
1.3414175510406494, 0.02785634994506836
1.3556345701217651, 0.02808237075805664
1.355570912361145, 0.02786993980407715
1.3569860458374023, 0.027697324752807617
1.3606901168823242, 0.027698278427124023
1.3539340496063232, 0.02775406837463379
1.345882773399353, 0.0272982120513916
1.345423698425293, 0.02792501449584961
1.3514008522033691, 0.02717304229736328
1.354646921157837, 0.02772045135498047
1.3405578136444092, 0.0277407169342041
1.356555700302124, 0.027706384658813477
1.3476483821868896, 0.02775859832763672
1.3602603673934937, 0.02829289436340332
1.3469195365905762, 0.02818918228149414
1.3446540832519531, 0.027046918869018555
1.3568623065948486, 0.02773904800415039
1.3351161479949951, 0.02774190902709961
1.361048936843872, 0.02782464027404785
1.3521342277526855, 0.02784562110900879
1.3528554439544678, 0.027715206146240234
1.356194019317627, 0.02791571617126465
1.3463785648345947, 0.027464628219604492
1.3467415571212769, 0.027279138565063477
1.3481316566467285, 0.027848243713378906
1.348441481590271, 0.027666330337524414
1.3527183532714844, 0.027660131454467773
1.3465279340744019, 0.027825355529785156
1.3502099514007568, 0.027822494506835938
1.3405041694641113, 0.028029441833496094
1.3584527969360352, 0.027927875518798828
1.3535072803497314, 0.027822256088256836
1.3412694931030273, 0.02780294418334961
1.342966079711914, 0.027802467346191406
1.350497841835022, 0.0278170108795166
1.3406357765197754, 0.027811527252197266
1.3476951122283936, 0.02763986587524414
1.3529353141784668, 0.02765178680419922
1.3418262004852295, 0.027521133422851562
1.351564645767212, 0.028021574020385742
1.3501585721969604, 0.027172327041625977
1.338355302810669, 0.02763819694519043
1.344735860824585, 0.02763962745666504
1.3497140407562256, 0.027731657028198242
1.3441376686096191, 0.027747631072998047
1.3449506759643555, 0.027726173400878906
1.3527263402938843, 0.027862071990966797
1.34555983543396, 0.027885913848876953
1.3426355123519897, 0.02799367904663086
1.355179786682129, 0.027429819107055664
1.354320764541626, 0.027970552444458008
1.3532567024230957, 0.027791500091552734
1.351034164428711, 0.02757549285888672
1.3520348072052002, 0.028080224990844727
1.3446998596191406, 0.02710700035095215
1.350581407546997, 0.027635574340820312
1.3424100875854492, 0.027774810791015625
1.3528133630752563, 0.027747154235839844
1.34305739402771, 0.027719974517822266
1.3662365674972534, 0.02766108512878418
1.3475852012634277, 0.0276181697845459
1.340817928314209, 0.02766871452331543
1.34660804271698, 0.02765941619873047
1.3641886711120605, 0.027745962142944336
1.3454524278640747, 0.027857542037963867
1.3533899784088135, 0.027872562408447266
1.3414406776428223, 0.02789449691772461
1.356939435005188, 0.02793288230895996
1.353965401649475, 0.027799367904663086
1.353710651397705, 0.027841567993164062
1.3452448844909668, 0.02811408042907715
1.3470354080200195, 0.0275576114654541
1.3538095951080322, 0.027344703674316406
1.3509925603866577, 0.027637958526611328
1.3357386589050293, 0.027600765228271484
1.3518028259277344, 0.027617454528808594
1.3479599952697754, 0.0276641845703125
1.3395276069641113, 0.0277407169342041
1.3400884866714478, 0.027992963790893555
1.3434348106384277, 0.027708768844604492
1.3510611057281494, 0.027709245681762695
1.348418951034546, 0.02790689468383789
1.3536560535430908, 0.02773880958557129
1.3613417148590088, 0.02800726890563965
1.3417574167251587, 0.027509689331054688
1.3440630435943604, 0.02738642692565918
1.3464124202728271, 0.02766871452331543
1.3335793018341064, 0.027939796447753906
1.3499559164047241, 0.027589082717895508
1.3639445304870605, 0.027853012084960938
1.3431909084320068, 0.027893543243408203
1.3518807888031006, 0.027690649032592773
1.3415071964263916, 0.027654409408569336
1.3514392375946045, 0.027640581130981445
1.3370755910873413, 0.02806687355041504
1.35276460647583, 0.027397871017456055
1.3382196426391602, 0.027601957321166992
1.3442472219467163, 0.027696847915649414
1.3393124341964722, 0.02788710594177246
1.350388765335083, 0.02771162986755371
1.3566789627075195, 0.027672290802001953
1.3511402606964111, 0.027713298797607422
1.3411575555801392, 0.027893543243408203
1.348442554473877, 0.027923107147216797
1.343940258026123, 0.027965307235717773
1.3609678745269775, 0.02784252166748047
1.3522419929504395, 0.02761054039001465
1.337310552597046, 0.02768707275390625
1.3517022132873535, 0.027912616729736328
1.3496875762939453, 0.0273284912109375
1.3492045402526855, 0.027585744857788086
1.3573224544525146, 0.027636289596557617
1.3491557836532593, 0.02791118621826172
1.3529224395751953, 0.02791428565979004
1.343248724937439, 0.027808189392089844
1.36086106300354, 0.02772831916809082
1.3581061363220215, 0.027852535247802734
1.3449716567993164, 0.027723073959350586
1.3452017307281494, 0.02776622772216797
1.3692975044250488, 0.02747344970703125
1.3463399410247803, 0.027636051177978516
1.3433520793914795, 0.02766108512878418
1.3523833751678467, 0.027812480926513672
1.358019232749939, 0.028292417526245117
1.3476141691207886, 0.027932167053222656
1.3550620079040527, 0.027512311935424805
1.3468048572540283, 0.027918338775634766
1.354950189590454, 0.027393817901611328
1.342827320098877, 0.027698516845703125
1.34480881690979, 0.027608633041381836
1.3434665203094482, 0.02756786346435547
1.3681854009628296, 0.027675867080688477
1.36049485206604, 0.027804136276245117
1.347372055053711, 0.02779221534729004
1.3545711040496826, 0.027802705764770508
1.3465220928192139, 0.02772665023803711
1.3548970222473145, 0.02782416343688965
1.3435955047607422, 0.027730703353881836
1.3589353561401367, 0.027755022048950195
1.3600454330444336, 0.0276949405670166
1.345479965209961, 0.027933835983276367
1.355036735534668, 0.02772831916809082
1.3483753204345703, 0.027612924575805664
1.3514070510864258, 0.027718067169189453
1.355503797531128, 0.027686357498168945
1.3509860038757324, 0.027613401412963867
1.3440696001052856, 0.027777671813964844
1.3496439456939697, 0.027927160263061523
1.3332030773162842, 0.027358531951904297
1.3573848009109497, 0.02814006805419922
1.3499219417572021, 0.027672767639160156
1.3455185890197754, 0.02746725082397461
1.3374391794204712, 0.028299570083618164
1.3576555252075195, 0.027068138122558594
1.3455513715744019, 0.02761530876159668
1.3632879257202148, 0.02769303321838379
1.3506200313568115, 0.027785301208496094
1.3398492336273193, 0.02813100814819336
1.3543517589569092, 0.027545452117919922
1.3568354845046997, 0.028372526168823242
1.3534241914749146, 0.027383089065551758
1.3561499118804932, 0.028028249740600586
1.3392655849456787, 0.027225494384765625
1.3438445329666138, 0.027660369873046875
1.3514244556427002, 0.02769756317138672
1.3483567237854004, 0.027700424194335938
1.3435646295547485, 0.027845382690429688
1.3447107076644897, 0.027679920196533203
1.3487823009490967, 0.027733802795410156
1.36356520652771, 0.027756690979003906
1.3600351810455322, 0.02786421775817871
1.349621057510376, 0.027742862701416016
1.3567053079605103, 0.027616262435913086
1.3572304248809814, 0.027705669403076172
1.357057809829712, 0.027784347534179688
1.3476020097732544, 0.0277712345123291
1.3484591245651245, 0.02777552604675293
1.354324221611023, 0.027951478958129883
1.3486709594726562, 0.027401208877563477
1.3578099012374878, 0.027779102325439453
1.3581316471099854, 0.027866601943969727
1.3426153659820557, 0.027413368225097656
1.3369483947753906, 0.027845144271850586
1.3541581630706787, 0.027543306350708008
1.3587738275527954, 0.027857065200805664
1.3604918718338013, 0.02746415138244629
1.349811315536499, 0.027349472045898438
1.3429901599884033, 0.02787947654724121
1.3426949977874756, 0.027730703353881836
1.3429135084152222, 0.028054237365722656
1.3520207405090332, 0.027734041213989258
1.3536087274551392, 0.02768850326538086
1.3565058708190918, 0.02807450294494629
1.3625037670135498, 0.0272369384765625
1.3464393615722656, 0.027683019638061523
1.3583757877349854, 0.02801227569580078
1.3459726572036743, 0.028059959411621094
1.3495129346847534, 0.02768707275390625
1.3484745025634766, 0.0272977352142334
1.3477848768234253, 0.02772235870361328
1.3440890312194824, 0.027797937393188477
1.3519244194030762, 0.028037071228027344
1.344825029373169, 0.027730941772460938
1.3378057479858398, 0.027351856231689453
1.338547706604004, 0.028095245361328125
1.3488718271255493, 0.02750396728515625
1.3583670854568481, 0.027644634246826172
1.343848705291748, 0.027962923049926758
1.3572132587432861, 0.027647733688354492
1.3554481267929077, 0.027014732360839844
1.36029851436615, 0.027994871139526367
1.354111671447754, 0.027388334274291992
1.3529719114303589, 0.027726173400878906
1.3410227298736572, 0.028008222579956055
1.3514872789382935, 0.027539730072021484
1.3504259586334229, 0.028087615966796875
1.343839168548584, 0.027266263961791992
1.34224271774292, 0.028183698654174805
1.349199652671814, 0.027051210403442383
1.3595446348190308, 0.027651071548461914
1.3451992273330688, 0.027621746063232422
1.3527723550796509, 0.027621746063232422
1.3466423749923706, 0.02774214744567871
1.3498616218566895, 0.027873754501342773
1.3509697914123535, 0.028020143508911133
1.3518908023834229, 0.027402162551879883
1.348514437675476, 0.028052806854248047
1.3431973457336426, 0.02771735191345215
1.3452372550964355, 0.027594327926635742
1.347785234451294, 0.02778911590576172
1.3458582162857056, 0.027921199798583984
1.3512903451919556, 0.027154207229614258
1.357364296913147, 0.027962684631347656
1.3513293266296387, 0.027802228927612305
1.3464405536651611, 0.027701616287231445
1.3396307229995728, 0.027744770050048828
1.355360507965088, 0.02768254280090332
1.3541725873947144, 0.028126239776611328
1.353816032409668, 0.027979135513305664
1.3377059698104858, 0.02745199203491211
1.3445199728012085, 0.027492523193359375
1.357887625694275, 0.027456998825073242
1.3495182991027832, 0.02772355079650879
1.360924482345581, 0.02777886390686035
1.3461084365844727, 0.027736902236938477
1.3503203392028809, 0.027929306030273438
1.3444452285766602, 0.027593374252319336
1.3596876859664917, 0.02742171287536621
1.3649133443832397, 0.027719736099243164
1.3457200527191162, 0.027762174606323242
1.3448796272277832, 0.027637481689453125
1.3496804237365723, 0.027691364288330078
1.3438892364501953, 0.02753448486328125
1.3518221378326416, 0.02758502960205078
1.339118480682373, 0.027573347091674805
1.3568384647369385, 0.027757644653320312
1.355516791343689, 0.02802419662475586
1.3525152206420898, 0.02730560302734375
1.3433878421783447, 0.027768850326538086
1.3374755382537842, 0.027805566787719727
1.339145302772522, 0.027860641479492188
1.3481577634811401, 0.02769017219543457
1.3470540046691895, 0.027617216110229492
1.3431427478790283, 0.02774500846862793
1.3609058856964111, 0.0276949405670166
1.358731746673584, 0.027883291244506836
1.349823236465454, 0.027777910232543945
1.3463752269744873, 0.028168201446533203
1.3511418104171753, 0.027402400970458984
1.3521995544433594, 0.0277707576751709
1.3472304344177246, 0.027888059616088867
1.3501317501068115, 0.02811121940612793
1.3474990129470825, 0.027100324630737305
1.353094220161438, 0.027811765670776367
1.3580405712127686, 0.027811527252197266
1.3547885417938232, 0.027746915817260742
1.3455240726470947, 0.027731657028198242
1.3537096977233887, 0.02767181396484375
1.354386329650879, 0.02786874771118164
1.3517568111419678, 0.02773451805114746
1.3510968685150146, 0.02781081199645996
1.343994379043579, 0.027637958526611328
1.3525309562683105, 0.02771472930908203
1.3498899936676025, 0.027683734893798828
1.3530678749084473, 0.028304338455200195
1.359818458557129, 0.027428150177001953
1.3471922874450684, 0.027321338653564453
1.3413426876068115, 0.027849912643432617
1.3531557321548462, 0.02722454071044922
1.3359854221343994, 0.02761101722717285
1.3488049507141113, 0.027554988861083984
1.356572151184082, 0.02777862548828125
1.3642761707305908, 0.027768373489379883
1.3522026538848877, 0.0278472900390625
1.3437232971191406, 0.027748823165893555
1.3431442975997925, 0.027689218521118164
1.3447932004928589, 0.027855634689331055
1.3533318042755127, 0.027846813201904297
1.346893310546875, 0.027625322341918945
1.3447092771530151, 0.02768850326538086
1.3529527187347412, 0.028182029724121094
1.3516653776168823, 0.0276949405670166
1.3334238529205322, 0.02783966064453125
1.3544501066207886, 0.027712583541870117
1.3376531600952148, 0.02779388427734375
1.3470978736877441, 0.02803325653076172
1.3427778482437134, 0.027855873107910156
1.3370641469955444, 0.027961254119873047
1.3508622646331787, 0.02775430679321289
1.3551146984100342, 0.0277249813079834
1.3525559902191162, 0.02775430679321289
1.359552025794983, 0.027918577194213867
1.3584264516830444, 0.027835845947265625
1.3460187911987305, 0.027640342712402344
1.3504743576049805, 0.02759575843811035
1.3485066890716553, 0.02759528160095215
1.3546464443206787, 0.02776932716369629
1.347843885421753, 0.005640983581542969
1.3582149744033813, 0.004436492919921875
1.3497288227081299, 0.004165172576904297
1.350310206413269, 0.024836301803588867
1.3538670539855957, 0.027398347854614258
1.3372430801391602, 0.027691125869750977
1.3469877243041992, 0.027681589126586914
1.3537206649780273, 0.028159618377685547
1.348475694656372, 0.02750420570373535
1.356712818145752, 0.028012990951538086
1.3590633869171143, 0.02764892578125
1.34812593460083, 0.02794671058654785
1.3470219373703003, 0.027998924255371094
1.3387000560760498, 0.02767777442932129
1.3447630405426025, 0.027853012084960938
1.3416473865509033, 0.027559757232666016
1.3523316383361816, 0.027656078338623047
1.3555465936660767, 0.028038740158081055
1.3541622161865234, 0.028134584426879883
1.3341219425201416, 0.027757644653320312
1.3487963676452637, 0.027710676193237305
1.343550443649292, 0.027733325958251953
1.3427667617797852, 0.02765345573425293
1.3400694131851196, 0.028109073638916016
1.3606537580490112, 0.028370380401611328
1.3570938110351562, 0.02734065055847168
1.3561491966247559, 0.02801680564880371
1.354509949684143, 0.02771162986755371
1.3609871864318848, 0.028250455856323242
1.3521851301193237, 0.027128219604492188
1.3439174890518188, 0.027829647064208984
1.3501144647598267, 0.02771282196044922
1.348364233970642, 0.027640581130981445
1.3398666381835938, 0.02802276611328125
1.3501503467559814, 0.02755451202392578
1.3511232137680054, 0.02766561508178711
1.354862928390503, 0.027743101119995117
1.3464914560317993, 0.027706623077392578
1.3555333614349365, 0.027504682540893555
1.3413652181625366, 0.027506351470947266
1.3478901386260986, 0.027850627899169922
1.33273446559906, 0.027590036392211914
1.3371427059173584, 0.027646541595458984
1.3476977348327637, 0.027613401412963867
1.343343734741211, 0.02779078483581543
1.3418505191802979, 0.027799367904663086
1.3439596891403198, 0.027855396270751953
1.3423185348510742, 0.02790093421936035
1.3453747034072876, 0.0276029109954834
1.3531736135482788, 0.02766728401184082
1.342949628829956, 0.02771139144897461
1.352186679840088, 0.027644872665405273
1.350123643875122, 0.027858972549438477
1.3371492624282837, 0.02781510353088379
1.3497602939605713, 0.027988195419311523
1.3463478088378906, 0.027300596237182617
1.34389066696167, 0.027878522872924805
1.3518437147140503, 0.027461528778076172
1.3467445373535156, 0.027476787567138672
1.3450276851654053, 0.02757740020751953
1.3452506065368652, 0.028104782104492188
1.3532400131225586, 0.027355432510375977
1.34934663772583, 0.02783799171447754
1.339956283569336, 0.027773380279541016
1.344927430152893, 0.027781963348388672
1.3446452617645264, 0.027850627899169922
1.3602588176727295, 0.027696609497070312
1.3442108631134033, 0.027798175811767578
1.3554913997650146, 0.027768611907958984
1.3478069305419922, 0.02771782875061035
1.3399416208267212, 0.02758502960205078
1.3552756309509277, 0.02760148048400879
1.3542473316192627, 0.027932405471801758
1.3471969366073608, 0.02768683433532715
1.355674386024475, 0.027492761611938477
1.3553227186203003, 0.027712345123291016
1.3488141298294067, 0.027652978897094727
1.3524413108825684, 0.027647733688354492
1.3480415344238281, 0.027639389038085938
1.3599717617034912, 0.02765965461730957
1.3487223386764526, 0.02774500846862793
1.3461179733276367, 0.027817964553833008
1.3541643619537354, 0.02790522575378418
1.3476262092590332, 0.0277557373046875
1.3582313060760498, 0.027797937393188477
1.355712652206421, 0.027767419815063477
1.3445812463760376, 0.02819538116455078
1.35689115524292, 0.027302265167236328
1.3368406295776367, 0.02777862548828125
1.3410755395889282, 0.027751684188842773
1.3535640239715576, 0.02782130241394043
1.3499503135681152, 0.02763080596923828
1.356285810470581, 0.02760624885559082
1.3487725257873535, 0.027619123458862305
1.351841926574707, 0.027623653411865234
1.3497248888015747, 0.02788567543029785
1.3514666557312012, 0.02787327766418457
1.3343496322631836, 0.027553796768188477
1.3495874404907227, 0.027694225311279297
1.3485379219055176, 0.02793121337890625
1.3483415842056274, 0.0276186466217041
1.3548929691314697, 0.028277158737182617
1.3666374683380127, 0.02699756622314453
1.3543157577514648, 0.027814626693725586
1.3523157835006714, 0.028421401977539062
1.3392657041549683, 0.027471303939819336
1.3558070659637451, 0.027675390243530273
1.348100185394287, 0.0275418758392334
1.3456478118896484, 0.027685165405273438
1.355494499206543, 0.027719974517822266
1.3542245626449585, 0.02856159210205078
1.3561465740203857, 0.027989625930786133
1.3542509078979492, 0.027944087982177734
1.3531279563903809, 0.028756380081176758
1.3480019569396973, 0.027496337890625
1.3442738056182861, 0.027237653732299805
1.3389413356781006, 0.02767205238342285
1.3520331382751465, 0.02763843536376953
1.3502979278564453, 0.02790999412536621
1.3499932289123535, 0.02803516387939453
1.3475042581558228, 0.02841639518737793
1.3323407173156738, 0.02769327163696289
1.3504118919372559, 0.028224468231201172
1.356462836265564, 0.028159379959106445
1.3437466621398926, 0.027451276779174805
1.3587913513183594, 0.027605295181274414
1.3469035625457764, 0.027727127075195312
1.3640491962432861, 0.02789759635925293
1.3447130918502808, 0.02763199806213379
1.344115138053894, 0.0275115966796875
1.3581492900848389, 0.027781248092651367
1.3486084938049316, 0.02782464027404785
1.3496547937393188, 0.027991056442260742
1.3522002696990967, 0.027825117111206055
1.3360404968261719, 0.027739286422729492
1.352506399154663, 0.02761983871459961
1.3544541597366333, 0.027714014053344727
1.3619916439056396, 0.02768421173095703
1.3483258485794067, 0.027779817581176758
1.3535243272781372, 0.02776360511779785
1.348990797996521, 0.027623891830444336
1.3508857488632202, 0.028347492218017578
1.3529309034347534, 0.027597904205322266
1.3481471538543701, 0.027512311935424805
1.3546838760375977, 0.027606487274169922
1.3437976837158203, 0.027605056762695312
1.3535730838775635, 0.0279080867767334
1.3488903045654297, 0.02778458595275879
1.339809536933899, 0.027758121490478516
1.352122187614441, 0.02774524688720703
1.3498893976211548, 0.027827024459838867
1.3546252250671387, 0.027755022048950195
1.353856086730957, 0.027885913848876953
1.3601579666137695, 0.027782201766967773
1.356109380722046, 0.027799129486083984
1.3559634685516357, 0.027749300003051758
1.338021993637085, 0.02774667739868164
1.3497438430786133, 0.027744770050048828
1.3527295589447021, 0.02760791778564453
1.3386645317077637, 0.027657270431518555
1.3431992530822754, 0.027602434158325195
1.352310299873352, 0.027732133865356445
1.3524693250656128, 0.027788877487182617
1.351742148399353, 0.027703285217285156
1.3596622943878174, 0.02791738510131836
1.334704875946045, 0.027661800384521484
1.3479443788528442, 0.02773261070251465
1.349228858947754, 0.027884244918823242
1.3509137630462646, 0.02759575843811035
1.3328032493591309, 0.027762413024902344
1.352142572402954, 0.02748703956604004
1.3467673063278198, 0.027667760848999023
1.3456494808197021, 0.028002262115478516
1.338944673538208, 0.027792692184448242
1.3537108898162842, 0.027626752853393555
1.3492158651351929, 0.027742385864257812
1.3499635457992554, 0.02761077880859375
1.359143853187561, 0.027624845504760742
1.3534795045852661, 0.027598857879638672
1.3587563037872314, 0.027799367904663086
1.3462804555892944, 0.0278322696685791
1.3521729707717896, 0.02777552604675293
1.3478021621704102, 0.027722597122192383
1.3448419570922852, 0.02821636199951172
1.357414722442627, 0.02731466293334961
1.3492727279663086, 0.02773427963256836
1.347809076309204, 0.027667522430419922
1.3605878353118896, 0.027778148651123047
1.362851858139038, 0.027798175811767578
1.3535072803497314, 0.027904510498046875
1.3598442077636719, 0.02776789665222168
1.3559753894805908, 0.02773308753967285
1.3613791465759277, 0.027765274047851562
1.3488702774047852, 0.027646303176879883
1.3470089435577393, 0.027499914169311523
1.343320608139038, 0.027671098709106445
1.347137689590454, 0.027599573135375977
1.3431196212768555, 0.027726411819458008
1.3459161520004272, 0.027751922607421875
1.3565161228179932, 0.027821063995361328
1.3474644422531128, 0.02785801887512207
1.353750467300415, 0.027853965759277344
1.3450568914413452, 0.027881860733032227
1.336534023284912, 0.027737855911254883
1.3585525751113892, 0.027540922164916992
1.3554481267929077, 0.02785944938659668
1.3498719930648804, 0.027530908584594727
1.366501808166504, 0.027721881866455078
1.3438764810562134, 0.027730464935302734
1.3483340740203857, 0.027643680572509766
1.3495936393737793, 0.027831315994262695
1.359311580657959, 0.027920246124267578
1.3508648872375488, 0.02775287628173828
1.3529571294784546, 0.02798748016357422
1.338130235671997, 0.027254819869995117
1.3482437133789062, 0.027731657028198242
1.3468985557556152, 0.02762317657470703
1.3512818813323975, 0.027811050415039062
1.3504830598831177, 0.02771306037902832
1.3476085662841797, 0.02781391143798828
1.3424817323684692, 0.027704477310180664
1.3476448059082031, 0.02778148651123047
1.3515865802764893, 0.027710437774658203
1.3603694438934326, 0.028056859970092773
1.3491601943969727, 0.0273590087890625
1.3439844846725464, 0.027750015258789062
1.3509576320648193, 0.028049945831298828
1.3528356552124023, 0.02760148048400879
1.3434208631515503, 0.027297258377075195
1.3560460805892944, 0.02779364585876465
1.345829725265503, 0.027781009674072266
1.3492581844329834, 0.027993440628051758
1.3539512157440186, 0.027232885360717773
1.3522303104400635, 0.027875900268554688
1.3558317422866821, 0.027384281158447266
1.347350835800171, 0.02788686752319336
1.3483144044876099, 0.02776646614074707
1.3623332977294922, 0.028082847595214844
1.3417277336120605, 0.02753305435180664
1.3461236953735352, 0.027668476104736328
1.3433749675750732, 0.027834177017211914
1.3363521099090576, 0.027759790420532227
1.3522664308547974, 0.027491092681884766
1.3402003049850464, 0.027675151824951172
1.3424112796783447, 0.027636051177978516
1.3512088060379028, 0.02776622772216797
1.3399701118469238, 0.0277860164642334
1.360736608505249, 0.027680158615112305
1.3449149131774902, 0.02776336669921875
1.3448036909103394, 0.0278780460357666
1.3477776050567627, 0.027652978897094727
1.3592495918273926, 0.02792644500732422
1.3491381406784058, 0.027701139450073242
1.3482123613357544, 0.027733325958251953
1.342067003250122, 0.027988672256469727
1.3512464761734009, 0.027292966842651367
1.360146164894104, 0.027619361877441406
1.3396735191345215, 0.027612924575805664
1.3578574657440186, 0.028046846389770508
1.3364261388778687, 0.02765965461730957
1.353391170501709, 0.027579545974731445
1.3471596240997314, 0.027648210525512695
1.3527042865753174, 0.027661800384521484
1.3547022342681885, 0.027378559112548828
1.349810004234314, 0.027695417404174805
1.3516521453857422, 0.027766704559326172
1.3618011474609375, 0.02736043930053711
1.3427799940109253, 0.027727603912353516
1.3522173166275024, 0.028243303298950195
1.3546967506408691, 0.027606964111328125
1.341861367225647, 0.027942419052124023
1.3481435775756836, 0.027774810791015625
1.3542824983596802, 0.027582883834838867
1.341922402381897, 0.02753734588623047
1.3386951684951782, 0.027933597564697266
1.3567688465118408, 0.02752375602722168
1.3575265407562256, 0.02753591537475586
1.3497326374053955, 0.02786707878112793
1.3405804634094238, 0.027645349502563477
1.3483641147613525, 0.02726602554321289
1.3408663272857666, 0.02786540985107422
1.3541369438171387, 0.027877092361450195
1.3410687446594238, 0.027754545211791992
1.34348726272583, 0.02779674530029297
1.3678456544876099, 0.02780747413635254
1.3564008474349976, 0.02774667739868164
1.3525912761688232, 0.027734041213989258
1.3522703647613525, 0.02785801887512207
1.3588016033172607, 0.02772235870361328
1.3505922555923462, 0.02793598175048828
1.352086067199707, 0.027345895767211914
1.3576545715332031, 0.027580738067626953
1.3536063432693481, 0.027721643447875977
1.3547416925430298, 0.027567148208618164
1.3660757541656494, 0.027791500091552734
1.354665756225586, 0.027673959732055664
1.3548510074615479, 0.02762889862060547
1.3567951917648315, 0.027664661407470703
1.3512389659881592, 0.027626991271972656
1.3591279983520508, 0.027759790420532227
1.3493481874465942, 0.027782678604125977
1.346689224243164, 0.027738571166992188
1.340519905090332, 0.027816295623779297
1.351012945175171, 0.027770042419433594
1.3579866886138916, 0.027887821197509766
1.3433657884597778, 0.0277254581451416
1.3494222164154053, 0.027742862701416016
1.3467767238616943, 0.027783632278442383
1.3469232320785522, 0.028063058853149414
1.361586332321167, 0.02741217613220215
1.3445385694503784, 0.027735471725463867
1.3515543937683105, 0.02762603759765625
1.3600412607192993, 0.027725934982299805
1.3490588665008545, 0.027637720108032227
1.343517541885376, 0.027943134307861328
1.3446104526519775, 0.02757096290588379
1.3361806869506836, 0.0276334285736084
1.3533382415771484, 0.028012990951538086
1.350898265838623, 0.027398109436035156
1.3563815355300903, 0.027884244918823242
1.353007435798645, 0.027939319610595703
1.3476753234863281, 0.027751922607421875
1.3553550243377686, 0.028299808502197266
1.3434548377990723, 0.02734851837158203
1.3459789752960205, 0.027849674224853516
1.3495817184448242, 0.027317285537719727
1.3415089845657349, 0.02764606475830078
1.3544973134994507, 0.02768564224243164
1.347278356552124, 0.02777695655822754
1.353893756866455, 0.027300596237182617
1.3472480773925781, 0.027764320373535156
1.3568428754806519, 0.027740478515625
1.34099543094635, 0.02773308753967285
1.3460423946380615, 0.02759695053100586
1.345622181892395, 0.02776026725769043
1.3465346097946167, 0.027700185775756836
1.3514033555984497, 0.02788567543029785
1.3509280681610107, 0.027949094772338867
1.3390727043151855, 0.027845382690429688
1.3476736545562744, 0.027835607528686523
1.3550748825073242, 0.027718544006347656
1.3481762409210205, 0.02764105796813965
1.3386496305465698, 0.027715682983398438
1.359107255935669, 0.0276944637298584
1.3437672853469849, 0.027753591537475586
1.3413093090057373, 0.02771139144897461
1.3509927988052368, 0.027557849884033203
1.3481929302215576, 0.027620553970336914
1.3394510746002197, 0.02756953239440918
1.3559503555297852, 0.027647972106933594
1.3504506349563599, 0.02802753448486328
1.3565826416015625, 0.02751326560974121
1.3273298740386963, 0.02758622169494629
1.3568875789642334, 0.027839183807373047
1.3526861667633057, 0.027816295623779297
1.3487677574157715, 0.027791738510131836
1.3589534759521484, 0.028190135955810547
1.3424197435379028, 0.027341604232788086
1.3520376682281494, 0.02799510955810547
1.3505663871765137, 0.027314186096191406
1.3471686840057373, 0.02785515785217285
1.3460750579833984, 0.027687549591064453
1.3444914817810059, 0.027695655822753906
1.3506443500518799, 0.027772188186645508
1.3562555313110352, 0.027778148651123047
1.3592342138290405, 0.02764606475830078
1.3482842445373535, 0.02789783477783203
1.3542418479919434, 0.02786397933959961
1.3514835834503174, 0.027479887008666992
1.3441495895385742, 0.027788400650024414
1.338943362236023, 0.027870655059814453
1.3492724895477295, 0.028043746948242188
1.3573973178863525, 0.02770709991455078
1.3570480346679688, 0.0279693603515625
1.3472821712493896, 0.027684450149536133
1.345090389251709, 0.027527332305908203
1.330641746520996, 0.027647733688354492
1.3465477228164673, 0.027908802032470703
1.3480751514434814, 0.027571678161621094
1.3509008884429932, 0.027434110641479492
1.3616037368774414, 0.02765035629272461
1.3466401100158691, 0.027614116668701172
1.3427512645721436, 0.027888774871826172
1.341559648513794, 0.027630329132080078
1.3613011837005615, 0.027197599411010742
1.3665964603424072, 0.02768850326538086
1.346806287765503, 0.027986764907836914
1.3430277109146118, 0.027500152587890625
1.3486292362213135, 0.0276644229888916
1.3554580211639404, 0.02779865264892578
1.3505020141601562, 0.027750492095947266
1.3471665382385254, 0.027839183807373047
1.3452544212341309, 0.02792644500732422
1.347676157951355, 0.02812480926513672
1.350563645362854, 0.027596473693847656
1.344428539276123, 0.027768850326538086
1.34946870803833, 0.027768850326538086
1.344279170036316, 0.02769160270690918
1.3525992631912231, 0.027683734893798828
1.3425679206848145, 0.02766728401184082
1.346039056777954, 0.02797222137451172
1.343313455581665, 0.027332067489624023
1.3541853427886963, 0.02783656120300293
1.3420813083648682, 0.027794599533081055
1.3432629108428955, 0.02800583839416504
1.3670907020568848, 0.02777099609375
1.337451457977295, 0.028127431869506836
1.3579246997833252, 0.027353525161743164
1.3580876588821411, 0.027704477310180664
1.3593707084655762, 0.02783513069152832
1.3475598096847534, 0.0277407169342041
1.3434853553771973, 0.02773904800415039
1.3462821245193481, 0.02762889862060547
1.3512611389160156, 0.027714967727661133
1.3607783317565918, 0.027615785598754883
1.3602581024169922, 0.02768254280090332
1.348245620727539, 0.027629375457763672
1.346393346786499, 0.02767157554626465
1.3515101671218872, 0.02777099609375
1.3520455360412598, 0.02803206443786621
1.341498613357544, 0.027547836303710938
1.3548033237457275, 0.027745962142944336
1.341536521911621, 0.028076887130737305
1.3510169982910156, 0.027396440505981445
1.342308521270752, 0.027741432189941406
1.341238260269165, 0.027698993682861328
1.3516860008239746, 0.0275723934173584
1.3364450931549072, 0.027619600296020508
1.3569788932800293, 0.027930259704589844
1.3512704372406006, 0.027395248413085938
1.3539214134216309, 0.027815818786621094
1.3409481048583984, 0.027875661849975586
1.352771520614624, 0.02786731719970703
1.346749186515808, 0.028046607971191406
1.3404695987701416, 0.027579307556152344
1.356982707977295, 0.027290821075439453
1.3508281707763672, 0.02770066261291504
1.3334004878997803, 0.02776503562927246
1.3390733003616333, 0.027782440185546875
1.3436095714569092, 0.02817988395690918
1.3483645915985107, 0.027524471282958984
1.3418498039245605, 0.02821183204650879
1.3463053703308105, 0.027378320693969727
1.3541216850280762, 0.027709484100341797
1.3560385704040527, 0.027693986892700195
1.3564577102661133, 0.02794504165649414
1.3439075946807861, 0.027996540069580078
1.3376188278198242, 0.0277252197265625
1.3543150424957275, 0.0273745059967041
1.3421432971954346, 0.027625083923339844
1.3371257781982422, 0.027399778366088867
1.3419454097747803, 0.02756476402282715
1.357154369354248, 0.02733755111694336
1.3540918827056885, 0.027971744537353516
1.3471355438232422, 0.027337312698364258
1.3585872650146484, 0.027760744094848633
1.3567742109298706, 0.02775263786315918
1.3418500423431396, 0.02775859832763672
1.3634058237075806, 0.027736425399780273
1.3380154371261597, 0.02792191505432129
1.3485188484191895, 0.027665376663208008
1.3635753393173218, 0.027585744857788086
1.3561856746673584, 0.027714252471923828
1.3575494289398193, 0.027753353118896484
1.3458075523376465, 0.027789831161499023
1.3499836921691895, 0.027931928634643555
1.3417692184448242, 0.02767014503479004
1.3449231386184692, 0.028277158737182617
1.3514456748962402, 0.027329444885253906
1.3537569046020508, 0.027709245681762695
1.350445032119751, 0.02837514877319336
1.3442435264587402, 0.027812480926513672
1.3518116474151611, 0.02758622169494629
1.3536367416381836, 0.028020381927490234
1.3555924892425537, 0.027467012405395508
1.350484848022461, 0.027869701385498047
1.3572771549224854, 0.027736663818359375
1.3590195178985596, 0.027724266052246094
1.3510117530822754, 0.027918338775634766
1.3434605598449707, 0.027892589569091797
1.3520183563232422, 0.02801036834716797
1.3545910120010376, 0.027172088623046875
1.3462562561035156, 0.027812480926513672
1.3373478651046753, 0.02741527557373047
1.3582854270935059, 0.02765655517578125
1.3481978178024292, 0.027640819549560547
1.3429503440856934, 0.027709007263183594
1.33683180809021, 0.0274965763092041
1.3489110469818115, 0.0278170108795166
1.3581846952438354, 0.02766108512878418
1.3559787273406982, 0.027805805206298828
1.3411455154418945, 0.027819395065307617
1.342738151550293, 0.0276949405670166
1.3570277690887451, 0.027816295623779297
1.3482773303985596, 0.02755570411682129
1.344242811203003, 0.027775287628173828
1.342348337173462, 0.027471303939819336
1.3538329601287842, 0.027727603912353516
1.3584743738174438, 0.027765274047851562
1.3581857681274414, 0.027710676193237305
1.3421071767807007, 0.027834177017211914
1.360878348350525, 0.0279695987701416
1.3461679220199585, 0.027764320373535156
1.353078842163086, 0.028021812438964844
1.3511123657226562, 0.02752089500427246
1.345637559890747, 0.02763080596923828
1.3524097204208374, 0.02772808074951172
1.3558608293533325, 0.02807450294494629
1.3500728607177734, 0.027598142623901367
1.3549083471298218, 0.027637720108032227
1.3497090339660645, 0.027454137802124023
1.3466931581497192, 0.028357744216918945
1.341211199760437, 0.027671098709106445
1.348752737045288, 0.027707338333129883
1.3464503288269043, 0.027614116668701172
1.3666889667510986, 0.027805805206298828
1.340630292892456, 0.027938127517700195
1.3499984741210938, 0.027909040451049805
1.3424904346466064, 0.027603626251220703
1.3607888221740723, 0.027602195739746094
1.340226411819458, 0.027552366256713867
1.3539888858795166, 0.027705669403076172
1.3371599912643433, 0.02761054039001465
1.3561567068099976, 0.027814149856567383
1.3316529989242554, 0.027899503707885742
1.3485320806503296, 0.027850627899169922
1.3605475425720215, 0.027634859085083008
1.340070128440857, 0.027545452117919922
1.3524357080459595, 0.027732133865356445
1.346940517425537, 0.027646780014038086
1.348623514175415, 0.02774214744567871
1.3492404222488403, 0.028141498565673828
1.347503662109375, 0.027594327926635742
1.3448867797851562, 0.027927398681640625
1.347867727279663, 0.02783489227294922
1.341736078262329, 0.027794361114501953
1.3517061471939087, 0.02771735191345215
1.3414404392242432, 0.0277554988861084
1.3532055616378784, 0.027814626693725586
1.3380193710327148, 0.027675628662109375
1.3463876247406006, 0.027614116668701172
1.3591657876968384, 0.02804255485534668
1.352990984916687, 0.02734088897705078
1.3412740230560303, 0.027725696563720703
1.346582055091858, 0.02794194221496582
1.3542563915252686, 0.027837514877319336
1.3470609188079834, 0.02782130241394043
1.3505439758300781, 0.02768421173095703
1.3453233242034912, 0.027759313583374023
1.3441550731658936, 0.027797937393188477
1.348014235496521, 0.027700185775756836
1.3483657836914062, 0.027758121490478516
1.3585104942321777, 0.027834653854370117
1.3526870012283325, 0.02763676643371582
1.348071813583374, 0.02772831916809082
1.3548647165298462, 0.02761054039001465
1.3562495708465576, 0.0275421142578125
1.3559409379959106, 0.027714252471923828
1.3398832082748413, 0.02774810791015625
1.3556547164916992, 0.027729272842407227
1.357224941253662, 0.027838945388793945
1.3446673154830933, 0.02768850326538086
1.339121699333191, 0.027657747268676758
1.3558194637298584, 0.027588367462158203
1.3424098491668701, 0.027681589126586914
1.346221923828125, 0.027550935745239258
1.348254680633545, 0.027777671813964844
1.3506426811218262, 0.027852296829223633
1.3489253520965576, 0.0279695987701416
1.347142219543457, 0.02774953842163086
1.35078763961792, 0.027808427810668945
1.3486472368240356, 0.02770400047302246
1.3548271656036377, 0.027840614318847656
1.359771490097046, 0.027768373489379883
1.3565477132797241, 0.027743101119995117
1.3466238975524902, 0.027771472930908203
1.356854796409607, 0.02777576446533203
1.3496390581130981, 0.027806758880615234
1.3490869998931885, 0.027800321578979492
1.3487942218780518, 0.02774786949157715
1.3469741344451904, 0.02783679962158203
1.3409714698791504, 0.02779841423034668
1.3491750955581665, 0.028047800064086914
1.3488821983337402, 0.027434587478637695
1.3433399200439453, 0.027892112731933594
1.3445701599121094, 0.02797675132751465
1.3608982563018799, 0.027756214141845703
1.3376007080078125, 0.02771306037902832
1.3457727432250977, 0.02752971649169922
1.3565458059310913, 0.027538776397705078
1.3491071462631226, 0.027756690979003906
1.350144624710083, 0.02768850326538086
1.3509355783462524, 0.027757644653320312
1.3529986143112183, 0.027801513671875
1.3468999862670898, 0.027711153030395508
1.3417502641677856, 0.02772831916809082
1.3470509052276611, 0.027757883071899414
1.3555097579956055, 0.027765989303588867
1.3515000343322754, 0.02765202522277832
1.3490781784057617, 0.027659177780151367
1.3499869108200073, 0.027658939361572266
1.3416907787322998, 0.027652740478515625
1.345665693283081, 0.027617931365966797
1.352098822593689, 0.027716398239135742
1.3373056650161743, 0.028464794158935547
1.3523372411727905, 0.02768874168395996
1.3499656915664673, 0.02767658233642578
1.3524370193481445, 0.02762150764465332
1.3602759838104248, 0.027771472930908203
1.349278211593628, 0.027727603912353516
1.358298659324646, 0.02788853645324707
1.3455451726913452, 0.02777576446533203
1.3480333089828491, 0.027734994888305664
1.3416932821273804, 0.027875423431396484
1.3457512855529785, 0.028054475784301758
1.3515809774398804, 0.0273897647857666
1.3440227508544922, 0.027722835540771484
1.357128620147705, 0.02769637107849121
1.344525694847107, 0.027827024459838867
1.350907802581787, 0.02768230438232422
1.3534419536590576, 0.027750015258789062
1.3557937145233154, 0.027759313583374023
1.3563097715377808, 0.027701139450073242
1.3528152704238892, 0.02775096893310547
1.3606750965118408, 0.02781200408935547
1.3443602323532104, 0.027640104293823242
1.3635222911834717, 0.027751684188842773
1.3545860052108765, 0.027744531631469727
1.3444149494171143, 0.027664899826049805
1.3485465049743652, 0.02778148651123047
1.3527312278747559, 0.027352571487426758
1.3538227081298828, 0.02757859230041504
1.3440570831298828, 0.027771949768066406
1.3636460304260254, 0.027576684951782227
1.3576173782348633, 0.027657032012939453
1.3513511419296265, 0.027919769287109375
1.3491520881652832, 0.028037548065185547
1.345069408416748, 0.028240442276000977
1.3605976104736328, 0.02725839614868164
1.3575704097747803, 0.027768850326538086
1.3448235988616943, 0.028261661529541016
1.3504842519760132, 0.027617692947387695
1.347057819366455, 0.027619361877441406
1.3443403244018555, 0.02804112434387207
1.343951940536499, 0.02748727798461914
1.3444478511810303, 0.02758622169494629
1.3554253578186035, 0.027610063552856445
1.3586150407791138, 0.027779340744018555
1.3434826135635376, 0.027802467346191406
1.3434922695159912, 0.027810096740722656
1.3533260822296143, 0.02744770050048828
1.346519947052002, 0.027834415435791016
1.3431246280670166, 0.0277712345123291
1.3469452857971191, 0.028090476989746094
1.3551918268203735, 0.027275562286376953
1.3433815240859985, 0.027780532836914062
1.3487951755523682, 0.027883052825927734
1.349823236465454, 0.027913331985473633
1.3436365127563477, 0.02795100212097168
1.3559596538543701, 0.027431964874267578
1.3500078916549683, 0.02815842628479004
1.3464423418045044, 0.027579545974731445
1.3397057056427002, 0.02754998207092285
1.3594012260437012, 0.027010440826416016
1.35593581199646, 0.027704238891601562
1.3581252098083496, 0.027518272399902344
1.3483306169509888, 0.027878284454345703
1.3486812114715576, 0.027292490005493164
1.3524714708328247, 0.0278775691986084
1.3504385948181152, 0.027945280075073242
1.3552954196929932, 0.02780771255493164
1.3580927848815918, 0.028063297271728516
1.3398441076278687, 0.027287721633911133
1.35735023021698, 0.027886629104614258
1.3485221862792969, 0.027917146682739258
1.3623313903808594, 0.027850627899169922
1.3575465679168701, 0.027681827545166016
1.35599684715271, 0.027892112731933594
1.340227723121643, 0.02755570411682129
1.3510169982910156, 0.02770829200744629
1.3504815101623535, 0.027692556381225586
1.3590412139892578, 0.02776026725769043
1.338548183441162, 0.027861356735229492
1.3414907455444336, 0.028080224990844727
1.3424766063690186, 0.027474403381347656
1.3562020063400269, 0.0276796817779541
1.3558043241500854, 0.027731657028198242
1.3519415855407715, 0.027735471725463867
1.3548623323440552, 0.027831554412841797
1.3562266826629639, 0.027837753295898438
1.3338429927825928, 0.027683734893798828
1.3610787391662598, 0.02769327163696289
1.3495715856552124, 0.027688980102539062
1.352805495262146, 0.027914762496948242
1.340532898902893, 0.027848243713378906
1.3529691696166992, 0.027033567428588867
1.3547399044036865, 0.02769327163696289
1.341623067855835, 0.027576208114624023
1.36220383644104, 0.027571439743041992
1.3471570014953613, 0.027637481689453125
1.3404895067214966, 0.027652502059936523
1.3536967039108276, 0.02762150764465332
1.3640758991241455, 0.027736425399780273
1.3553218841552734, 0.02768874168395996
1.3601469993591309, 0.027753829956054688
1.3479204177856445, 0.027822494506835938
1.3383960723876953, 0.027838706970214844
1.3465646505355835, 0.027858495712280273
1.332992434501648, 0.027692317962646484
1.3545763492584229, 0.028131723403930664
1.3487825393676758, 0.027727603912353516
1.3513318300247192, 0.02762150764465332
1.3501956462860107, 0.027325153350830078
1.3573030233383179, 0.027964115142822266
1.346489429473877, 0.028199195861816406
1.361807942390442, 0.027377605438232422
1.3533360958099365, 0.027771711349487305
1.345828890800476, 0.027703285217285156
1.3530223369598389, 0.027724027633666992
1.3503453731536865, 0.02785325050354004
1.3587710857391357, 0.02806711196899414
1.3529008626937866, 0.02802896499633789
1.356597900390625, 0.02733135223388672
1.347183108329773, 0.028049468994140625
1.3595788478851318, 0.027304410934448242
1.3482760190963745, 0.027930498123168945
1.364671230316162, 0.027732372283935547
1.3457705974578857, 0.027915477752685547
1.3478389978408813, 0.027098655700683594
1.3513383865356445, 0.027585268020629883
1.3449101448059082, 0.027750492095947266
1.3492534160614014, 0.027469396591186523
1.353344202041626, 0.027558326721191406
1.3421595096588135, 0.02794957160949707
1.3601411581039429, 0.02743244171142578
1.3454256057739258, 0.027759075164794922
1.3446437120437622, 0.02772688865661621
1.356199026107788, 0.02809429168701172
1.348402500152588, 0.027564287185668945
1.3577136993408203, 0.027678251266479492
1.3549374341964722, 0.02770256996154785
1.3378334045410156, 0.027712345123291016
1.3519432544708252, 0.02807760238647461
1.359224557876587, 0.027632713317871094
1.3540548086166382, 0.02765345573425293
1.3381474018096924, 0.02767348289489746
1.350761890411377, 0.02776503562927246
1.3516631126403809, 0.027937650680541992
1.3585314750671387, 0.027913570404052734
1.3566722869873047, 0.028006792068481445
1.349776268005371, 0.02782154083251953
1.350049376487732, 0.027586936950683594
1.3477776050567627, 0.027799129486083984
1.3424252271652222, 0.028008460998535156
1.3556475639343262, 0.027348041534423828
1.3484067916870117, 0.0277402400970459
1.3471171855926514, 0.02777409553527832
1.3525900840759277, 0.02804112434387207
1.3414057493209839, 0.027909040451049805
1.3477684259414673, 0.027655363082885742
1.346101999282837, 0.027644634246826172
1.3368799686431885, 0.02783370018005371
1.3431317806243896, 0.02772665023803711
1.3561301231384277, 0.027620792388916016
1.3487900495529175, 0.02750420570373535
1.3520967960357666, 0.0276029109954834
1.350508213043213, 0.027637004852294922
1.3472230434417725, 0.027643442153930664
1.365415334701538, 0.027695417404174805
1.3644720315933228, 0.02772831916809082
1.363487958908081, 0.02780461311340332
1.348360538482666, 0.027997732162475586
1.347464680671692, 0.027683258056640625
1.3566769361495972, 0.02764582633972168
1.3429954051971436, 0.028069257736206055
1.3487951755523682, 0.027026653289794922
1.3434982299804688, 0.02758646011352539
1.336712121963501, 0.027639150619506836
1.3513002395629883, 0.02770209312438965
1.347238540649414, 0.028043031692504883
1.3495320081710815, 0.027706384658813477
1.356917142868042, 0.02765655517578125
1.3441331386566162, 0.027740001678466797
1.3403778076171875, 0.02825450897216797
1.3512768745422363, 0.027350187301635742
1.3501322269439697, 0.028177261352539062
1.3454488515853882, 0.027738571166992188
1.3540568351745605, 0.02779531478881836
1.338653564453125, 0.027805805206298828
1.3580572605133057, 0.02772378921508789
1.3534270524978638, 0.027831554412841797
1.3537609577178955, 0.027839183807373047
1.346426248550415, 0.027673959732055664
1.3525807857513428, 0.02783966064453125
1.3474950790405273, 0.02781391143798828
1.344286322593689, 0.0277099609375
1.3514515161514282, 0.027714252471923828
1.355851650238037, 0.02751302719116211
1.358046054840088, 0.02771592140197754
1.3566011190414429, 0.027617454528808594
1.3460825681686401, 0.02766275405883789
1.3470438718795776, 0.02763080596923828
1.3493212461471558, 0.02800893783569336
1.350145697593689, 0.027477502822875977
1.351353645324707, 0.027862548828125
1.3330094814300537, 0.02772808074951172
1.3507225513458252, 0.02768111228942871
1.3553378582000732, 0.027809619903564453
1.352229118347168, 0.027693510055541992
1.358536958694458, 0.027648448944091797
1.3509525060653687, 0.027605295181274414
1.3464527130126953, 0.02751755714416504
1.3478516340255737, 0.027663707733154297
1.3441832065582275, 0.027895450592041016
1.354506492614746, 0.02777409553527832
1.3505923748016357, 0.0278170108795166
1.3403775691986084, 0.027965307235717773
1.3579505681991577, 0.027959823608398438
1.3434821367263794, 0.02732086181640625
1.3601595163345337, 0.027684926986694336
1.3553543090820312, 0.027740478515625
1.3506735563278198, 0.028096914291381836
1.3556437492370605, 0.02782416343688965
1.352135181427002, 0.027599573135375977
1.342432975769043, 0.027666330337524414
1.3465183973312378, 0.0277252197265625
1.3515750169754028, 0.02783513069152832
1.354653000831604, 0.027732372283935547
1.3615447282791138, 0.027922868728637695
1.3470172882080078, 0.027878761291503906
1.359376311302185, 0.02796196937561035
1.3538422584533691, 0.027727603912353516
1.3489842414855957, 0.027541160583496094
1.343894124031067, 0.027480125427246094
1.3362007141113281, 0.027678251266479492
1.3460259437561035, 0.027636289596557617
1.3531508445739746, 0.02780008316040039
1.3435386419296265, 0.028168678283691406
1.3443537950515747, 0.02733469009399414
1.3512823581695557, 0.02773737907409668
1.3633795976638794, 0.028258323669433594
1.3500592708587646, 0.0272369384765625
1.3554255962371826, 0.02754998207092285
1.3524425029754639, 0.027705669403076172
1.3358711004257202, 0.02777886390686035
1.3433938026428223, 0.027740955352783203
1.34822416305542, 0.027904033660888672
1.3488394021987915, 0.02786564826965332
1.352342128753662, 0.02789926528930664
1.3499984741210938, 0.027645111083984375
1.3484771251678467, 0.027615070343017578
1.3393299579620361, 0.027647018432617188
1.3614857196807861, 0.027663707733154297
1.3441181182861328, 0.027621984481811523
1.3486318588256836, 0.027753353118896484
1.3577054738998413, 0.027823209762573242
1.356574535369873, 0.02772235870361328
1.3531469106674194, 0.0277407169342041
1.353198528289795, 0.028066158294677734
1.344322681427002, 0.02772998809814453
1.3499627113342285, 0.027861595153808594
1.3491499423980713, 0.027916669845581055
1.3520855903625488, 0.027919292449951172
1.343876838684082, 0.027923107147216797
1.3417011499404907, 0.027777671813964844
1.3383896350860596, 0.02763986587524414
1.356421947479248, 0.0275115966796875
1.3506215810775757, 0.0275418758392334
1.355299711227417, 0.027662038803100586
1.3592774868011475, 0.027655363082885742
1.3709238767623901, 0.027664899826049805
1.3426191806793213, 0.027802705764770508
1.3521151542663574, 0.027927875518798828
1.3436298370361328, 0.027828693389892578
1.3507137298583984, 0.027702808380126953
1.3566296100616455, 0.027925729751586914
1.3524281978607178, 0.027160167694091797
1.3465850353240967, 0.027854442596435547
1.357862949371338, 0.027615070343017578
1.347620964050293, 0.027606487274169922
1.358718752861023, 0.02775859832763672
1.3480995893478394, 0.027739763259887695
1.3528194427490234, 0.028154611587524414
1.3453357219696045, 0.027898550033569336
1.3509457111358643, 0.0277712345123291
1.3431724309921265, 0.02772212028503418
1.3427042961120605, 0.027613401412963867
1.3544738292694092, 0.027665138244628906
1.354438066482544, 0.027688264846801758
1.3386211395263672, 0.027581214904785156
1.3500326871871948, 0.027781248092651367
1.3564963340759277, 0.027744054794311523
1.3514200448989868, 0.027742862701416016
1.3589125871658325, 0.02765631675720215
1.3531246185302734, 0.028391361236572266
1.3553156852722168, 0.027743101119995117
1.3415265083312988, 0.02773594856262207
1.3387823104858398, 0.02770233154296875
1.3522276878356934, 0.027678966522216797
1.3554017543792725, 0.02775716781616211
1.3468964099884033, 0.028094768524169922
1.3513646125793457, 0.027399778366088867
1.3570137023925781, 0.027543306350708008
1.3419134616851807, 0.02817368507385254
1.352900743484497, 0.027421236038208008
1.3607208728790283, 0.02722477912902832
1.3525420427322388, 0.027805089950561523
1.3439643383026123, 0.028051137924194336
1.3544034957885742, 0.027715682983398438
1.3493990898132324, 0.027375221252441406
1.352597951889038, 0.027930498123168945
1.3587651252746582, 0.0275571346282959
1.3564659357070923, 0.02800607681274414
1.3476229906082153, 0.027246713638305664
1.3467400074005127, 0.027817964553833008
1.3587217330932617, 0.027933597564697266
1.3584330081939697, 0.028095006942749023
1.3454598188400269, 0.027855873107910156
1.3501087427139282, 0.02763986587524414
1.356816053390503, 0.027660846710205078
1.3524775505065918, 0.027629613876342773
1.3428473472595215, 0.027588367462158203
1.3624846935272217, 0.027571916580200195
1.3503305912017822, 0.028022289276123047
1.3388062715530396, 0.027530908584594727
1.3535041809082031, 0.027285099029541016
1.3502535820007324, 0.027734041213989258
1.3552242517471313, 0.027737855911254883
1.3426722288131714, 0.027939558029174805
1.3445773124694824, 0.02787613868713379
1.36180579662323, 0.028000354766845703
1.3542953729629517, 0.028331279754638672
1.3475022315979004, 0.027449369430541992
1.3437342643737793, 0.027424097061157227
1.3553935289382935, 0.027694225311279297
1.355757713317871, 0.027512073516845703
1.3522663116455078, 0.02750372886657715
1.3454393148422241, 0.02754068374633789
1.336830973625183, 0.027679920196533203
1.3553378582000732, 0.027683258056640625
1.3537307977676392, 0.02778768539428711
1.3397443294525146, 0.028064727783203125
1.3561782836914062, 0.0276944637298584
1.3389021158218384, 0.027864456176757812
1.354019284248352, 0.027242422103881836
1.3615562915802002, 0.027875423431396484
1.3533174991607666, 0.02743220329284668
1.3481827974319458, 0.027951717376708984
1.3479188680648804, 0.02764153480529785
1.3474420309066772, 0.02789306640625
1.3533045053482056, 0.02785778045654297
1.3468512296676636, 0.02779078483581543
1.3461346626281738, 0.028093814849853516
1.3500933647155762, 0.02751636505126953
1.3601741790771484, 0.027727842330932617
1.3400804996490479, 0.02792811393737793
1.356215476989746, 0.02780318260192871
1.351905345916748, 0.027468204498291016
1.339566707611084, 0.027933359146118164
1.3440874814987183, 0.027176380157470703
1.3446170091629028, 0.027733564376831055
1.363157033920288, 0.027827978134155273
1.351806640625, 0.027982473373413086
1.3538298606872559, 0.027855634689331055
1.346994400024414, 0.02780771255493164
1.3551844358444214, 0.027716636657714844
1.3504613637924194, 0.027974367141723633
1.3481208086013794, 0.028250694274902344
1.3619887828826904, 0.027524471282958984
1.3554298877716064, 0.027863264083862305
1.3508846759796143, 0.027240514755249023
1.363547682762146, 0.02802729606628418
1.3439350128173828, 0.027766942977905273
1.342623233795166, 0.027070283889770508
1.3494362831115723, 0.027673959732055664
1.350703239440918, 0.02797698974609375
1.3592448234558105, 0.02735424041748047
1.351308822631836, 0.02754807472229004
1.3589423894882202, 0.027877092361450195
1.349708080291748, 0.02734375
1.3484117984771729, 0.02751946449279785
1.3484156131744385, 0.027652978897094727
1.3400496244430542, 0.02781510353088379
1.3573153018951416, 0.027764320373535156
1.3441623449325562, 0.028069019317626953
1.346276044845581, 0.027928590774536133
1.339369535446167, 0.027308225631713867
1.3368476629257202, 0.02807450294494629
1.3519022464752197, 0.027647972106933594
1.3613991737365723, 0.02753734588623047
1.339335560798645, 0.0281522274017334
1.3489933013916016, 0.02734065055847168
1.348863124847412, 0.027740955352783203
1.35295832157135, 0.02775406837463379
1.3580896854400635, 0.027845144271850586
1.35793137550354, 0.027909517288208008
1.34750497341156, 0.028414249420166016
1.3539255857467651, 0.027130603790283203
1.3493887186050415, 0.027684926986694336
1.3506271839141846, 0.02798175811767578
1.3519487380981445, 0.008607149124145508
1.3430533409118652, 0.0046117305755615234
1.3509151935577393, 0.0076100826263427734
1.3525874614715576, 0.018648386001586914
1.355987310409546, 0.027831554412841797
1.3527131080627441, 0.027278661727905273
1.3452463150024414, 0.028036117553710938
1.3504875898361206, 0.028322935104370117
1.345026969909668, 0.027666807174682617
1.3454807996749878, 0.02785634994506836
1.3539683818817139, 0.027712583541870117
1.3425350189208984, 0.027715206146240234
1.3448960781097412, 0.027711868286132812
1.3483679294586182, 0.027520179748535156
1.3481152057647705, 0.027764558792114258
1.345808744430542, 0.027719974517822266
1.359985113143921, 0.027815580368041992
1.3547674417495728, 0.02795100212097168
1.3480210304260254, 0.029040813446044922
1.354873776435852, 0.027808189392089844
1.349095106124878, 0.027741193771362305
1.3558757305145264, 0.02785325050354004
1.3551509380340576, 0.02749037742614746
1.341672420501709, 0.027599096298217773
1.3574244976043701, 0.02773880958557129
1.3445861339569092, 0.027803659439086914
1.3452486991882324, 0.02768993377685547
1.3401085138320923, 0.027767419815063477
1.3317711353302002, 0.027714014053344727
1.3517576456069946, 0.02784252166748047
1.3463523387908936, 0.027901649475097656
1.3417096138000488, 0.027849912643432617
1.3454933166503906, 0.027963638305664062
1.3408697843551636, 0.02747058868408203
1.3616161346435547, 0.027966976165771484
1.3501523733139038, 0.028263568878173828
1.3750557899475098, 0.027274608612060547
1.3574020862579346, 0.027663707733154297
1.3449621200561523, 0.027521371841430664
1.3442628383636475, 0.027990341186523438
1.3514111042022705, 0.02804708480834961
1.344925045967102, 0.027094364166259766
1.343764305114746, 0.027750492095947266
1.3592170476913452, 0.028008699417114258
1.353999376296997, 0.027408599853515625
1.3497340679168701, 0.027760744094848633
1.3616015911102295, 0.027656078338623047
1.3485801219940186, 0.02753472328186035
1.3546946048736572, 0.02757716178894043
1.3546228408813477, 0.027783870697021484
1.3583505153656006, 0.02764582633972168
1.3528413772583008, 0.02764582633972168
1.3452461957931519, 0.027667999267578125
1.361228346824646, 0.027811527252197266
1.365426778793335, 0.02769780158996582
1.35099458694458, 0.027925491333007812
1.3404150009155273, 0.02776479721069336
1.3482109308242798, 0.027625322341918945
1.35689115524292, 0.02782273292541504
1.3432056903839111, 0.027513742446899414
1.3561657667160034, 0.028338193893432617
1.3546030521392822, 0.02732396125793457
1.3523141145706177, 0.0276949405670166
1.3428444862365723, 0.02766561508178711
1.3641045093536377, 0.027875423431396484
1.355250358581543, 0.027806997299194336
1.3476192951202393, 0.02805352210998535
1.3554790019989014, 0.02753138542175293
1.3515592813491821, 0.027936458587646484
1.343938946723938, 0.02787613868713379
1.3542065620422363, 0.027860641479492188
1.358523964881897, 0.027614593505859375
1.345536231994629, 0.02799701690673828
1.3496780395507812, 0.027658462524414062
1.332968831062317, 0.027590036392211914
1.3514113426208496, 0.027992725372314453
1.3491456508636475, 0.027772903442382812
1.3494166135787964, 0.027843475341796875
1.3545314073562622, 0.027736425399780273
1.3516424894332886, 0.027666807174682617
1.34420645236969, 0.027620553970336914
1.3402137756347656, 0.027549028396606445
1.3529636859893799, 0.027626752853393555
1.3573031425476074, 0.027701854705810547
1.3444288969039917, 0.027684450149536133
1.3457242250442505, 0.027733802795410156
1.3532575368881226, 0.027678251266479492
1.3545804023742676, 0.027728796005249023
1.3490198850631714, 0.02780914306640625
1.350586175918579, 0.027765989303588867
1.3447619676589966, 0.02776503562927246
1.3544070720672607, 0.027896881103515625
1.3472604751586914, 0.027500152587890625
1.353384256362915, 0.027707815170288086
1.3385584354400635, 0.027820110321044922
1.3538267612457275, 0.02761101722717285
1.3452091217041016, 0.02759575843811035
1.3509893417358398, 0.02772665023803711
1.3502368927001953, 0.02790999412536621
1.354403018951416, 0.027706384658813477
1.3448387384414673, 0.02780747413635254
1.3509317636489868, 0.027913331985473633
1.3520338535308838, 0.0278165340423584
1.3441659212112427, 0.027809619903564453
1.34999418258667, 0.027765274047851562
1.358565330505371, 0.027574539184570312
1.3574392795562744, 0.027799367904663086
1.3569989204406738, 0.02750396728515625
1.3489986658096313, 0.027762413024902344
1.358264446258545, 0.027655363082885742
1.3507561683654785, 0.027650117874145508
1.3515563011169434, 0.02772974967956543
1.3451673984527588, 0.027897357940673828
1.347825288772583, 0.02770519256591797
1.347300410270691, 0.027703285217285156
1.3559731245040894, 0.027682781219482422
1.3532731533050537, 0.027724504470825195
1.3467538356781006, 0.027799129486083984
1.3454838991165161, 0.027593374252319336
1.3416107892990112, 0.027675151824951172
1.3561040163040161, 0.0276796817779541
1.3586769104003906, 0.027662992477416992
1.3472023010253906, 0.027740478515625
1.35236656665802, 0.02771759033203125
1.3540608882904053, 0.027830839157104492
1.3555375337600708, 0.027762174606323242
1.3661352396011353, 0.027751922607421875
1.352295160293579, 0.027721881866455078
1.353879451751709, 0.028079986572265625
1.346610426902771, 0.02737569808959961
1.3609752655029297, 0.028261899948120117
1.3536211252212524, 0.02776312828063965
1.3553680181503296, 0.02780747413635254
1.3519054651260376, 0.027805328369140625
1.3500442504882812, 0.02808213233947754
1.3422478437423706, 0.02780294418334961
1.352542519569397, 0.02777695655822754
1.3501253128051758, 0.028038501739501953
1.3432941436767578, 0.02760624885559082
1.3521742820739746, 0.027426958084106445
1.3478169441223145, 0.027895212173461914
1.3482731580734253, 0.027607202529907227
1.3480761051177979, 0.027603864669799805
1.3440053462982178, 0.027670860290527344
1.3555893898010254, 0.027805089950561523
1.349852442741394, 0.02797985076904297
1.3526666164398193, 0.02776646614074707
1.3487279415130615, 0.027647972106933594
1.3482515811920166, 0.027724742889404297
1.353464126586914, 0.027695417404174805
1.3452188968658447, 0.02749180793762207
1.3630632162094116, 0.02757859230041504
1.353592038154602, 0.02774834632873535
1.3443604707717896, 0.02770066261291504
1.3509283065795898, 0.027573585510253906
1.3507510423660278, 0.027576923370361328
1.3435368537902832, 0.027790069580078125
1.3415905237197876, 0.027810096740722656
1.342282772064209, 0.027747631072998047
1.3507378101348877, 0.027922391891479492
1.3484522104263306, 0.02766704559326172
1.3505046367645264, 0.02774810791015625
1.3480844497680664, 0.027805328369140625
1.3576531410217285, 0.027812480926513672
1.3495023250579834, 0.028057098388671875
1.3555138111114502, 0.027698993682861328
1.348501205444336, 0.027616024017333984
1.343343734741211, 0.027565717697143555
1.3456045389175415, 0.02775740623474121
1.353578805923462, 0.02791285514831543
1.339354395866394, 0.02782893180847168
1.3565690517425537, 0.027775049209594727
1.3540079593658447, 0.027782440185546875
1.3526071310043335, 0.027703046798706055
1.3525718450546265, 0.027845144271850586
1.3582115173339844, 0.027771711349487305
1.339158535003662, 0.027617692947387695
1.3585060834884644, 0.027745723724365234
1.3456329107284546, 0.02772045135498047
1.3468883037567139, 0.027922391891479492
1.3480693101882935, 0.027612686157226562
1.36243736743927, 0.02779841423034668
1.3383123874664307, 0.027756690979003906
1.349993348121643, 0.02748274803161621
1.3331844806671143, 0.027956008911132812
1.352071762084961, 0.02757740020751953
1.3445770740509033, 0.027675867080688477
1.3536261320114136, 0.027648448944091797
1.3526852130889893, 0.027561187744140625
1.341987133026123, 0.027581453323364258
1.339684247970581, 0.027749300003051758
1.3522230386734009, 0.027591943740844727
1.3456003665924072, 0.02784585952758789
1.3445501327514648, 0.02782750129699707
1.3552567958831787, 0.027797698974609375
1.3615295886993408, 0.027927875518798828
1.3480161428451538, 0.02787160873413086
1.352845549583435, 0.028093814849853516
1.3516780138015747, 0.028005599975585938
1.346757411956787, 0.027246952056884766
1.3488914966583252, 0.02789783477783203
1.3547550439834595, 0.02773141860961914
1.3550516366958618, 0.02790522575378418
1.351536512374878, 0.027829885482788086
1.3484028577804565, 0.027796506881713867
1.3432555198669434, 0.027801036834716797
1.3556489944458008, 0.027773380279541016
1.346938133239746, 0.027814865112304688
1.3495562076568604, 0.02786707878112793
1.3458564281463623, 0.027785539627075195
1.3391520977020264, 0.027799367904663086
1.3527873754501343, 0.027871370315551758
1.3530089855194092, 0.027774810791015625
1.362346887588501, 0.02804112434387207
1.3461705446243286, 0.027894258499145508
1.3480626344680786, 0.02811455726623535
1.350845456123352, 0.027246475219726562
1.3473466634750366, 0.027751684188842773
1.361568570137024, 0.02740764617919922
1.3524084091186523, 0.027622222900390625
1.3537548780441284, 0.027890443801879883
1.353905439376831, 0.027519941329956055
1.3523551225662231, 0.02763819694519043
1.3307783603668213, 0.027878284454345703
1.3526146411895752, 0.02783656120300293
1.3577449321746826, 0.027840375900268555
1.3485140800476074, 0.027679920196533203
1.3507530689239502, 0.027756929397583008
1.3496849536895752, 0.02773427963256836
1.3467408418655396, 0.02772998809814453
1.3414748907089233, 0.027847766876220703
1.345308542251587, 0.02781081199645996
1.3499953746795654, 0.027760028839111328
1.3625900745391846, 0.027695655822753906
1.3441989421844482, 0.027601957321166992
1.3401000499725342, 0.027701854705810547
1.3403804302215576, 0.02788519859313965
1.346837043762207, 0.027699708938598633
1.3469810485839844, 0.0279386043548584
1.357516884803772, 0.027593135833740234
1.3528497219085693, 0.027873754501342773
1.3452281951904297, 0.027987957000732422
1.348178744316101, 0.02785015106201172
1.3453480005264282, 0.02772665023803711
1.3506865501403809, 0.027549028396606445
1.339685320854187, 0.027742862701416016
1.3506989479064941, 0.02787947654724121
1.3488826751708984, 0.02783823013305664
1.3474323749542236, 0.027803421020507812
1.3521432876586914, 0.02800154685974121
1.3507404327392578, 0.027678489685058594
1.3459665775299072, 0.027355432510375977
1.358307123184204, 0.027500629425048828
1.3461692333221436, 0.02763819694519043
1.3464666604995728, 0.027666807174682617
1.3538403511047363, 0.02755570411682129
1.3503382205963135, 0.02776050567626953
1.3495922088623047, 0.027869701385498047
1.3505172729492188, 0.027827739715576172
1.3522511720657349, 0.02780604362487793
1.3580186367034912, 0.02783656120300293
1.3439240455627441, 0.02781820297241211
1.3355518579483032, 0.027906179428100586
1.3484272956848145, 0.027731657028198242
1.353786587715149, 0.02786874771118164
1.3612141609191895, 0.02786850929260254
1.3584390878677368, 0.027666807174682617
1.3422036170959473, 0.02751302719116211
1.3451555967330933, 0.02772831916809082
1.3439838886260986, 0.027686357498168945
1.3517041206359863, 0.027618885040283203
1.3530137538909912, 0.027777910232543945
1.3515892028808594, 0.027629613876342773
1.3583656549453735, 0.027816057205200195
1.3492016792297363, 0.02788090705871582
1.3424968719482422, 0.02774786949157715
1.355086326599121, 0.02775740623474121
1.358983039855957, 0.0277554988861084
1.3470330238342285, 0.02773451805114746
1.3451900482177734, 0.027821779251098633
1.337378740310669, 0.027751922607421875
1.3592250347137451, 0.028017044067382812
1.3592476844787598, 0.0276796817779541
1.3513450622558594, 0.027858495712280273
1.367201805114746, 0.027788162231445312
1.3471627235412598, 0.02778005599975586
1.3547344207763672, 0.02768230438232422
1.3552870750427246, 0.027506589889526367
1.3531452417373657, 0.02762126922607422
1.3509680032730103, 0.02774643898010254
1.347869873046875, 0.027665376663208008
1.352562427520752, 0.027761459350585938
1.3400349617004395, 0.027920007705688477
1.3429203033447266, 0.028191566467285156
1.351802945137024, 0.027716398239135742
1.335895299911499, 0.027614831924438477
1.3458478450775146, 0.027684926986694336
1.3526709079742432, 0.027931690216064453
1.3513164520263672, 0.027392864227294922
1.346402883529663, 0.027730464935302734
1.350745439529419, 0.027788162231445312
1.3417333364486694, 0.027637004852294922
1.344358205795288, 0.027744770050048828
1.3508517742156982, 0.027513504028320312
1.3539764881134033, 0.027625322341918945
1.357208490371704, 0.027534008026123047
1.3494786024093628, 0.027722835540771484
1.3446667194366455, 0.027767181396484375
1.3455724716186523, 0.027702808380126953
1.3561357259750366, 0.027820348739624023
1.3426365852355957, 0.027754545211791992
1.3439140319824219, 0.027793407440185547
1.3398712873458862, 0.02776813507080078
1.3563807010650635, 0.027768611907958984
1.353821039199829, 0.027830839157104492
1.3504576683044434, 0.02790045738220215
1.359503984451294, 0.02776932716369629
1.3564879894256592, 0.02798008918762207
1.3534187078475952, 0.02737736701965332
1.3531856536865234, 0.027709245681762695
1.3542869091033936, 0.02778148651123047
1.3448443412780762, 0.027767419815063477
1.3503215312957764, 0.027730941772460938
1.3372275829315186, 0.027747154235839844
1.3468866348266602, 0.02780318260192871
1.3530462980270386, 0.027877330780029297
1.358797311782837, 0.0277557373046875
1.3486669063568115, 0.02766275405883789
1.3326975107192993, 0.02790045738220215
1.3468642234802246, 0.027956008911132812
1.3531832695007324, 0.02800607681274414
1.3565984964370728, 0.027621984481811523
1.3473083972930908, 0.027628421783447266
1.3387224674224854, 0.02765822410583496
1.346384048461914, 0.027799606323242188
1.335951566696167, 0.02785038948059082
1.3586887121200562, 0.027853012084960938
1.3585090637207031, 0.0280611515045166
1.356724739074707, 0.027988672256469727
1.3429099321365356, 0.027434825897216797
1.3406286239624023, 0.02786564826965332
1.3390164375305176, 0.02788853645324707
1.3427703380584717, 0.027582883834838867
1.3561136722564697, 0.02743697166442871
1.355027437210083, 0.027667760848999023
1.3579555749893188, 0.027675390243530273
1.35593843460083, 0.027722835540771484
1.345776915550232, 0.027712345123291016
1.33820641040802, 0.02776336669921875
1.3552358150482178, 0.0278017520904541
1.3579213619232178, 0.02779412269592285
1.3404760360717773, 0.027650833129882812
1.3457019329071045, 0.027789592742919922
1.337270736694336, 0.027733325958251953
1.341954231262207, 0.02810811996459961
1.3485009670257568, 0.027323007583618164
1.3387813568115234, 0.027628660202026367
1.3397413492202759, 0.027890920639038086
1.3562095165252686, 0.028082609176635742
1.3501579761505127, 0.027788639068603516
1.352043867111206, 0.027626991271972656
1.354139804840088, 0.027916669845581055
1.3470561504364014, 0.027270078659057617
1.3551208972930908, 0.027812957763671875
1.349665641784668, 0.02768874168395996
1.3378697633743286, 0.028426408767700195
1.3481345176696777, 0.027084827423095703
1.3469469547271729, 0.027579545974731445
1.3481242656707764, 0.027677536010742188
1.3454738855361938, 0.02763223648071289
1.3477306365966797, 0.027772903442382812
1.3514900207519531, 0.027746915817260742
1.3603326082229614, 0.027740001678466797
1.339754343032837, 0.02782130241394043
1.3494912385940552, 0.02821516990661621
1.3480610847473145, 0.027286052703857422
1.3445627689361572, 0.027764320373535156
1.3560487031936646, 0.02800750732421875
1.3557370901107788, 0.027415037155151367
1.3445976972579956, 0.0277254581451416
1.35099196434021, 0.027793407440185547
1.3417267799377441, 0.027774810791015625
1.354291558265686, 0.027594327926635742
1.3473132848739624, 0.027706146240234375
1.3509066104888916, 0.027568817138671875
1.3586089611053467, 0.027879953384399414
1.3656367063522339, 0.027506113052368164
1.3486899137496948, 0.027750492095947266
1.343807339668274, 0.027837514877319336
1.347334623336792, 0.027853965759277344
1.348441481590271, 0.028205156326293945
1.3466887474060059, 0.027595043182373047
1.3500968217849731, 0.027870655059814453
1.3568354845046997, 0.0277707576751709
1.3563847541809082, 0.027719497680664062
1.3515853881835938, 0.027701139450073242
1.3499850034713745, 0.027631282806396484
1.3525590896606445, 0.027651548385620117
1.3520466089248657, 0.027731895446777344
1.344395637512207, 0.027701854705810547
1.3519372940063477, 0.027805089950561523
1.3461346626281738, 0.02764725685119629
1.3513597249984741, 0.02769184112548828
1.3465875387191772, 0.027661561965942383
1.3452116250991821, 0.027811527252197266
1.3485026359558105, 0.027799606323242188
1.354482650756836, 0.027775049209594727
1.3499274253845215, 0.027702808380126953
1.3502707481384277, 0.02815723419189453
1.3477823734283447, 0.0276033878326416
1.3457591533660889, 0.027772188186645508
1.3643474578857422, 0.028070449829101562
1.3490257263183594, 0.027329206466674805
1.341306209564209, 0.02807164192199707
1.3502323627471924, 0.02785968780517578
1.3453658819198608, 0.028135299682617188
1.3550233840942383, 0.027295351028442383
1.3461337089538574, 0.027164936065673828
1.3507285118103027, 0.027749300003051758
1.3463319540023804, 0.027677059173583984
1.3454214334487915, 0.027718067169189453
1.3447192907333374, 0.027843713760375977
1.3417527675628662, 0.02781057357788086
1.3451262712478638, 0.027930498123168945
1.355479121208191, 0.028136730194091797
1.3410353660583496, 0.02802872657775879
1.3569222688674927, 0.02735161781311035
1.343495488166809, 0.027712106704711914
1.3610053062438965, 0.02773571014404297
1.3450069427490234, 0.027797698974609375
1.346880316734314, 0.02771925926208496
1.3453483581542969, 0.027727603912353516
1.3537793159484863, 0.027822256088256836
1.3499948978424072, 0.027718305587768555
1.348060965538025, 0.02793574333190918
1.358242392539978, 0.027059316635131836
1.3383536338806152, 0.027943134307861328
1.3466122150421143, 0.02766132354736328
1.336717963218689, 0.02765822410583496
1.3622119426727295, 0.02795124053955078
1.3502488136291504, 0.027115345001220703
1.3400135040283203, 0.0277097225189209
1.3505597114562988, 0.02792501449584961
1.3418940305709839, 0.028180360794067383
1.347120761871338, 0.02724480628967285
1.3531792163848877, 0.02807474136352539
1.3364746570587158, 0.02781844139099121
1.3607838153839111, 0.027611255645751953
1.358882188796997, 0.027774572372436523
1.3528542518615723, 0.027665138244628906
1.3511589765548706, 0.027698040008544922
1.3456975221633911, 0.027891159057617188
1.3491706848144531, 0.027561187744140625
1.3452051877975464, 0.02728104591369629
1.3332620859146118, 0.027768850326538086
1.3432519435882568, 0.027698040008544922
1.3605960607528687, 0.028028011322021484
1.336718201637268, 0.02779221534729004
1.343616247177124, 0.027398347854614258
1.356339693069458, 0.027864933013916016
1.3430160284042358, 0.027862071990966797
1.3520536422729492, 0.028010845184326172
1.3496711254119873, 0.027614116668701172
1.3543713092803955, 0.027424097061157227
1.3555606603622437, 0.02775120735168457
1.3472844362258911, 0.027851581573486328
1.3653305768966675, 0.028033971786499023
1.340202808380127, 0.02725505828857422
1.3567558526992798, 0.027570009231567383
1.357274055480957, 0.027789831161499023
1.3510322570800781, 0.027837753295898438
1.3519108295440674, 0.027602195739746094
1.35316801071167, 0.02775287628173828
1.3404686450958252, 0.02768874168395996
1.349278211593628, 0.028023242950439453
1.3510853052139282, 0.027713775634765625
1.3380684852600098, 0.02770829200744629
1.3442890644073486, 0.027983427047729492
1.3560940027236938, 0.027392148971557617
1.344653844833374, 0.028064966201782227
1.3378546237945557, 0.027467012405395508
1.3612887859344482, 0.02771925926208496
1.3564894199371338, 0.02777838706970215
1.3456103801727295, 0.02769303321838379
1.35039222240448, 0.027721405029296875
1.348149061203003, 0.027715206146240234
1.3521833419799805, 0.027944564819335938
1.3417681455612183, 0.027361154556274414
1.3423750400543213, 0.027717113494873047
1.35141921043396, 0.02752208709716797
1.338739275932312, 0.027642250061035156
1.3442820310592651, 0.027747631072998047
1.3465594053268433, 0.027918338775634766
1.3457415103912354, 0.028093814849853516
1.3557461500167847, 0.02788543701171875
1.344105839729309, 0.027721881866455078
1.3519374132156372, 0.027686595916748047
1.3509913682937622, 0.027855634689331055
1.3580321073532104, 0.027915000915527344
1.3440285921096802, 0.02806687355041504
1.354881763458252, 0.02768254280090332
1.3540347814559937, 0.027530431747436523
1.3609790802001953, 0.027649641036987305
1.336225152015686, 0.027660369873046875
1.3467360734939575, 0.027599096298217773
1.3416130542755127, 0.027704238891601562
1.3423185348510742, 0.027680158615112305
1.345571756362915, 0.02803492546081543
1.345800757408142, 0.027577638626098633
1.3504642248153687, 0.027809858322143555
1.351733684539795, 0.027996063232421875
1.3467810153961182, 0.027591466903686523
1.35200834274292, 0.02772998809814453
1.3559951782226562, 0.02776479721069336
1.345248818397522, 0.027730226516723633
1.3442139625549316, 0.027833223342895508
1.3497974872589111, 0.027736902236938477
1.3492509126663208, 0.027819156646728516
1.3467047214508057, 0.02764153480529785
1.3499507904052734, 0.027587175369262695
1.3670378923416138, 0.02795243263244629
1.3591417074203491, 0.027359724044799805
1.3509634733200073, 0.027655601501464844
1.350581407546997, 0.027715682983398438
1.3530203104019165, 0.0279996395111084
1.356675624847412, 0.02753448486328125
1.3517245054244995, 0.027953624725341797
1.345478892326355, 0.02800464630126953
1.3532731533050537, 0.027568578720092773
1.35410475730896, 0.027606487274169922
1.3519151210784912, 0.027516603469848633
1.3443841934204102, 0.028220176696777344
1.351658821105957, 0.02739882469177246
1.3536605834960938, 0.02779102325439453
1.3597722053527832, 0.027714014053344727
1.3482270240783691, 0.027770519256591797
1.3463101387023926, 0.027741193771362305
1.3303927183151245, 0.027675867080688477
1.3550899028778076, 0.027795791625976562
1.356774091720581, 0.028050899505615234
1.3535327911376953, 0.027345657348632812
1.3502906560897827, 0.027841567993164062
1.3545851707458496, 0.027590274810791016
1.3497745990753174, 0.027811527252197266
1.3583130836486816, 0.027209997177124023
1.355545163154602, 0.027718782424926758
1.3518272638320923, 0.027681589126586914
1.357377052307129, 0.028156280517578125
1.3433809280395508, 0.027777910232543945
1.3400342464447021, 0.028278827667236328
1.3605328798294067, 0.027269363403320312
1.3530538082122803, 0.027685880661010742
1.3495492935180664, 0.028090953826904297
1.3433997631072998, 0.02786087989807129
1.3533368110656738, 0.027525663375854492
1.3586158752441406, 0.027192354202270508
1.3646035194396973, 0.02774786949157715
1.3578906059265137, 0.027786970138549805
1.3480104207992554, 0.02808523178100586
1.3562703132629395, 0.027805566787719727
1.3558841943740845, 0.02769756317138672
1.3496416807174683, 0.02793717384338379
1.3629332780838013, 0.027501821517944336
1.3525762557983398, 0.02785348892211914
1.350896954536438, 0.027970552444458008
1.3544518947601318, 0.027791261672973633
1.336740493774414, 0.027727365493774414
1.3479409217834473, 0.027782678604125977
1.3505347967147827, 0.027645111083984375
1.3555192947387695, 0.02768874168395996
1.3482520580291748, 0.027647972106933594
1.3462971448898315, 0.0280458927154541
1.3542170524597168, 0.0276792049407959
1.3463375568389893, 0.02731013298034668
1.3458349704742432, 0.027729034423828125
1.3547625541687012, 0.027724742889404297
1.3443986177444458, 0.027815580368041992
1.3493820428848267, 0.027974605560302734
1.351358413696289, 0.02772808074951172
1.340484380722046, 0.02725505828857422
1.3560937643051147, 0.027748584747314453
1.3466694355010986, 0.02774524688720703
1.3522794246673584, 0.027899503707885742
1.3541467189788818, 0.02782297134399414
1.3435397148132324, 0.027605772018432617
1.3445544242858887, 0.027596473693847656
1.351575493812561, 0.027599096298217773
1.3454968929290771, 0.027774810791015625
1.3581535816192627, 0.028059720993041992
1.3508058786392212, 0.027394533157348633
1.3507251739501953, 0.027816057205200195
1.3562120199203491, 0.02769756317138672
1.344062089920044, 0.027765989303588867
1.3471688032150269, 0.02802562713623047
1.3512002229690552, 0.027440547943115234
1.3427932262420654, 0.02780747413635254
1.3552285432815552, 0.02775859832763672
1.351934552192688, 0.02781391143798828
1.3514347076416016, 0.02774977684020996
1.357011318206787, 0.027794837951660156
1.350575566291809, 0.027881145477294922
1.3580365180969238, 0.027709007263183594
1.3619804382324219, 0.027596712112426758
1.348311424255371, 0.02768230438232422
1.3379240036010742, 0.027740478515625
1.3484039306640625, 0.027759552001953125
1.353363275527954, 0.02764606475830078
1.3598846197128296, 0.027930021286010742
1.3500502109527588, 0.02752685546875
1.332291841506958, 0.027408123016357422
1.3617886304855347, 0.027886629104614258
1.345435380935669, 0.027806758880615234
1.36692476272583, 0.027956247329711914
1.351062536239624, 0.027708053588867188
1.3548811674118042, 0.027764558792114258
1.3534743785858154, 0.027922868728637695
1.3522708415985107, 0.027834653854370117
1.3572742938995361, 0.02769923210144043
1.3614332675933838, 0.02776312828063965
1.3539069890975952, 0.02714824676513672
1.3325539827346802, 0.028047800064086914
1.3596351146697998, 0.027798175811767578
1.3493274450302124, 0.02773261070251465
1.3552082777023315, 0.027866601943969727
1.3509886264801025, 0.027777910232543945
1.3501808643341064, 0.027720928192138672
1.3458151817321777, 0.027405977249145508
1.3425934314727783, 0.027786970138549805
1.3553600311279297, 0.027799129486083984
1.34614098072052, 0.0282285213470459
1.3451199531555176, 0.02748250961303711
1.3352004289627075, 0.027424097061157227
1.3545987606048584, 0.027810096740722656
1.3463140726089478, 0.028227567672729492
1.3620808124542236, 0.027197599411010742
1.3482277393341064, 0.027545452117919922
1.3596906661987305, 0.028243303298950195
1.3587970733642578, 0.028125286102294922
1.346666932106018, 0.027260780334472656
1.3458421230316162, 0.027605295181274414
1.3508343696594238, 0.02775859832763672
1.3489024639129639, 0.02760004997253418
1.349600911140442, 0.027753829956054688
1.3524374961853027, 0.02777552604675293
1.35794997215271, 0.027735233306884766
1.3498135805130005, 0.02778935432434082
1.3521578311920166, 0.027797698974609375
1.337287425994873, 0.027795076370239258
1.3429405689239502, 0.027951717376708984
1.3492659330368042, 0.027713537216186523
1.3564081192016602, 0.027752399444580078
1.3541409969329834, 0.027794361114501953
1.3565365076065063, 0.027575254440307617
1.345394492149353, 0.027693510055541992
1.3460537195205688, 0.02751326560974121
1.353371500968933, 0.027622222900390625
1.3524458408355713, 0.027914047241210938
1.346822738647461, 0.027473926544189453
1.355022668838501, 0.02771472930908203
1.3499842882156372, 0.027760982513427734
1.3442926406860352, 0.027803421020507812
1.3444184064865112, 0.028658390045166016
1.34578275680542, 0.02682328224182129
1.354734182357788, 0.027812957763671875
1.3525753021240234, 0.02782130241394043
1.3608423471450806, 0.027584075927734375
1.3473496437072754, 0.027689218521118164
1.3569384813308716, 0.027814626693725586
1.3436731100082397, 0.027675628662109375
1.3476685285568237, 0.027782440185546875
1.362856388092041, 0.027918100357055664
1.367211937904358, 0.027897119522094727
1.3467937707901, 0.027732133865356445
1.3463554382324219, 0.02778029441833496
1.3435148000717163, 0.028041362762451172
1.3433480262756348, 0.027352571487426758
1.345853567123413, 0.02763080596923828
1.3409191370010376, 0.02760791778564453
1.3490486145019531, 0.027939319610595703
1.3449180126190186, 0.02792954444885254
1.3516898155212402, 0.02738785743713379
1.3388352394104004, 0.02780914306640625
1.3508179187774658, 0.027822256088256836
1.3576589822769165, 0.027774333953857422
1.348681926727295, 0.027738094329833984
1.355334997177124, 0.027636051177978516
1.354285478591919, 0.027690410614013672
1.3516854047775269, 0.02793741226196289
1.3497027158737183, 0.027594804763793945
1.3435797691345215, 0.027666330337524414
1.3511230945587158, 0.027580976486206055
1.3501360416412354, 0.027697324752807617
1.3536641597747803, 0.028159379959106445
1.3383710384368896, 0.02734231948852539
1.3523733615875244, 0.02830815315246582
1.3545256853103638, 0.02733325958251953
1.3485950231552124, 0.02811431884765625
1.360262155532837, 0.027641773223876953
1.355499029159546, 0.027631044387817383
1.3479321002960205, 0.027385950088500977
1.3442702293395996, 0.027811050415039062
1.350405216217041, 0.027895212173461914
1.3467340469360352, 0.027858257293701172
1.3506542444229126, 0.02792072296142578
1.353328824043274, 0.02766585350036621
1.3473479747772217, 0.027616262435913086
1.3523492813110352, 0.027848243713378906
1.339805006980896, 0.02779102325439453
1.340649962425232, 0.027465105056762695
1.3529918193817139, 0.027536392211914062
1.34968900680542, 0.027696847915649414
1.3436704874038696, 0.02760624885559082
1.3384993076324463, 0.027726411819458008
1.3549108505249023, 0.02761530876159668
1.351769208908081, 0.02783823013305664
1.344091534614563, 0.02771925926208496
1.3533167839050293, 0.027837276458740234
1.3486831188201904, 0.02782297134399414
1.3477129936218262, 0.0277712345123291
1.3511970043182373, 0.027771472930908203
1.3582687377929688, 0.02774810791015625
1.3431811332702637, 0.027849197387695312
1.3508261442184448, 0.027659893035888672
1.3487637042999268, 0.0279843807220459
1.3405539989471436, 0.027532100677490234
1.351708173751831, 0.027734756469726562
1.3431823253631592, 0.02768540382385254
1.3464906215667725, 0.027729511260986328
1.3404163122177124, 0.027985811233520508
1.3488099575042725, 0.027772188186645508
1.3521736860275269, 0.02792954444885254
1.3506413698196411, 0.027776479721069336
1.3507733345031738, 0.0278017520904541
1.3420798778533936, 0.02777266502380371
1.3420131206512451, 0.0277707576751709
1.364011287689209, 0.02771139144897461
1.3455884456634521, 0.028055906295776367
1.3545215129852295, 0.02772355079650879
1.3539546728134155, 0.02747201919555664
1.3505111932754517, 0.02776503562927246
1.3479419946670532, 0.027686595916748047
1.347925066947937, 0.027662992477416992
1.3480288982391357, 0.027701377868652344
1.3555908203125, 0.02761983871459961
1.3461382389068604, 0.027638673782348633
1.3600196838378906, 0.027891874313354492
1.35409414768219, 0.02749490737915039
1.334121823310852, 0.027585744857788086
1.3578294515609741, 0.027851343154907227
1.349550724029541, 0.027886152267456055
1.3480627536773682, 0.028219938278198242
1.3605464696884155, 0.028000354766845703
1.3472412824630737, 0.027205705642700195
1.368009090423584, 0.02781367301940918
1.3442225456237793, 0.027776241302490234
1.352595567703247, 0.02774667739868164
1.3459194898605347, 0.027863502502441406
1.3526157140731812, 0.02759695053100586
1.3547435998916626, 0.02768731117248535
1.3657195568084717, 0.02777385711669922
1.3558481931686401, 0.027773380279541016
1.3444105386734009, 0.02773761749267578
1.3508342504501343, 0.028257131576538086
1.3543285131454468, 0.027582168579101562
1.346559762954712, 0.028020858764648438
1.3460395336151123, 0.027739524841308594
1.3513941764831543, 0.027745962142944336
1.3537471294403076, 0.027745962142944336
1.3456248044967651, 0.027742624282836914
1.349687933921814, 0.02770256996154785
1.358596682548523, 0.02778768539428711
1.3498800992965698, 0.027781248092651367
1.360232949256897, 0.027853965759277344
1.3343020677566528, 0.027751445770263672
1.3535808324813843, 0.027727842330932617
1.3512763977050781, 0.02792978286743164
1.3503528833389282, 0.02710747718811035
1.3404512405395508, 0.027675151824951172
1.347687005996704, 0.027623891830444336
1.3483339548110962, 0.02775430679321289
1.358399748802185, 0.027895689010620117
1.3483999967575073, 0.027591228485107422
1.3542044162750244, 0.027631044387817383
1.347315788269043, 0.02778911590576172
1.33847975730896, 0.027747392654418945
1.3518741130828857, 0.02775859832763672
1.3512722253799438, 0.028082847595214844
1.3417115211486816, 0.02769303321838379
1.3375569581985474, 0.02752208709716797
1.3499935865402222, 0.027730226516723633
1.3446024656295776, 0.027850866317749023
1.349164366722107, 0.02740621566772461
1.3668882846832275, 0.027829647064208984
1.3470187187194824, 0.02773261070251465
1.346531867980957, 0.027767181396484375
1.3396265506744385, 0.027718782424926758
1.3436228036880493, 0.02776026725769043
1.3503785133361816, 0.027665376663208008
1.3472716808319092, 0.027816295623779297
1.3503797054290771, 0.027910470962524414
1.357520341873169, 0.027712583541870117
1.350775122642517, 0.028128623962402344
1.3351786136627197, 0.02774977684020996
1.3542248010635376, 0.02777266502380371
1.3409007787704468, 0.027672529220581055
1.3387004137039185, 0.027989625930786133
1.3453326225280762, 0.027554988861083984
1.3497905731201172, 0.027254581451416016
1.35077965259552, 0.027939796447753906
1.3573923110961914, 0.0272214412689209
1.359997034072876, 0.027710914611816406
1.3488303422927856, 0.02783679962158203
1.3447686433792114, 0.028192520141601562
1.3492618799209595, 0.02725076675415039
1.3424968719482422, 0.0276944637298584
1.349359154701233, 0.027688980102539062
1.3555421829223633, 0.027703523635864258
1.352596640586853, 0.02781534194946289
1.3528746366500854, 0.027770280838012695
1.3529080152511597, 0.028179645538330078
1.3613255023956299, 0.027588605880737305
1.3465090990066528, 0.027698278427124023
1.3467237949371338, 0.027744770050048828
1.3530186414718628, 0.027861595153808594
1.348229169845581, 0.027675390243530273
1.3539352416992188, 0.027743101119995117
1.3470876216888428, 0.027782917022705078
1.3472857475280762, 0.027846336364746094
1.351100206375122, 0.027942419052124023
1.3532953262329102, 0.0273895263671875
1.3485702276229858, 0.02800154685974121
1.3560892343521118, 0.027677536010742188
1.3498826026916504, 0.027778148651123047
1.351928949356079, 0.027734994888305664
1.3441007137298584, 0.02738642692565918
1.3579707145690918, 0.02773737907409668
1.3536220788955688, 0.02788257598876953
1.3441531658172607, 0.028174400329589844
1.359082579612732, 0.027184247970581055
1.3566792011260986, 0.027663230895996094
1.349223017692566, 0.027767181396484375
1.352855920791626, 0.02776789665222168
1.356964111328125, 0.027792930603027344
1.3537673950195312, 0.027760028839111328
1.3595632314682007, 0.027679920196533203
1.3481262922286987, 0.027744054794311523
1.3508074283599854, 0.027879714965820312
1.3396337032318115, 0.027669429779052734
1.3546268939971924, 0.02760934829711914
1.3451778888702393, 0.027667522430419922
1.3588290214538574, 0.02819037437438965
1.3472366333007812, 0.027740001678466797
1.3492337465286255, 0.02760624885559082
1.3519304990768433, 0.028103113174438477
1.3505476713180542, 0.02745819091796875
1.3559911251068115, 0.027601957321166992
1.3486779928207397, 0.027671337127685547
1.3542532920837402, 0.027410030364990234
1.3467828035354614, 0.027751684188842773
1.3604918718338013, 0.02787494659423828
1.3562431335449219, 0.027717113494873047
1.3466122150421143, 0.02762460708618164
1.3497967720031738, 0.02762150764465332
1.3360586166381836, 0.027692079544067383
1.3473058938980103, 0.027743816375732422
1.3542072772979736, 0.027794599533081055
1.34456205368042, 0.027794361114501953
1.3516566753387451, 0.027781009674072266
1.3480641841888428, 0.027805328369140625
1.3494417667388916, 0.027649879455566406
1.341949701309204, 0.027587890625
1.3527363538742065, 0.027453899383544922
1.3536617755889893, 0.027806997299194336
1.3435840606689453, 0.028041839599609375
1.3593025207519531, 0.0276796817779541
1.3456536531448364, 0.027985572814941406
1.34638512134552, 0.02721095085144043
1.343571662902832, 0.027714252471923828
1.3365566730499268, 0.027747154235839844
1.3513890504837036, 0.02776312828063965
1.3340120315551758, 0.02778458595275879
1.3335695266723633, 0.027683734893798828
1.3429784774780273, 0.027799367904663086
1.336645245552063, 0.02779674530029297
1.3600109815597534, 0.027727603912353516
1.3445594310760498, 0.027646780014038086
1.3372628688812256, 0.027734041213989258
1.3582582473754883, 0.027789831161499023
1.3420608043670654, 0.027637720108032227
1.339496374130249, 0.02773571014404297
1.3493542671203613, 0.027849674224853516
1.346105694770813, 0.02788519859313965
1.3570457696914673, 0.027811288833618164
1.3467445373535156, 0.02767801284790039
1.346640706062317, 0.02772378921508789
1.3593330383300781, 0.027759552001953125
1.3559105396270752, 0.027665376663208008
1.355513095855713, 0.027675151824951172
1.3519387245178223, 0.027513504028320312
1.350576639175415, 0.027780532836914062
1.3510589599609375, 0.027812719345092773
1.347369909286499, 0.02810525894165039
1.3410625457763672, 0.02756977081298828
1.3504116535186768, 0.027503013610839844
1.349409580230713, 0.02772831916809082
1.3514270782470703, 0.02765655517578125
1.3420534133911133, 0.027629852294921875
1.346179485321045, 0.027749061584472656
1.3527719974517822, 0.027777433395385742
1.3521671295166016, 0.028497934341430664
1.3493870496749878, 0.028214454650878906
1.3571882247924805, 0.027528047561645508
1.3584647178649902, 0.027469158172607422
1.3588807582855225, 0.027781248092651367
1.3487359285354614, 0.02802753448486328
1.34270441532135, 0.027457475662231445
1.3476479053497314, 0.027749061584472656
1.3446431159973145, 0.028037548065185547
1.3488731384277344, 0.027647733688354492
1.336832880973816, 0.027495861053466797
1.3493626117706299, 0.02720952033996582
1.357939600944519, 0.02760171890258789
1.3558886051177979, 0.027773380279541016
1.3587913513183594, 0.0278317928314209
1.346372365951538, 0.028100252151489258
1.3357995748519897, 0.028069496154785156
1.3498347997665405, 0.0272371768951416
1.3339816331863403, 0.027781963348388672
1.3461298942565918, 0.028177738189697266
1.3580117225646973, 0.02771615982055664
1.355776071548462, 0.02729034423828125
1.3411844968795776, 0.027659893035888672
1.3565354347229004, 0.027677297592163086
1.3585988283157349, 0.027756214141845703
1.3505282402038574, 0.027741193771362305
1.3507999181747437, 0.027637004852294922
1.3544409275054932, 0.027733325958251953
1.3445476293563843, 0.02775859832763672
1.3472421169281006, 0.027809858322143555
1.3520761728286743, 0.02776336669921875
1.3472468852996826, 0.027776241302490234
1.3627208471298218, 0.02765035629272461
1.3556087017059326, 0.027685880661010742
1.3564050197601318, 0.028005361557006836
1.3546669483184814, 0.027431011199951172
1.357240915298462, 0.027363300323486328
1.3560397624969482, 0.028057336807250977
1.3557548522949219, 0.02772212028503418
1.3480474948883057, 0.027845144271850586
1.3531616926193237, 0.027689218521118164
1.3542630672454834, 0.027836084365844727
1.3490999937057495, 0.027943134307861328
1.3522090911865234, 0.027784109115600586
1.3529585599899292, 0.027768850326538086
1.3525890111923218, 0.0276792049407959
1.3480446338653564, 0.02772998809814453
1.3436524868011475, 0.027823925018310547
1.3562002182006836, 0.02772808074951172
1.3496800661087036, 0.027746915817260742
1.3509852886199951, 0.02808523178100586
1.348966121673584, 0.027389049530029297
1.359148383140564, 0.027835845947265625
1.356717824935913, 0.027777910232543945
1.3552504777908325, 0.02813124656677246
1.3457674980163574, 0.02752685546875
1.3435055017471313, 0.02718973159790039
1.3400347232818604, 0.027739763259887695
1.351961612701416, 0.027596712112426758
1.3593130111694336, 0.027785539627075195
1.3488411903381348, 0.0276792049407959
1.360065221786499, 0.027840137481689453
1.3374238014221191, 0.027721166610717773
1.343839406967163, 0.027781963348388672
1.3462011814117432, 0.027723073959350586
1.3573073148727417, 0.027899742126464844
1.352461814880371, 0.028258323669433594
1.3437758684158325, 0.027514934539794922
1.344151496887207, 0.027626752853393555
1.3499070405960083, 0.027673721313476562
1.347992181777954, 0.027779579162597656
1.3555359840393066, 0.027638912200927734
1.3429982662200928, 0.027548789978027344
1.3487308025360107, 0.028083086013793945
1.3491591215133667, 0.02762579917907715
1.353074550628662, 0.02785015106201172
1.3427996635437012, 0.028078317642211914
1.3420796394348145, 0.027492761611938477
1.342284917831421, 0.027720928192138672
1.355724811553955, 0.027595043182373047
1.3394304513931274, 0.027652502059936523
1.3423750400543213, 0.027693510055541992
1.3440427780151367, 0.027729511260986328
1.3577215671539307, 0.027754783630371094
1.3453150987625122, 0.027872085571289062
1.3538964986801147, 0.027905941009521484
1.3520617485046387, 0.0277557373046875
1.3547568321228027, 0.027655363082885742
1.345529556274414, 0.027836322784423828
1.3561257123947144, 0.02781987190246582
1.356330156326294, 0.027788162231445312
1.3412187099456787, 0.0070133209228515625
1.3471373319625854, 0.004941225051879883
1.358189344406128, 0.004126787185668945
1.336266040802002, 0.023848533630371094
1.3431439399719238, 0.027182579040527344
1.3527069091796875, 0.027823925018310547
1.3433161973953247, 0.027995824813842773
1.3366971015930176, 0.02783036231994629
1.356520652770996, 0.027944564819335938
1.3453426361083984, 0.02765941619873047
1.3507153987884521, 0.027926206588745117
1.3496109247207642, 0.02797698974609375
1.350276231765747, 0.027619600296020508
1.3519288301467896, 0.028052330017089844
1.357328176498413, 0.027251243591308594
1.3529510498046875, 0.02784132957458496
1.3609960079193115, 0.027865171432495117
1.3572012186050415, 0.027517080307006836
1.347264051437378, 0.028732776641845703
1.339031457901001, 0.02824687957763672
1.3471828699111938, 0.02729940414428711
1.3480956554412842, 0.02780771255493164
1.3420851230621338, 0.027749300003051758
1.3503994941711426, 0.027788162231445312
1.3470830917358398, 0.027876615524291992
1.3491464853286743, 0.027820825576782227
1.3544437885284424, 0.027794837951660156
1.3382411003112793, 0.02777719497680664
1.3389924764633179, 0.027727365493774414
1.349186897277832, 0.027834653854370117
1.347609281539917, 0.027692556381225586
1.3431196212768555, 0.027785301208496094
1.3449821472167969, 0.027683019638061523
1.3479399681091309, 0.027885913848876953
1.3537020683288574, 0.028195619583129883
1.344056487083435, 0.027414560317993164
1.3397763967514038, 0.027582883834838867
1.3563570976257324, 0.027679443359375
1.3456392288208008, 0.027530193328857422
1.3508654832839966, 0.027711153030395508
1.3490697145462036, 0.027797698974609375
1.3394832611083984, 0.0281829833984375
1.3483126163482666, 0.027712106704711914
1.3417812585830688, 0.02783656120300293
1.3502771854400635, 0.02779984474182129
1.3510594367980957, 0.02797555923461914
1.356252908706665, 0.027428865432739258
1.3432210683822632, 0.02765202522277832
1.3506436347961426, 0.02766251564025879
1.3422443866729736, 0.02759695053100586
1.3480457067489624, 0.02760028839111328
1.3514894247055054, 0.02752399444580078
1.3325262069702148, 0.027544021606445312
1.3424228429794312, 0.027666330337524414
1.3468847274780273, 0.028058290481567383
1.3504762649536133, 0.027867794036865234
1.3537054061889648, 0.027837038040161133
1.3426239490509033, 0.02790999412536621
1.3423559665679932, 0.02811717987060547
1.35689115524292, 0.027651548385620117
1.361821174621582, 0.027304649353027344
1.3531618118286133, 0.02782607078552246
1.3529469966888428, 0.027901887893676758
1.3473957777023315, 0.02775263786315918
1.3548197746276855, 0.027721166610717773
1.3578861951828003, 0.027654409408569336
1.3550515174865723, 0.02788257598876953
1.3500012159347534, 0.028037548065185547
1.3423025608062744, 0.02791428565979004
1.346447229385376, 0.027798175811767578
1.3524459600448608, 0.02795696258544922
1.349182367324829, 0.0271451473236084
1.344286561012268, 0.027814865112304688
1.3519079685211182, 0.02751016616821289
1.3623311519622803, 0.027462482452392578
1.357024908065796, 0.02765178680419922
1.3469663858413696, 0.027895212173461914
1.3373734951019287, 0.027961015701293945
1.343930721282959, 0.027826547622680664
1.3469274044036865, 0.027932167053222656
1.3373405933380127, 0.02793431282043457
1.3542529344558716, 0.02756333351135254
1.3497790098190308, 0.027652502059936523
1.3544974327087402, 0.027684688568115234
1.3545711040496826, 0.027771472930908203
1.3385014533996582, 0.02756810188293457
1.3521931171417236, 0.027642011642456055
1.335397720336914, 0.02769017219543457
1.3532713651657104, 0.027667999267578125
1.3435838222503662, 0.027860641479492188
1.3547372817993164, 0.027932167053222656
1.3534986972808838, 0.028130769729614258
1.3513931035995483, 0.02768874168395996
1.3474055528640747, 0.02778315544128418
1.3441805839538574, 0.027785778045654297
1.3470232486724854, 0.028087615966796875
1.3366889953613281, 0.02785968780517578
1.351050615310669, 0.02767801284790039
1.3496572971343994, 0.027677297592163086
1.342719554901123, 0.027698278427124023
1.3495681285858154, 0.027742385864257812
1.3429368734359741, 0.02782726287841797
1.3433561325073242, 0.027670860290527344
1.355100393295288, 0.02772998809814453
1.3510812520980835, 0.027651071548461914
1.3531804084777832, 0.02764582633972168
1.3502330780029297, 0.027588605880737305
1.3520257472991943, 0.027647018432617188
1.3519206047058105, 0.027605056762695312
1.358898401260376, 0.02774786949157715
1.3390651941299438, 0.027881383895874023
1.3501408100128174, 0.027759790420532227
1.3511673212051392, 0.028267621994018555
1.3407517671585083, 0.028056621551513672
1.349358320236206, 0.027773141860961914
1.3494436740875244, 0.027808189392089844
1.363119125366211, 0.02765178680419922
1.338181495666504, 0.027460098266601562
1.357870101928711, 0.027496814727783203
1.3421361446380615, 0.02756977081298828
1.3649921417236328, 0.027713775634765625
1.345621109008789, 0.02769184112548828
1.3507866859436035, 0.027828454971313477
1.344331979751587, 0.028165102005004883
1.349401831626892, 0.027802705764770508
1.3418312072753906, 0.02776646614074707
1.3614473342895508, 0.027728796005249023
1.3423175811767578, 0.028122663497924805
1.34584379196167, 0.027952194213867188
1.3469078540802002, 0.027701616287231445
1.3547054529190063, 0.027773618698120117
1.3445693254470825, 0.0277407169342041
1.348783254623413, 0.027860164642333984
1.3514918088912964, 0.027788400650024414
1.3590366840362549, 0.027737855911254883
1.3447446823120117, 0.02809309959411621
1.3493789434432983, 0.027284622192382812
1.3579670190811157, 0.028026342391967773
1.3475823402404785, 0.027598857879638672
1.3361754417419434, 0.02760004997253418
1.3385937213897705, 0.027712345123291016
1.3570997714996338, 0.027621984481811523
1.342576026916504, 0.02755594253540039
1.3542673587799072, 0.027543067932128906
1.339318037033081, 0.02769184112548828
1.3510866165161133, 0.027971744537353516
1.352850317955017, 0.027833938598632812
1.3527626991271973, 0.027782201766967773
1.3492496013641357, 0.0277249813079834
1.3459291458129883, 0.027710676193237305
1.3481242656707764, 0.02765941619873047
1.3518486022949219, 0.027849435806274414
1.3513128757476807, 0.02750229835510254
1.3510630130767822, 0.027564048767089844
1.350579023361206, 0.027617692947387695
1.3493332862854004, 0.02782750129699707
1.355056643486023, 0.02778792381286621
1.347038745880127, 0.028102397918701172
1.3400449752807617, 0.02732253074645996
1.3487995862960815, 0.0281674861907959
1.3636415004730225, 0.02725982666015625
1.347267508506775, 0.027393579483032227
1.3599324226379395, 0.027655363082885742
1.3473339080810547, 0.028069257736206055
1.355133295059204, 0.027842998504638672
1.352076768875122, 0.027734041213989258
1.3431237936019897, 0.028010129928588867
1.3496766090393066, 0.027415037155151367
1.3431251049041748, 0.027832508087158203
1.3483006954193115, 0.027782440185546875
1.3478825092315674, 0.02777886390686035
1.346305251121521, 0.027713298797607422
1.3495266437530518, 0.027721166610717773
1.342810034751892, 0.02769160270690918
1.3502929210662842, 0.02797079086303711
1.3488662242889404, 0.027563095092773438
1.356319785118103, 0.027651071548461914
1.3561067581176758, 0.027923107147216797
1.3446722030639648, 0.027170658111572266
1.33951735496521, 0.027671337127685547
1.3563450574874878, 0.027716636657714844
1.350759744644165, 0.02782130241394043
1.350938320159912, 0.028090476989746094
1.3530018329620361, 0.027495145797729492
1.342860221862793, 0.027787208557128906
1.34171724319458, 0.027930498123168945
1.3463586568832397, 0.027393579483032227
1.3655215501785278, 0.027620553970336914
1.3382649421691895, 0.027513742446899414
1.3500456809997559, 0.027738332748413086
1.3537611961364746, 0.0277712345123291
1.3578040599822998, 0.02772665023803711
1.3670275211334229, 0.027911901473999023
1.3452638387680054, 0.028348445892333984
1.3490173816680908, 0.027719497680664062
1.3559317588806152, 0.02756047248840332
1.358022689819336, 0.02754998207092285
1.3460524082183838, 0.0276639461517334
1.3494060039520264, 0.02773308753967285
1.3492052555084229, 0.027692079544067383
1.3448209762573242, 0.02791118621826172
1.349745750427246, 0.02769637107849121
1.3469843864440918, 0.027941465377807617
1.3396327495574951, 0.027785301208496094
1.348451852798462, 0.027686595916748047
1.360909342765808, 0.02775859832763672
1.3454011678695679, 0.027837276458740234
1.3489177227020264, 0.028005123138427734
1.3374375104904175, 0.027779340744018555
1.3614593744277954, 0.02767491340637207
1.3553569316864014, 0.027841806411743164
1.3589831590652466, 0.02755880355834961
1.3417329788208008, 0.027367115020751953
1.3526387214660645, 0.02770519256591797
1.3457032442092896, 0.02772831916809082
1.3463196754455566, 0.02794337272644043
1.3557924032211304, 0.027760028839111328
1.3519840240478516, 0.027817964553833008
1.3488157987594604, 0.027783632278442383
1.3541007041931152, 0.027703523635864258
1.350416898727417, 0.02801346778869629
1.356114149093628, 0.02701401710510254
1.3635990619659424, 0.027741432189941406
1.3512781858444214, 0.02781391143798828
1.3397319316864014, 0.027636051177978516
1.3586540222167969, 0.027897119522094727
1.346872329711914, 0.027787446975708008
1.3485667705535889, 0.02786707878112793
1.3413736820220947, 0.02807450294494629
1.347410798072815, 0.027352333068847656
1.338868260383606, 0.027662038803100586
1.3462318181991577, 0.027678728103637695
1.3515480756759644, 0.028066158294677734
1.3566110134124756, 0.027234315872192383
1.343443751335144, 0.027828693389892578
1.3401621580123901, 0.028325319290161133
1.3440461158752441, 0.0279083251953125
1.353661060333252, 0.027157068252563477
1.3439652919769287, 0.027689218521118164
1.3444137573242188, 0.027774333953857422
1.3498482704162598, 0.027793407440185547
1.343013048171997, 0.028048276901245117
1.3503633737564087, 0.027513980865478516
1.344630479812622, 0.0275421142578125
1.3502559661865234, 0.027706623077392578
1.3492987155914307, 0.027677297592163086
1.3616828918457031, 0.0283050537109375
1.345933198928833, 0.02733898162841797
1.3476778268814087, 0.027806758880615234
1.3481401205062866, 0.02763819694519043
1.3459361791610718, 0.027653932571411133
1.3589298725128174, 0.027669429779052734
1.347266674041748, 0.02752852439880371
1.337308645248413, 0.028040647506713867
1.346359372138977, 0.027465343475341797
1.362005352973938, 0.027471065521240234
1.3524565696716309, 0.027521848678588867
1.3489668369293213, 0.027945756912231445
1.3484673500061035, 0.028417587280273438
1.3570945262908936, 0.027644634246826172
1.3497235774993896, 0.02819085121154785
1.3524552583694458, 0.027652263641357422
1.3435863256454468, 0.02772068977355957
1.3427139520645142, 0.027812719345092773
1.333011269569397, 0.028530359268188477
1.3452472686767578, 0.02840113639831543
1.3452216386795044, 0.027829408645629883
1.3564386367797852, 0.027843236923217773
1.3514719009399414, 0.027991533279418945
1.3552942276000977, 0.02749180793762207
1.3391650915145874, 0.02776646614074707
1.3493398427963257, 0.028102874755859375
1.3535324335098267, 0.027739524841308594
1.3443691730499268, 0.02810502052307129
1.3417472839355469, 0.02793574333190918
1.3520742654800415, 0.027915239334106445
1.3488857746124268, 0.02841353416442871
1.3485465049743652, 0.028132915496826172
1.3488898277282715, 0.027542591094970703
1.3489794731140137, 0.027605056762695312
1.3517208099365234, 0.027767419815063477
1.347692847251892, 0.027894258499145508
1.3376133441925049, 0.02759575843811035
1.3520649671554565, 0.02770400047302246
1.3576358556747437, 0.027773618698120117
1.3463664054870605, 0.027673006057739258
1.3495652675628662, 0.027625083923339844
1.3458635807037354, 0.027741670608520508
1.3505218029022217, 0.02756333351135254
1.3539844751358032, 0.02754044532775879
1.3493415117263794, 0.02788519859313965
1.3503913879394531, 0.0277097225189209
1.359987497329712, 0.027769088745117188
1.3525426387786865, 0.027676105499267578
1.3475755453109741, 0.027743816375732422
1.3472239971160889, 0.027791500091552734
1.3619208335876465, 0.02776813507080078
1.345944881439209, 0.02759552001953125
1.3472102880477905, 0.02772378921508789
1.3415331840515137, 0.02773880958557129
1.352454423904419, 0.027699947357177734
1.3590750694274902, 0.027743816375732422
1.3498117923736572, 0.027744293212890625
1.3456000089645386, 0.028135061264038086
1.3649436235427856, 0.027616500854492188
1.3528975248336792, 0.02769780158996582
1.3535730838775635, 0.027876853942871094
1.3514046669006348, 0.02736210823059082
1.3372877836227417, 0.02794504165649414
1.3480654954910278, 0.028237581253051758
1.3368327617645264, 0.027200698852539062
1.3568453788757324, 0.027898311614990234
1.3531402349472046, 0.0277254581451416
1.35834801197052, 0.027979612350463867
1.3505709171295166, 0.027820587158203125
1.353168249130249, 0.02732706069946289
1.3499590158462524, 0.02772808074951172
1.3428120613098145, 0.02767205238342285
1.3564965724945068, 0.027768611907958984
1.351936936378479, 0.027652263641357422
1.356449842453003, 0.02770209312438965
1.354192852973938, 0.027712345123291016
1.3468303680419922, 0.02754688262939453
1.353629231452942, 0.027596473693847656
1.349036455154419, 0.02783370018005371
1.3430681228637695, 0.027207136154174805
1.3643546104431152, 0.027551651000976562
1.3488984107971191, 0.02804279327392578
1.3437778949737549, 0.0274965763092041
1.3603744506835938, 0.02765345573425293
1.3525028228759766, 0.027964115142822266
1.3516939878463745, 0.027734756469726562
1.3581730127334595, 0.027806997299194336
1.3423824310302734, 0.027939796447753906
1.3511841297149658, 0.027540206909179688
1.3527705669403076, 0.027644872665405273
1.3489148616790771, 0.027621984481811523
1.3593475818634033, 0.027873992919921875
1.343874454498291, 0.027378320693969727
1.3497090339660645, 0.02788996696472168
1.3673949241638184, 0.027709245681762695
1.3398778438568115, 0.02809309959411621
1.3459372520446777, 0.02758622169494629
1.3473730087280273, 0.02756786346435547
1.344557762145996, 0.028130769729614258
1.3393630981445312, 0.028189659118652344
1.3471791744232178, 0.027220726013183594
1.3468130826950073, 0.027844905853271484
1.353210687637329, 0.027805328369140625
1.3491966724395752, 0.027790069580078125
1.3506547212600708, 0.027767419815063477
1.3395400047302246, 0.027678251266479492
1.34230637550354, 0.027811527252197266
1.3464595079421997, 0.027581453323364258
1.3463940620422363, 0.02768087387084961
1.3496098518371582, 0.0277862548828125
1.3439879417419434, 0.027672767639160156
1.3441026210784912, 0.027489900588989258
1.3578557968139648, 0.027806758880615234
1.359424114227295, 0.027554750442504883
1.3519673347473145, 0.027527332305908203
1.3465209007263184, 0.02736949920654297
1.3466136455535889, 0.027629852294921875
1.3468340635299683, 0.02767157554626465
1.3594043254852295, 0.027898788452148438
1.3523846864700317, 0.027689695358276367
1.3466731309890747, 0.027856111526489258
1.3564796447753906, 0.027926206588745117
1.3480443954467773, 0.027692794799804688
1.3451898097991943, 0.02786707878112793
1.3556005954742432, 0.02766728401184082
1.351308822631836, 0.02811264991760254
1.3491103649139404, 0.027426719665527344
1.354093074798584, 0.02737116813659668
1.349020004272461, 0.027710437774658203
1.3469805717468262, 0.027791261672973633
1.3469750881195068, 0.027800798416137695
1.3443875312805176, 0.027826786041259766
1.358242392539978, 0.02783346176147461
1.3508943319320679, 0.027734994888305664
1.3516637086868286, 0.0277254581451416
1.3485016822814941, 0.02812814712524414
1.3407150506973267, 0.027687788009643555
1.3399263620376587, 0.027753353118896484
1.3446601629257202, 0.027794599533081055
1.3364382982254028, 0.028073787689208984
1.362318515777588, 0.027443885803222656
1.3502728939056396, 0.027737140655517578
1.3571596145629883, 0.027635812759399414
1.3523383140563965, 0.02817368507385254
1.3637499809265137, 0.02775740623474121
1.357973337173462, 0.02767801284790039
1.3537800312042236, 0.027490854263305664
1.339040756225586, 0.027573585510253906
1.3556580543518066, 0.027724266052246094
1.3444974422454834, 0.027734041213989258
1.3424021005630493, 0.027764558792114258
1.3545284271240234, 0.02804732322692871
1.3423218727111816, 0.02778458595275879
1.353912353515625, 0.0276486873626709
1.3535290956497192, 0.027482032775878906
1.3491021394729614, 0.027455806732177734
1.352439045906067, 0.027796268463134766
1.3566814661026, 0.02789449691772461
1.3610317707061768, 0.027560949325561523
1.3524320125579834, 0.02769303321838379
1.3362550735473633, 0.027544021606445312
1.341871738433838, 0.027773618698120117
1.34855318069458, 0.02770829200744629
1.337457299232483, 0.027791738510131836
1.3500409126281738, 0.02776169776916504
1.3495745658874512, 0.02775287628173828
1.3491923809051514, 0.027810096740722656
1.3517847061157227, 0.02815842628479004
1.3483365774154663, 0.02777576446533203
1.3417712450027466, 0.027281999588012695
1.35891854763031, 0.02776336669921875
1.3484625816345215, 0.02802109718322754
1.3418138027191162, 0.027812719345092773
1.3591710329055786, 0.027704715728759766
1.343430519104004, 0.02770853042602539
1.3433603048324585, 0.027887582778930664
1.3442399501800537, 0.028122663497924805
1.3451144695281982, 0.027486801147460938
1.3578886985778809, 0.02736496925354004
1.3466911315917969, 0.027391910552978516
1.3451560735702515, 0.02723979949951172
1.343116283416748, 0.027697086334228516
1.3412114381790161, 0.027766942977905273
1.3486641645431519, 0.027878999710083008
1.3521904945373535, 0.027785539627075195
1.3560705184936523, 0.027765750885009766
1.3564815521240234, 0.02776789665222168
1.3449795246124268, 0.02777576446533203
1.3537802696228027, 0.0282595157623291
1.3472378253936768, 0.02737736701965332
1.3487921953201294, 0.02767324447631836
1.3524960279464722, 0.027596235275268555
1.3436838388442993, 0.027631044387817383
1.3437716960906982, 0.027514934539794922
1.3466027975082397, 0.027683019638061523
1.3465830087661743, 0.027589797973632812
1.3492509126663208, 0.027659177780151367
1.3522260189056396, 0.027747392654418945
1.3502120971679688, 0.027796030044555664
1.3389716148376465, 0.02778339385986328
1.3418231010437012, 0.028394460678100586
1.3493375778198242, 0.02750253677368164
1.3639006614685059, 0.02730727195739746
1.3496532440185547, 0.02779674530029297
1.3497956991195679, 0.027820110321044922
1.35331392288208, 0.027924060821533203
1.353886604309082, 0.027766704559326172
1.3480517864227295, 0.0277712345123291
1.3505512475967407, 0.028364181518554688
1.3504670858383179, 0.02748560905456543
1.3644579648971558, 0.028290748596191406
1.3519291877746582, 0.027217388153076172
1.3486465215682983, 0.02752852439880371
1.3531298637390137, 0.02771282196044922
1.3617874383926392, 0.027248620986938477
1.3449740409851074, 0.027815580368041992
1.3491244316101074, 0.02772831916809082
1.3560843467712402, 0.027823209762573242
1.3568696975708008, 0.02770543098449707
1.353082537651062, 0.027727127075195312
1.3561437129974365, 0.027796506881713867
1.3478022813796997, 0.02779674530029297
1.3443410396575928, 0.027760982513427734
1.3499424457550049, 0.0281374454498291
1.340073823928833, 0.027621746063232422
1.352303385734558, 0.027323484420776367
1.3398542404174805, 0.027585268020629883
1.3494195938110352, 0.027641773223876953
1.3504688739776611, 0.027631759643554688
1.3461878299713135, 0.027647018432617188
1.3546133041381836, 0.02774214744567871
1.3487263917922974, 0.02796649932861328
1.3567490577697754, 0.027343034744262695
1.3499195575714111, 0.027830123901367188
1.3509020805358887, 0.027643442153930664
1.3618049621582031, 0.027708768844604492
1.356701374053955, 0.028099775314331055
1.3444700241088867, 0.027269363403320312
1.3449397087097168, 0.027804851531982422
1.3550379276275635, 0.02785038948059082
1.3402557373046875, 0.027867555618286133
1.3492851257324219, 0.028025388717651367
1.3493822813034058, 0.027768373489379883
1.3476775884628296, 0.027420520782470703
1.3501029014587402, 0.028091907501220703
1.3583383560180664, 0.027671337127685547
1.3461681604385376, 0.0276181697845459
1.3357446193695068, 0.027632474899291992
1.3384913206100464, 0.027698278427124023
1.3532971143722534, 0.027669191360473633
1.3615105152130127, 0.027747631072998047
1.3490277528762817, 0.027640819549560547
1.3430187702178955, 0.027800559997558594
1.3514368534088135, 0.027812957763671875
1.3608916997909546, 0.027742624282836914
1.3585376739501953, 0.02777242660522461
1.3538899421691895, 0.027768373489379883
1.359748363494873, 0.027776002883911133
1.358391523361206, 0.02774953842163086
1.3478659391403198, 0.027759790420532227
1.3556549549102783, 0.027560710906982422
1.3421485424041748, 0.028007030487060547
1.3364379405975342, 0.02743697166442871
1.3424043655395508, 0.02773880958557129
1.3409888744354248, 0.028359651565551758
1.348386287689209, 0.026720762252807617
1.3365633487701416, 0.0275726318359375
1.3519060611724854, 0.02765202522277832
1.3474321365356445, 0.027844905853271484
1.3489298820495605, 0.027838945388793945
1.3395798206329346, 0.0277252197265625
1.3586565256118774, 0.02782893180847168
1.3423099517822266, 0.027698040008544922
1.3431594371795654, 0.02789306640625
1.3556897640228271, 0.02716374397277832
1.3516573905944824, 0.027716875076293945
1.346372365951538, 0.02779674530029297
1.3370015621185303, 0.027707338333129883
1.3518784046173096, 0.02773427963256836
1.3481018543243408, 0.02781963348388672
1.3508440256118774, 0.02819204330444336
1.354024052619934, 0.027636289596557617
1.3442721366882324, 0.027591228485107422
1.3521499633789062, 0.027717113494873047
1.3481944799423218, 0.027826547622680664
1.3577276468276978, 0.02780461311340332
1.3489344120025635, 0.02801680564880371
1.3453971147537231, 0.027233123779296875
1.3463778495788574, 0.02797532081604004
1.3422186374664307, 0.0276336669921875
1.3482705354690552, 0.027422428131103516
1.3517026901245117, 0.027746915817260742
1.3507839441299438, 0.027601242065429688
1.363457202911377, 0.02761101722717285
1.3534319400787354, 0.027667522430419922
1.3541224002838135, 0.027673721313476562
1.3531924486160278, 0.027794599533081055
1.3558121919631958, 0.028017044067382812
1.347987413406372, 0.027176856994628906
1.3464183807373047, 0.027738094329833984
1.3541312217712402, 0.027788162231445312
1.3542699813842773, 0.027878761291503906
1.3508236408233643, 0.027881145477294922
1.352827787399292, 0.027795791625976562
1.357754111289978, 0.027740955352783203
1.3481322526931763, 0.02782583236694336
1.346549391746521, 0.027820348739624023
1.350273847579956, 0.027947187423706055
1.351073980331421, 0.027291536331176758
1.3444397449493408, 0.027973651885986328
1.3414123058319092, 0.027235746383666992
1.3365952968597412, 0.027571678161621094
1.3537352085113525, 0.027795791625976562
1.3545520305633545, 0.027820110321044922
1.3381447792053223, 0.0279843807220459
1.3428033590316772, 0.02738189697265625
1.3456006050109863, 0.027672767639160156
1.3441381454467773, 0.028118371963500977
1.348584771156311, 0.02761530876159668
1.3376628160476685, 0.02776026725769043
1.3480799198150635, 0.027776241302490234
1.3394815921783447, 0.027983427047729492
1.3598339557647705, 0.027544736862182617
1.3450665473937988, 0.02780008316040039
1.3536711931228638, 0.027726173400878906
1.355575680732727, 0.028011798858642578
1.3549911975860596, 0.02739572525024414
1.3462185859680176, 0.027362346649169922
1.3512953519821167, 0.02768111228942871
1.3573005199432373, 0.02770709991455078
1.3590672016143799, 0.027853012084960938
1.3562778234481812, 0.02779412269592285
1.3608272075653076, 0.028200626373291016
1.343310832977295, 0.027458906173706055
1.3436672687530518, 0.027740955352783203
1.3514013290405273, 0.027760744094848633
1.346610426902771, 0.027725696563720703
1.3561598062515259, 0.027863502502441406
1.3481320142745972, 0.027564525604248047
1.351769208908081, 0.027691125869750977
1.3484299182891846, 0.027783870697021484
1.3399763107299805, 0.02786540985107422
1.355663537979126, 0.027662992477416992
1.3519542217254639, 0.02770686149597168
1.3530769348144531, 0.02792525291442871
1.3500630855560303, 0.027604103088378906
1.337206244468689, 0.027385950088500977
1.3526893854141235, 0.02780008316040039
1.3397839069366455, 0.027714967727661133
1.35308039188385, 0.027930498123168945
1.3532793521881104, 0.02777266502380371
1.3537845611572266, 0.028095722198486328
1.3434199094772339, 0.027302980422973633
1.3398162126541138, 0.027479887008666992
1.3513293266296387, 0.027584552764892578
1.3462916612625122, 0.027672529220581055
1.3455359935760498, 0.027716875076293945
1.3568071126937866, 0.02775859832763672
1.3608976602554321, 0.02795124053955078
1.3553968667984009, 0.02755451202392578
1.3594844341278076, 0.02768564224243164
1.3473939895629883, 0.027612924575805664
1.3386682271957397, 0.027823448181152344
1.3459781408309937, 0.02737593650817871
1.341869592666626, 0.02772665023803711
1.3470096588134766, 0.027723312377929688
1.3491061925888062, 0.028061866760253906
1.3572291135787964, 0.02735757827758789
1.366576910018921, 0.02781081199645996
1.3448604345321655, 0.027838945388793945
1.347921371459961, 0.027740955352783203
1.3482999801635742, 0.027748823165893555
1.3609671592712402, 0.027826547622680664
1.3587068319320679, 0.028168439865112305
1.3447142839431763, 0.027571678161621094
1.3466706275939941, 0.027469873428344727
1.3524354696273804, 0.027781009674072266
1.3363876342773438, 0.02778792381286621
1.3591371774673462, 0.027638912200927734
1.3553837537765503, 0.027654170989990234
1.353322982788086, 0.02788400650024414
1.3572853803634644, 0.028049230575561523
1.3418059349060059, 0.027951478958129883
1.3619575500488281, 0.027799367904663086
1.3433973789215088, 0.027591705322265625
1.3444595336914062, 0.02762746810913086
1.3600305318832397, 0.027620315551757812
1.3386194705963135, 0.027642011642456055
1.3517611026763916, 0.02742743492126465
1.3519079685211182, 0.02790069580078125
1.3459370136260986, 0.0277557373046875
1.3595134019851685, 0.027950763702392578
1.3578665256500244, 0.027836322784423828
1.3410224914550781, 0.028077363967895508
1.3459982872009277, 0.02725839614868164
1.3472553491592407, 0.027489423751831055
1.3508729934692383, 0.02752518653869629
1.3548240661621094, 0.02791452407836914
1.3556851148605347, 0.027674198150634766
1.3538583517074585, 0.027173519134521484
1.3442355394363403, 0.027681589126586914
1.340761423110962, 0.028055906295776367
1.346421480178833, 0.02737140655517578
1.3473551273345947, 0.027844667434692383
1.3507657051086426, 0.028205156326293945
1.3571715354919434, 0.02761363983154297
1.3426741361618042, 0.0273892879486084
1.3392622470855713, 0.027734041213989258
1.3546369075775146, 0.02776312828063965
1.3543317317962646, 0.028194904327392578
1.3643312454223633, 0.027493953704833984
1.3488965034484863, 0.028152942657470703
1.3390817642211914, 0.02715754508972168
1.3477468490600586, 0.0278475284576416
1.354517936706543, 0.027939796447753906
1.3517688512802124, 0.027834177017211914
1.3423752784729004, 0.027770519256591797
1.3527735471725464, 0.027785539627075195
1.3379595279693604, 0.027725696563720703
1.3474371433258057, 0.02826094627380371
1.3397645950317383, 0.027622222900390625
1.3564538955688477, 0.02752828598022461
1.3551928997039795, 0.02747821807861328
1.3489570617675781, 0.02773761749267578
1.3365675210952759, 0.02800273895263672
1.3487980365753174, 0.02809906005859375
1.3595666885375977, 0.027788639068603516
1.349682331085205, 0.027550220489501953
1.3416482210159302, 0.02772688865661621
1.3610568046569824, 0.027741670608520508
1.3529047966003418, 0.027574539184570312
1.3482666015625, 0.02790093421936035
1.3463746309280396, 0.027269840240478516
1.3625141382217407, 0.027699708938598633
1.3482027053833008, 0.027765512466430664
1.3476214408874512, 0.027766942977905273
1.3436241149902344, 0.027747154235839844
1.3590466976165771, 0.027988910675048828
1.343316912651062, 0.027808189392089844
1.3555309772491455, 0.027705907821655273
1.3661617040634155, 0.027593135833740234
1.3608851432800293, 0.028031587600708008
1.349684476852417, 0.027463197708129883
1.3493201732635498, 0.028031349182128906
1.3449862003326416, 0.027578353881835938
1.3521629571914673, 0.02758049964904785
1.3429070711135864, 0.027613162994384766
1.3518342971801758, 0.028365135192871094
1.3518216609954834, 0.027421236038208008
1.3460123538970947, 0.027703285217285156
1.3573124408721924, 0.02772808074951172
1.353553056716919, 0.027772188186645508
1.3438150882720947, 0.027965545654296875
1.3395633697509766, 0.028188705444335938
1.352272868156433, 0.027130842208862305
1.3524225950241089, 0.027677297592163086
1.3406485319137573, 0.027330636978149414
1.3499746322631836, 0.027764320373535156
1.3426868915557861, 0.02771782875061035
1.3528611660003662, 0.027782917022705078
1.3459813594818115, 0.0278778076171875
1.3528530597686768, 0.027849912643432617
1.3477158546447754, 0.028113126754760742
1.344806432723999, 0.02749180793762207
1.3530678749084473, 0.02785515785217285
1.337343454360962, 0.02725958824157715
1.3391929864883423, 0.02770376205444336
1.353956699371338, 0.027991771697998047
1.3532593250274658, 0.027477741241455078
1.3618369102478027, 0.027660846710205078
1.353029727935791, 0.02774357795715332
1.356947422027588, 0.02790355682373047
1.3548022508621216, 0.027628183364868164
1.3574143648147583, 0.02766871452331543
1.3422120809555054, 0.02774810791015625
1.351806640625, 0.027826309204101562
1.3511924743652344, 0.028155803680419922
1.335774302482605, 0.02757716178894043
1.3600746393203735, 0.028105497360229492
1.3383992910385132, 0.027583599090576172
1.3395178318023682, 0.027645587921142578
1.3582931756973267, 0.027828216552734375
1.3367100954055786, 0.027704477310180664
1.3496239185333252, 0.0279083251953125
1.3571019172668457, 0.027894973754882812
1.3463187217712402, 0.027779817581176758
1.3566762208938599, 0.027790307998657227
1.3511154651641846, 0.027772188186645508
1.3396930694580078, 0.027672767639160156
1.3507654666900635, 0.02770400047302246
1.3366315364837646, 0.027657032012939453
1.350074291229248, 0.027601957321166992
1.3458069562911987, 0.027776718139648438
1.3452982902526855, 0.02783799171447754
1.3484824895858765, 0.02768874168395996
1.345434308052063, 0.027894973754882812
1.3500337600708008, 0.027763843536376953
1.3517796993255615, 0.027657032012939453
1.3444116115570068, 0.0279695987701416
1.3597943782806396, 0.027603626251220703
1.3447597026824951, 0.02754998207092285
1.3486928939819336, 0.02747821807861328
1.3523364067077637, 0.0276486873626709
1.3611841201782227, 0.02792072296142578
1.352209448814392, 0.027723312377929688
1.3584082126617432, 0.027820825576782227
1.3528776168823242, 0.02770233154296875
1.3399760723114014, 0.027803897857666016
1.3536350727081299, 0.027863740921020508
1.3436628580093384, 0.028192520141601562
1.3471205234527588, 0.02749037742614746
1.3520129919052124, 0.02772068977355957
1.3479268550872803, 0.027719497680664062
1.3568319082260132, 0.028191566467285156
1.350024938583374, 0.02768683433532715
1.3591527938842773, 0.027439117431640625
1.3568005561828613, 0.02777695655822754
1.34450101852417, 0.027896642684936523
1.3559792041778564, 0.027452707290649414
1.3519244194030762, 0.02775406837463379
1.3455229997634888, 0.027781009674072266
1.3598957061767578, 0.02775883674621582
1.346971035003662, 0.02812647819519043
1.341569185256958, 0.02752852439880371
1.3542348146438599, 0.02756333351135254
1.3500500917434692, 0.027612686157226562
1.3479207754135132, 0.027605533599853516
1.3555837869644165, 0.02771592140197754
1.3529608249664307, 0.027666568756103516
1.3564882278442383, 0.02772974967956543
1.3517168760299683, 0.027881383895874023
1.348280668258667, 0.027926206588745117
1.3499788045883179, 0.027857303619384766
1.3445112705230713, 0.027743101119995117
1.3564201593399048, 0.027790307998657227
1.3592145442962646, 0.027582406997680664
1.3520798683166504, 0.027640819549560547
1.3442399501800537, 0.027608633041381836
1.3539409637451172, 0.027637243270874023
1.3546719551086426, 0.02795886993408203
1.347851276397705, 0.027208566665649414
1.344723105430603, 0.027712345123291016
1.3429172039031982, 0.027779817581176758
1.3503155708312988, 0.027772188186645508
1.3456696271896362, 0.027807950973510742
1.3473742008209229, 0.02775716781616211
1.3476603031158447, 0.027847766876220703
1.3517885208129883, 0.027730464935302734
1.3507194519042969, 0.02764296531677246
1.3485767841339111, 0.028244495391845703
1.3633592128753662, 0.027058839797973633
1.3460015058517456, 0.027632474899291992
1.3477003574371338, 0.027647733688354492
1.3469964265823364, 0.027953624725341797
1.3524067401885986, 0.02753472328186035
1.346553087234497, 0.02837085723876953
1.3573541641235352, 0.028167247772216797
1.3440158367156982, 0.026825666427612305
1.3429368734359741, 0.027827739715576172
1.353387475013733, 0.028005123138427734
1.355724573135376, 0.027740955352783203
1.356783390045166, 0.028289794921875
1.3509759902954102, 0.027573347091674805
1.3440642356872559, 0.02768874168395996
1.3417017459869385, 0.02828192710876465
1.3431386947631836, 0.02727198600769043
1.3546401262283325, 0.027742624282836914
1.3487086296081543, 0.027889013290405273
1.3459889888763428, 0.027806758880615234
1.3545010089874268, 0.02786087989807129
1.3469030857086182, 0.027589797973632812
1.3511165380477905, 0.027823925018310547
1.3565044403076172, 0.02746725082397461
1.345128059387207, 0.02768564224243164
1.3489422798156738, 0.027727842330932617
1.3571877479553223, 0.027697324752807617
1.3563058376312256, 0.027829647064208984
1.3480746746063232, 0.027791261672973633
1.3617644309997559, 0.027812480926513672
1.3429574966430664, 0.027774810791015625
1.3565911054611206, 0.0276947021484375
1.3552204370498657, 0.027808427810668945
1.3590688705444336, 0.02784276008605957
1.3470332622528076, 0.02784895896911621
1.3486499786376953, 0.027635812759399414
1.3664801120758057, 0.027628421783447266
1.3557791709899902, 0.027253389358520508
1.343162178993225, 0.02791118621826172
1.3555232286453247, 0.027769804000854492
1.3348839282989502, 0.027843713760375977
1.3557276725769043, 0.027471303939819336
1.3507063388824463, 0.0279848575592041
1.3480346202850342, 0.027918100357055664
1.3425359725952148, 0.027777433395385742
1.3567928075790405, 0.027794837951660156
1.3313707113265991, 0.02780318260192871
1.3423738479614258, 0.027709245681762695
1.3472511768341064, 0.027777910232543945
1.3454930782318115, 0.027725696563720703
1.361589789390564, 0.02771139144897461
1.3476101160049438, 0.027685165405273438
1.3540632724761963, 0.027932167053222656
1.340543508529663, 0.0278623104095459
1.3500622510910034, 0.027785062789916992
1.343597412109375, 0.02767467498779297
1.3393940925598145, 0.027750015258789062
1.3544386625289917, 0.02762150764465332
1.33620285987854, 0.02796339988708496
1.357792615890503, 0.027430295944213867
1.34531831741333, 0.027770280838012695
1.3479554653167725, 0.028046846389770508
1.3612244129180908, 0.027725934982299805
1.3532049655914307, 0.027390480041503906
1.3522086143493652, 0.027702808380126953
1.3521367311477661, 0.02779388427734375
1.3434934616088867, 0.02778458595275879
1.344937801361084, 0.027802228927612305
1.3356938362121582, 0.02765035629272461
1.3595107793807983, 0.027603864669799805
1.3429949283599854, 0.027683734893798828
1.352518916130066, 0.02781963348388672
1.3423810005187988, 0.027654170989990234
1.341963768005371, 0.027688980102539062
1.3501415252685547, 0.027723312377929688
1.340217113494873, 0.027742385864257812
1.3539079427719116, 0.027892351150512695
1.3470537662506104, 0.027796506881713867
1.3459810018539429, 0.02772212028503418
1.3401297330856323, 0.0277254581451416
1.3449578285217285, 0.028179645538330078
1.3470399379730225, 0.02789592742919922
1.345794439315796, 0.027626991271972656
1.3427579402923584, 0.027691125869750977
1.3474254608154297, 0.027652740478515625
1.3553037643432617, 0.027846574783325195
1.3450615406036377, 0.028139591217041016
1.3465051651000977, 0.027264118194580078
1.3532919883728027, 0.027762889862060547
1.3551896810531616, 0.02766108512878418
1.3394131660461426, 0.027672529220581055
1.3526614904403687, 0.02793407440185547
1.3588435649871826, 0.02726292610168457
1.3446208238601685, 0.027728796005249023
1.3470258712768555, 0.02814030647277832
1.3511390686035156, 0.02763986587524414
1.3386082649230957, 0.027657747268676758
1.3459359407424927, 0.02760601043701172
1.3481870889663696, 0.02779865264892578
1.3507871627807617, 0.027972698211669922
1.360471487045288, 0.027837276458740234
1.3542795181274414, 0.027807950973510742
1.3506598472595215, 0.02777576446533203
1.3405787944793701, 0.027959823608398438
1.3487699031829834, 0.02766895294189453
1.353916883468628, 0.028898000717163086
1.334134578704834, 0.026494979858398438
1.3410398960113525, 0.02770829200744629
1.3531979322433472, 0.02774834632873535
1.3519312143325806, 0.027579069137573242
1.3462620973587036, 0.02762746810913086
1.3386973142623901, 0.027648448944091797
1.3566044569015503, 0.02778172492980957
1.340179204940796, 0.02798771858215332
1.3562264442443848, 0.027988672256469727
1.347589373588562, 0.02772831916809082
1.3393176794052124, 0.027738571166992188
1.336464285850525, 0.027774572372436523
1.3541059494018555, 0.027701139450073242
1.3463308811187744, 0.027892589569091797
1.3469053506851196, 0.027677297592163086
1.3588061332702637, 0.02782273292541504
1.363069772720337, 0.02787637710571289
1.3253246545791626, 0.027617931365966797
1.3494484424591064, 0.027739763259887695
1.3446080684661865, 0.027663707733154297
1.3423309326171875, 0.02765345573425293
1.3409687280654907, 0.027623891830444336
1.3376203775405884, 0.02769923210144043
1.353708267211914, 0.027616024017333984
1.3676507472991943, 0.02788996696472168
1.352769136428833, 0.027873992919921875
1.349761724472046, 0.02757716178894043
1.3560149669647217, 0.027745962142944336
1.3573405742645264, 0.027685165405273438
1.347200632095337, 0.02771759033203125
1.3519020080566406, 0.028030872344970703
1.3481762409210205, 0.028207063674926758
1.3369407653808594, 0.02760791778564453
1.3432886600494385, 0.027729511260986328
1.3487588167190552, 0.02747178077697754
1.348031759262085, 0.027649402618408203
1.3562424182891846, 0.027387142181396484
1.3469146490097046, 0.0275723934173584
1.3534245491027832, 0.02772212028503418
1.3406193256378174, 0.02762436866760254
1.3394274711608887, 0.027710437774658203
1.343050241470337, 0.027596473693847656
1.3451006412506104, 0.02767658233642578
1.3473232984542847, 0.027853727340698242
1.351402759552002, 0.027866125106811523
1.355921983718872, 0.028066396713256836
1.3493423461914062, 0.027446985244750977
1.3564103841781616, 0.028052806854248047
1.364681363105774, 0.02773571014404297
1.3421781063079834, 0.02785348892211914
1.343230128288269, 0.027779579162597656
1.3432426452636719, 0.0276186466217041
1.3473554849624634, 0.027803659439086914
1.3377535343170166, 0.0272674560546875
1.3539316654205322, 0.02775096893310547
1.3320518732070923, 0.027622461318969727
1.3550840616226196, 0.02765965461730957
1.3478037118911743, 0.02780294418334961
1.3457672595977783, 0.0275421142578125
1.354501485824585, 0.02800607681274414
1.3521201610565186, 0.027461767196655273
1.3586162328720093, 0.027669668197631836
1.3497209548950195, 0.027712583541870117
1.3378206491470337, 0.02772355079650879
1.3462934494018555, 0.02798748016357422
1.3479775190353394, 0.02730393409729004
1.3550925254821777, 0.027795076370239258
1.3391568660736084, 0.02777576446533203
1.3421157598495483, 0.027564525604248047
1.3424391746520996, 0.02775096893310547
1.340928554534912, 0.02771615982055664
1.3477964401245117, 0.027840375900268555
1.3594551086425781, 0.027976274490356445
1.355787992477417, 0.027638673782348633
1.3526196479797363, 0.027382373809814453
1.3494482040405273, 0.027678728103637695
1.347460389137268, 0.027825355529785156
1.3323867321014404, 0.027681350708007812
1.3421120643615723, 0.0277097225189209
1.3502473831176758, 0.027724266052246094
1.3533165454864502, 0.027707576751708984
1.3487656116485596, 0.028153657913208008
1.353885531425476, 0.027658462524414062
1.3565599918365479, 0.027740478515625
1.351755976676941, 0.027797460556030273
1.3486100435256958, 0.028139591217041016
1.343843698501587, 0.027560949325561523
1.3518892526626587, 0.027675390243530273
1.3666197061538696, 0.02782583236694336
1.3503973484039307, 0.027606487274169922
1.3497705459594727, 0.027245521545410156
1.3528578281402588, 0.0276796817779541
1.3545286655426025, 0.027701854705810547
1.3509577512741089, 0.027776718139648438
1.3480556011199951, 0.027646780014038086
1.3476731777191162, 0.027681350708007812
1.3721518516540527, 0.027636051177978516
1.348596453666687, 0.028187990188598633
1.3443324565887451, 0.027565479278564453
1.3551925420761108, 0.007597923278808594
1.3384515047073364, 0.005198955535888672
1.3350862264633179, 0.00461578369140625
1.3485276699066162, 0.023180007934570312
1.3615357875823975, 0.026921510696411133
1.358444333076477, 0.028168201446533203
1.339820384979248, 0.027316570281982422
1.3483493328094482, 0.027838468551635742
1.3598833084106445, 0.027838468551635742
1.3519026041030884, 0.028148174285888672
1.3538525104522705, 0.027373552322387695
1.3460185527801514, 0.02812027931213379
1.346534013748169, 0.027551889419555664
1.3489594459533691, 0.028040409088134766
1.35565984249115, 0.02767157554626465
1.346506953239441, 0.02772068977355957
1.3465992212295532, 0.027742624282836914
1.3508977890014648, 0.0279695987701416
1.3513715267181396, 0.028034210205078125
1.3545840978622437, 0.02767801284790039
1.3613775968551636, 0.0280001163482666
1.3520586490631104, 0.027903079986572266
1.34898042678833, 0.02787494659423828
1.3505749702453613, 0.028161048889160156
1.3480169773101807, 0.026973962783813477
1.3441942930221558, 0.027701139450073242
1.3545089960098267, 0.02773904800415039
1.3474522829055786, 0.02776813507080078
1.3524022102355957, 0.02777886390686035
1.3565988540649414, 0.027760028839111328
1.3488386869430542, 0.02778482437133789
1.3447082042694092, 0.027817964553833008
1.3438807725906372, 0.02770543098449707
1.3438136577606201, 0.027675151824951172
1.3457698822021484, 0.02869725227355957
1.3340638875961304, 0.027709484100341797
1.3574132919311523, 0.027765750885009766
1.3606364727020264, 0.027757644653320312
1.3526318073272705, 0.028207778930664062
1.3517694473266602, 0.02728581428527832
1.3328897953033447, 0.02748560905456543
1.3407783508300781, 0.02779364585876465
1.3505135774612427, 0.027701854705810547
1.340806484222412, 0.02806830406188965
1.352197527885437, 0.027574777603149414
1.3403860330581665, 0.027565479278564453
1.3539644479751587, 0.02813720703125
1.3484141826629639, 0.027363300323486328
1.3532867431640625, 0.02771615982055664
1.3503273725509644, 0.027723073959350586
1.3528800010681152, 0.02772378921508789
1.3587477207183838, 0.027838945388793945
1.3491628170013428, 0.028207063674926758
1.3607889413833618, 0.027149200439453125
1.3614168167114258, 0.027759790420532227
1.3569047451019287, 0.027799129486083984
1.354798436164856, 0.027872085571289062
1.3417689800262451, 0.02777242660522461
1.3486281633377075, 0.027982473373413086
1.3616762161254883, 0.027233600616455078
1.3555266857147217, 0.02762126922607422
1.3521580696105957, 0.027677059173583984
1.351210355758667, 0.027721643447875977
1.3421968221664429, 0.02799844741821289
1.355576753616333, 0.027575969696044922
1.3504257202148438, 0.027587175369262695
1.3444573879241943, 0.027021169662475586
1.3532233238220215, 0.02797389030456543
1.3493998050689697, 0.02717447280883789
1.3545022010803223, 0.02765345573425293
1.3627285957336426, 0.027953386306762695
1.350492238998413, 0.028047800064086914
1.3437024354934692, 0.027755260467529297
1.344794511795044, 0.02776813507080078
1.3528282642364502, 0.027904033660888672
1.352900743484497, 0.027722835540771484
1.3525147438049316, 0.027794599533081055
1.3586890697479248, 0.027774572372436523
1.3464176654815674, 0.02806878089904785
1.350436806678772, 0.027849197387695312
1.3510663509368896, 0.02746105194091797
1.348607063293457, 0.027848005294799805
1.3507719039916992, 0.027982711791992188
1.35262131690979, 0.02768254280090332
1.3415758609771729, 0.027425289154052734
1.3588504791259766, 0.0280306339263916
1.3494839668273926, 0.027335405349731445
1.3544830083847046, 0.027948379516601562
1.35496187210083, 0.028169631958007812
1.3280012607574463, 0.027266979217529297
1.358335256576538, 0.027554035186767578
1.348104476928711, 0.02769184112548828
1.354049801826477, 0.02769184112548828
1.337104320526123, 0.027700185775756836
1.3543012142181396, 0.028151512145996094
1.3345367908477783, 0.027780771255493164
1.3458009958267212, 0.027144908905029297
1.351189374923706, 0.027642488479614258
1.3522230386734009, 0.02753758430480957
1.3351149559020996, 0.02757573127746582
1.3561245203018188, 0.027554035186767578
1.3488500118255615, 0.027813434600830078
1.3531330823898315, 0.027955055236816406
1.3627183437347412, 0.027432680130004883
1.358457326889038, 0.027915477752685547
1.3531484603881836, 0.02793145179748535
1.3711680173873901, 0.027799367904663086
1.358034372329712, 0.028362274169921875
1.3468313217163086, 0.027120590209960938
1.3610997200012207, 0.02777409553527832
1.3542020320892334, 0.02764105796813965
1.3558530807495117, 0.027811765670776367
1.3463075160980225, 0.027376174926757812
1.3480488061904907, 0.027767658233642578
1.3679802417755127, 0.027831315994262695
1.358156442642212, 0.027678966522216797
1.3561694622039795, 0.028183937072753906
1.3552600145339966, 0.027358293533325195
1.3466287851333618, 0.027909040451049805
1.352719783782959, 0.02779555320739746
1.3491618633270264, 0.027716398239135742
1.3346905708312988, 0.02776026725769043
1.3500876426696777, 0.027854442596435547
1.3481365442276, 0.027852773666381836
1.3503729104995728, 0.028113126754760742
1.3448742628097534, 0.02721261978149414
1.336181402206421, 0.028044700622558594
1.339834451675415, 0.02740001678466797
1.3374124765396118, 0.02741551399230957
1.3451827764511108, 0.027709484100341797
1.3544983863830566, 0.027614831924438477
1.3473715782165527, 0.027726173400878906
1.3525900840759277, 0.027696847915649414
1.3507976531982422, 0.027805328369140625
1.3412625789642334, 0.028026103973388672
1.3560242652893066, 0.02758049964904785
1.343308448791504, 0.027470827102661133
1.3552076816558838, 0.027835607528686523
1.3520684242248535, 0.02799057960510254
1.3516019582748413, 0.027502775192260742
1.340562343597412, 0.02792835235595703
1.342191219329834, 0.028134584426879883
1.3422425985336304, 0.027437210083007812
1.3423383235931396, 0.02788686752319336
1.355534553527832, 0.02754998207092285
1.3527040481567383, 0.027645587921142578
1.3521450757980347, 0.027615070343017578
1.3431580066680908, 0.02771139144897461
1.352858066558838, 0.027776479721069336
1.3425555229187012, 0.027688026428222656
1.3521232604980469, 0.02762436866760254
1.354736566543579, 0.027647018432617188
1.3568847179412842, 0.0277557373046875
1.3475580215454102, 0.027807235717773438
1.347780704498291, 0.027910709381103516
1.3565070629119873, 0.027852296829223633
1.342024326324463, 0.027809619903564453
1.3488727807998657, 0.027884483337402344
1.3629721403121948, 0.02790379524230957
1.355912208557129, 0.027692317962646484
1.3557584285736084, 0.027937889099121094
1.3457212448120117, 0.0273129940032959
1.3576788902282715, 0.02755284309387207
1.3376826047897339, 0.02751779556274414
1.3517649173736572, 0.02756214141845703
1.3436968326568604, 0.02782893180847168
1.342017650604248, 0.027784109115600586
1.3535451889038086, 0.02807164192199707
1.3548028469085693, 0.027695894241333008
1.3476920127868652, 0.02778458595275879
1.3411788940429688, 0.027933835983276367
1.3556467294692993, 0.027296066284179688
1.354271411895752, 0.02774524688720703
1.3568634986877441, 0.028357744216918945
1.3494619131088257, 0.027673006057739258
1.3535480499267578, 0.027801990509033203
1.34315824508667, 0.027673721313476562
1.3474750518798828, 0.027729034423828125
1.3426612615585327, 0.02763843536376953
1.351959466934204, 0.028309106826782227
1.3442622423171997, 0.02745223045349121
1.353306770324707, 0.027233362197875977
1.3518457412719727, 0.02761387825012207
1.35054612159729, 0.027889728546142578
1.345356822013855, 0.027405977249145508
1.351543664932251, 0.02776479721069336
1.3472189903259277, 0.027701854705810547
1.342299461364746, 0.027775287628173828
1.346787691116333, 0.027868032455444336
1.3507046699523926, 0.027705907821655273
1.3515257835388184, 0.027886390686035156
1.351958990097046, 0.027914762496948242
1.3528172969818115, 0.027929067611694336
1.3514690399169922, 0.027907848358154297
1.360653281211853, 0.027626991271972656
1.3466064929962158, 0.027689218521118164
1.346769094467163, 0.027627229690551758
1.3474429845809937, 0.027630329132080078
1.3478529453277588, 0.02778172492980957
1.351143717765808, 0.027494192123413086
1.348162293434143, 0.027689456939697266
1.341933250427246, 0.027866840362548828
1.3505291938781738, 0.02801680564880371
1.3400516510009766, 0.027602672576904297
1.3558117151260376, 0.027562856674194336
1.3437244892120361, 0.027746915817260742
1.3405320644378662, 0.02781081199645996
1.3337788581848145, 0.027679920196533203
1.3496326208114624, 0.027712345123291016
1.359727382659912, 0.027747631072998047
1.3601752519607544, 0.027699947357177734
1.3503670692443848, 0.02786111831665039
1.3509888648986816, 0.027740001678466797
1.3546397686004639, 0.027764558792114258
1.3427448272705078, 0.027747392654418945
1.339834451675415, 0.02802109718322754
1.35102379322052, 0.027648448944091797
1.3484089374542236, 0.027544498443603516
1.3586047887802124, 0.027654409408569336
1.3553216457366943, 0.02750253677368164
1.3366628885269165, 0.02778315544128418
1.3582594394683838, 0.02777242660522461
1.3498992919921875, 0.02772808074951172
1.3473544120788574, 0.02778458595275879
1.3556292057037354, 0.02790355682373047
1.3553247451782227, 0.027944087982177734
1.3449069261550903, 0.02774190902709961
1.349013090133667, 0.027722835540771484
1.3467047214508057, 0.027804851531982422
1.3605332374572754, 0.027756452560424805
1.3504520654678345, 0.02779388427734375
1.3466835021972656, 0.027796030044555664
1.3516387939453125, 0.02766275405883789
1.344990611076355, 0.027495145797729492
1.3579111099243164, 0.027688026428222656
1.3605372905731201, 0.02768111228942871
1.3543130159378052, 0.02777576446533203
1.3491932153701782, 0.02824258804321289
1.363561987876892, 0.027385950088500977
1.3605799674987793, 0.02797555923461914
1.3610193729400635, 0.027803897857666016
1.3472070693969727, 0.027811527252197266
1.3517401218414307, 0.02759385108947754
1.3409841060638428, 0.027707338333129883
1.3422541618347168, 0.027943849563598633
1.349703311920166, 0.02778172492980957
1.3567852973937988, 0.02801966667175293
1.3502246141433716, 0.027230262756347656
1.349541425704956, 0.027690410614013672
1.3462117910385132, 0.027685880661010742
1.357441782951355, 0.027667760848999023
1.3459060192108154, 0.027730226516723633
1.3414760828018188, 0.027744054794311523
1.3350520133972168, 0.02765798568725586
1.3455429077148438, 0.02771925926208496
1.3481435775756836, 0.027730941772460938
1.3580567836761475, 0.027726411819458008
1.33689284324646, 0.02797222137451172
1.349853277206421, 0.02784895896911621
1.3532130718231201, 0.02769756317138672
1.3417587280273438, 0.027759552001953125
1.3491826057434082, 0.02772068977355957
1.3462302684783936, 0.027784109115600586
1.350506067276001, 0.02771162986755371
1.3329111337661743, 0.02780437469482422
1.355320692062378, 0.02776956558227539
1.356177568435669, 0.027813434600830078
1.3611587285995483, 0.02773427963256836
1.339853286743164, 0.02745223045349121
1.3485281467437744, 0.027649641036987305
1.3429150581359863, 0.02769613265991211
1.359138011932373, 0.027695894241333008
1.344175100326538, 0.027897357940673828
1.3511598110198975, 0.027857303619384766
1.3466153144836426, 0.027853965759277344
1.3540832996368408, 0.027921199798583984
1.3525288105010986, 0.027713298797607422
1.3566200733184814, 0.0277557373046875
1.3542869091033936, 0.027749061584472656
1.3416433334350586, 0.027773380279541016
1.3434159755706787, 0.02780318260192871
1.3464363813400269, 0.02800607681274414
1.3508663177490234, 0.02748847007751465
1.3483529090881348, 0.02787613868713379
1.343776822090149, 0.027342557907104492
1.350562334060669, 0.027371644973754883
1.3508849143981934, 0.02764606475830078
1.3550653457641602, 0.028139352798461914
1.3489426374435425, 0.027950286865234375
1.3645466566085815, 0.0273587703704834
1.356898546218872, 0.027446269989013672
1.3523838520050049, 0.02779364585876465
1.3415964841842651, 0.028110504150390625
1.3597384691238403, 0.027664899826049805
1.3433449268341064, 0.02780318260192871
1.3582358360290527, 0.027794599533081055
1.3487207889556885, 0.027608394622802734
1.3475264310836792, 0.027762413024902344
1.3439923524856567, 0.027780771255493164
1.3526160717010498, 0.02763652801513672
1.3452746868133545, 0.02766728401184082
1.3535187244415283, 0.027534008026123047
1.3419604301452637, 0.027606725692749023
1.350762128829956, 0.027678728103637695
1.3535263538360596, 0.027776718139648438
1.3539619445800781, 0.02776646614074707
1.3513046503067017, 0.027699708938598633
1.3389675617218018, 0.027727842330932617
1.356935739517212, 0.02780461311340332
1.3545808792114258, 0.027881383895874023
1.3560879230499268, 0.02778458595275879
1.3531593084335327, 0.02799224853515625
1.345099925994873, 0.027584075927734375
1.3525407314300537, 0.027707815170288086
1.3331378698349, 0.027713775634765625
1.364626407623291, 0.02773141860961914
1.3483483791351318, 0.027614116668701172
1.3450361490249634, 0.0277862548828125
1.3514254093170166, 0.027997255325317383
1.3496887683868408, 0.027072906494140625
1.3473773002624512, 0.027714252471923828
1.3540775775909424, 0.02763652801513672
1.3557811975479126, 0.027678728103637695
1.354419469833374, 0.027930498123168945
1.349225640296936, 0.027893543243408203
1.3491005897521973, 0.027830123901367188
1.3441457748413086, 0.027884721755981445
1.3481462001800537, 0.027832984924316406
1.3322057723999023, 0.027703285217285156
1.352783441543579, 0.027736902236938477
1.3590809106826782, 0.02778029441833496
1.3415117263793945, 0.02806258201599121
1.3555485010147095, 0.027499675750732422
1.3499116897583008, 0.028057575225830078
1.358579397201538, 0.02768397331237793
1.3485162258148193, 0.02723979949951172
1.3533867597579956, 0.027780771255493164
1.3438602685928345, 0.02755594253540039
1.3549244403839111, 0.027652502059936523
1.346669316291809, 0.027753829956054688
1.3565444946289062, 0.02760767936706543
1.3460924625396729, 0.02774214744567871
1.3487606048583984, 0.02771759033203125
1.34934401512146, 0.027779579162597656
1.3471637964248657, 0.027838945388793945
1.3491839170455933, 0.028136253356933594
1.342766523361206, 0.027331829071044922
1.3483316898345947, 0.027797222137451172
1.3456063270568848, 0.027640819549560547
1.3453936576843262, 0.02778911590576172
1.3440392017364502, 0.027748823165893555
1.3434144258499146, 0.02779412269592285
1.357799768447876, 0.02760004997253418
1.3539448976516724, 0.027538776397705078
1.3643627166748047, 0.02772665023803711
1.3480472564697266, 0.027738332748413086
1.3592720031738281, 0.02777552604675293
1.352722406387329, 0.02796006202697754
1.3602585792541504, 0.027724742889404297
1.352064609527588, 0.027814865112304688
1.347261905670166, 0.027716398239135742
1.342311143875122, 0.028059959411621094
1.3568083047866821, 0.02765202522277832
1.3435046672821045, 0.02775096893310547
1.353774905204773, 0.027834653854370117
1.3517473936080933, 0.02802109718322754
1.3511009216308594, 0.027512073516845703
1.359987735748291, 0.027648448944091797
1.3606023788452148, 0.027767419815063477
1.344184398651123, 0.02826690673828125
1.3456790447235107, 0.027411222457885742
1.349700689315796, 0.02730274200439453
1.348075032234192, 0.02771925926208496
1.3477025032043457, 0.027857542037963867
1.3512773513793945, 0.027742385864257812
1.3394198417663574, 0.027728557586669922
1.352757453918457, 0.027826786041259766
1.339820146560669, 0.027767658233642578
1.346213459968567, 0.027765274047851562
1.3511290550231934, 0.027819395065307617
1.3451483249664307, 0.02762770652770996
1.3475993871688843, 0.02784895896911621
1.3416424989700317, 0.02781963348388672
1.3558604717254639, 0.027760982513427734
1.3596405982971191, 0.027593374252319336
1.3484199047088623, 0.02771759033203125
1.358835220336914, 0.027833938598632812
1.3507657051086426, 0.028003931045532227
1.3559715747833252, 0.02786540985107422
1.355035424232483, 0.02764439582824707
1.3460805416107178, 0.027596712112426758
1.3336412906646729, 0.027721166610717773
1.3508663177490234, 0.027620792388916016
1.3450446128845215, 0.027701377868652344
1.3520231246948242, 0.02773880958557129
1.3387194871902466, 0.027720212936401367
1.3438329696655273, 0.027820348739624023
1.343760371208191, 0.028165340423583984
1.3599519729614258, 0.027568817138671875
1.3596622943878174, 0.027629375457763672
1.3507499694824219, 0.027731657028198242
1.3529846668243408, 0.0276491641998291
1.3553003072738647, 0.02800273895263672
1.3585410118103027, 0.027277708053588867
1.3579554557800293, 0.027727127075195312
1.3508203029632568, 0.027766942977905273
1.3509454727172852, 0.02778029441833496
1.3578561544418335, 0.0277862548828125
1.3564016819000244, 0.027782917022705078
1.3463506698608398, 0.027773380279541016
1.3620221614837646, 0.02775716781616211
1.346834421157837, 0.027800559997558594
1.3402676582336426, 0.027724742889404297
1.3444321155548096, 0.02809619903564453
1.3644390106201172, 0.027451515197753906
1.3413971662521362, 0.027934789657592773
1.3517496585845947, 0.027763843536376953
1.3460344076156616, 0.02765035629272461
1.344133973121643, 0.02740788459777832
1.3519697189331055, 0.027821063995361328
1.3541631698608398, 0.027934789657592773
1.3466682434082031, 0.027837038040161133
1.3473625183105469, 0.027762651443481445
1.342061996459961, 0.02756047248840332
1.3564515113830566, 0.027596473693847656
1.3601765632629395, 0.027639389038085938
1.344813346862793, 0.02742743492126465
1.3588693141937256, 0.02767181396484375
1.34127938747406, 0.02846527099609375
1.3494541645050049, 0.027848482131958008
1.35270357131958, 0.02883768081665039
1.3527307510375977, 0.026059865951538086
1.3486602306365967, 0.027631282806396484
1.3465914726257324, 0.028051376342773438
1.3491610288619995, 0.027729511260986328
1.3418396711349487, 0.027631044387817383
1.3469555377960205, 0.02760028839111328
1.3503566980361938, 0.02761554718017578
1.346585750579834, 0.02785634994506836
1.3587586879730225, 0.027760028839111328
1.3452293872833252, 0.028159141540527344
1.3568356037139893, 0.027858972549438477
1.3613429069519043, 0.02745223045349121
1.357213020324707, 0.028331518173217773
1.3504490852355957, 0.02763199806213379
1.3409061431884766, 0.02768230438232422
1.3534343242645264, 0.027642488479614258
1.3358230590820312, 0.027741193771362305
1.3377735614776611, 0.02779531478881836
1.3516558408737183, 0.027727603912353516
1.3562681674957275, 0.027709245681762695
1.337059497833252, 0.027646780014038086
1.3531217575073242, 0.02772355079650879
1.3502460718154907, 0.02774214744567871
1.3492066860198975, 0.027673006057739258
1.350903034210205, 0.02788376808166504
1.345599889755249, 0.027726411819458008
1.3532710075378418, 0.027695417404174805
1.3423211574554443, 0.0276336669921875
1.3641993999481201, 0.0276486873626709
1.3552830219268799, 0.02785015106201172
1.3434005975723267, 0.027517080307006836
1.3516790866851807, 0.02769184112548828
1.3534387350082397, 0.0277254581451416
1.3560705184936523, 0.0274965763092041
1.3507654666900635, 0.02810359001159668
1.3431942462921143, 0.027515172958374023
1.3609395027160645, 0.02781391143798828
1.353266954421997, 0.027970314025878906
1.3578815460205078, 0.027715682983398438
1.3533310890197754, 0.026977062225341797
1.3525259494781494, 0.02786850929260254
1.354454755783081, 0.028150558471679688
1.3575055599212646, 0.027164459228515625
1.3635237216949463, 0.027690410614013672
1.340872049331665, 0.02807903289794922
1.3577947616577148, 0.027818918228149414
1.3413474559783936, 0.027657747268676758
1.358820915222168, 0.027765512466430664
1.3570283651351929, 0.02778911590576172
1.3501206636428833, 0.02779364585876465
1.3578617572784424, 0.027811765670776367
1.3519681692123413, 0.027792930603027344
1.3493088483810425, 0.02775263786315918
1.3526533842086792, 0.02781820297241211
1.3435490131378174, 0.02777719497680664
1.3428125381469727, 0.027812957763671875
1.3529850244522095, 0.027697324752807617
1.3390839099884033, 0.027738332748413086
1.3539018630981445, 0.027881145477294922
1.3467251062393188, 0.027579069137573242
1.3547064065933228, 0.027626991271972656
1.3291393518447876, 0.027671098709106445
1.3401544094085693, 0.027713537216186523
1.3492389917373657, 0.027784347534179688
1.3413172960281372, 0.027817249298095703
1.3608121871948242, 0.027700424194335938
1.3420755863189697, 0.027564525604248047
1.339475393295288, 0.027683019638061523
1.3466660976409912, 0.027944564819335938
1.371559500694275, 0.027290821075439453
1.3566499948501587, 0.02779698371887207
1.3582959175109863, 0.027759552001953125
1.3526735305786133, 0.027715682983398438
1.3490947484970093, 0.027747392654418945
1.3612467050552368, 0.027622461318969727
1.3438315391540527, 0.0278775691986084
1.361092448234558, 0.0276644229888916
1.3495275974273682, 0.027696609497070312
1.3456895351409912, 0.02776479721069336
1.3690427541732788, 0.027769088745117188
1.3472094535827637, 0.027880191802978516
1.3433014154434204, 0.027933359146118164
1.3527556657791138, 0.027776002883911133
1.3456441164016724, 0.02781510353088379
1.3361891508102417, 0.027722597122192383
1.3587322235107422, 0.027925968170166016
1.3430572748184204, 0.028046369552612305
1.3505756855010986, 0.02785325050354004
1.3507158756256104, 0.027716636657714844
1.3453128337860107, 0.02770066261291504
1.359915018081665, 0.0278170108795166
1.3536646366119385, 0.027798175811767578
1.3508847951889038, 0.02775740623474121
1.3610050678253174, 0.027699947357177734
1.3556835651397705, 0.027704954147338867
1.3493714332580566, 0.027562379837036133
1.3538426160812378, 0.027636051177978516
1.3528265953063965, 0.027839183807373047
1.363189935684204, 0.02758026123046875
1.346529483795166, 0.027646780014038086
1.3540546894073486, 0.027578115463256836
1.3626736402511597, 0.027922391891479492
1.3639967441558838, 0.027815818786621094
1.355875015258789, 0.02762603759765625
1.3602887392044067, 0.027614593505859375
1.3447487354278564, 0.027739286422729492
1.355759620666504, 0.02770709991455078
1.354852318763733, 0.0280454158782959
1.3294504880905151, 0.027498245239257812
1.3569872379302979, 0.027440309524536133
1.3428077697753906, 0.02763652801513672
1.3500070571899414, 0.0279080867767334
1.3542587757110596, 0.027582645416259766
1.3523402214050293, 0.027819395065307617
1.3406611680984497, 0.027785301208496094
1.3467605113983154, 0.027798891067504883
1.341712236404419, 0.028085947036743164
1.3518728017807007, 0.027675390243530273
1.3626887798309326, 0.028093576431274414
1.3576760292053223, 0.027602195739746094
1.350839614868164, 0.027974843978881836
1.351951241493225, 0.027535200119018555
1.3443870544433594, 0.027421236038208008
1.3447420597076416, 0.027779102325439453
1.352226734161377, 0.02798604965209961
1.3400176763534546, 0.027688026428222656
1.345460057258606, 0.028072357177734375
1.3540527820587158, 0.02731180191040039
1.3360589742660522, 0.02767348289489746
1.3461347818374634, 0.0278167724609375
1.3598179817199707, 0.027547121047973633
1.3534066677093506, 0.027592897415161133
1.358809471130371, 0.027684688568115234
1.3531204462051392, 0.027695417404174805
1.3457775115966797, 0.02762746810913086
1.3517417907714844, 0.02803635597229004
1.3581448793411255, 0.027076244354248047
1.361510992050171, 0.02763533592224121
1.3453388214111328, 0.028036832809448242
1.3474159240722656, 0.027251720428466797
1.3414177894592285, 0.027982711791992188
1.3542957305908203, 0.027678966522216797
1.358924150466919, 0.027732133865356445
1.3548505306243896, 0.027876615524291992
1.3518368005752563, 0.02761983871459961
1.3533802032470703, 0.027653932571411133
1.3432533740997314, 0.027868032455444336
1.351017713546753, 0.027913331985473633
1.3454487323760986, 0.028018951416015625
1.3633826971054077, 0.027823448181152344
1.361437201499939, 0.027669906616210938
1.3595387935638428, 0.028168439865112305
1.3384649753570557, 0.027751922607421875
1.3487200736999512, 0.027675151824951172
1.3521792888641357, 0.027568340301513672
1.348491907119751, 0.02762007713317871
1.3458583354949951, 0.027843236923217773
1.3519411087036133, 0.027938365936279297
1.3455684185028076, 0.02790355682373047
1.3497380018234253, 0.02849602699279785
1.3334299325942993, 0.026627302169799805
1.3413057327270508, 0.027736186981201172
1.3397142887115479, 0.027698755264282227
1.3510758876800537, 0.027681589126586914
1.3526256084442139, 0.02772355079650879
1.351207971572876, 0.027765512466430664
1.3581671714782715, 0.027683019638061523
1.3432285785675049, 0.02768230438232422
1.3413043022155762, 0.027521610260009766
1.3513586521148682, 0.02753615379333496
1.3528783321380615, 0.0276944637298584
1.3422582149505615, 0.02782917022705078
1.3439685106277466, 0.027380943298339844
1.3504127264022827, 0.027764081954956055
1.3405609130859375, 0.027705907821655273
1.3446807861328125, 0.028046846389770508
1.3496638536453247, 0.02757716178894043
1.3423935174942017, 0.02761220932006836
1.3448753356933594, 0.02796459197998047
1.3468846082687378, 0.02737283706665039
1.3551357984542847, 0.028129100799560547
1.3507174253463745, 0.027586698532104492
1.3463304042816162, 0.02763986587524414
1.337756633758545, 0.027338504791259766
1.35048246383667, 0.02818751335144043
1.3575516939163208, 0.02791452407836914
1.3449876308441162, 0.02770853042602539
1.3391435146331787, 0.027881860733032227
1.3553733825683594, 0.027607440948486328
1.3567211627960205, 0.027766704559326172
1.3529250621795654, 0.02809286117553711
1.350580096244812, 0.027420997619628906
1.359771966934204, 0.028033018112182617
1.3518929481506348, 0.027431964874267578
1.3566945791244507, 0.0279695987701416
1.3531006574630737, 0.027814388275146484
1.3491524457931519, 0.028090715408325195
1.3507370948791504, 0.027333498001098633
1.3507716655731201, 0.027519941329956055
1.3463668823242188, 0.027697086334228516
1.3612858057022095, 0.027751922607421875
1.3487935066223145, 0.027698040008544922
1.3471646308898926, 0.027782440185546875
1.3369193077087402, 0.027588605880737305
1.3438136577606201, 0.027625560760498047
1.3535561561584473, 0.028047561645507812
1.3389859199523926, 0.027217864990234375
1.3531403541564941, 0.02788853645324707
1.3625495433807373, 0.02821946144104004
1.3496651649475098, 0.027513742446899414
1.3460848331451416, 0.027923107147216797
1.3652405738830566, 0.0272979736328125
1.343173623085022, 0.0276029109954834
1.3559622764587402, 0.02761077880859375
1.3434890508651733, 0.02762627601623535
1.3459609746932983, 0.02793717384338379
1.3540897369384766, 0.027683496475219727
1.3602675199508667, 0.027823448181152344
1.3455004692077637, 0.027752161026000977
1.344834566116333, 0.02775883674621582
1.3568544387817383, 0.02807474136352539
1.3488167524337769, 0.02766275405883789
1.3454225063323975, 0.02775430679321289
1.3563041687011719, 0.02765035629272461
1.3492311239242554, 0.02771615982055664
1.3533974885940552, 0.03043389320373535
1.3572814464569092, 0.028136491775512695
1.3437129259109497, 0.02851247787475586
1.3462392091751099, 0.026950359344482422
1.3372211456298828, 0.027625560760498047
1.3371647596359253, 0.027750730514526367
1.3340106010437012, 0.02771592140197754
1.3540174961090088, 0.02789592742919922
1.3414294719696045, 0.02815389633178711
1.3503276109695435, 0.0276949405670166
1.353240966796875, 0.027300357818603516
1.3425744771957397, 0.027714967727661133
1.3570375442504883, 0.02770853042602539
1.3633754253387451, 0.027721643447875977
1.3438973426818848, 0.02747178077697754
1.3436353206634521, 0.027575969696044922
1.3626630306243896, 0.0276949405670166
1.3458017110824585, 0.027790307998657227
1.347546100616455, 0.027746915817260742
1.3584096431732178, 0.02783823013305664
1.34791898727417, 0.02764892578125
1.3477365970611572, 0.027792692184448242
1.347862958908081, 0.027646541595458984
1.3511910438537598, 0.027803659439086914
1.349402666091919, 0.027704238891601562
1.3428632020950317, 0.027714967727661133
1.3441812992095947, 0.02802896499633789
1.3411492109298706, 0.027938365936279297
1.3544609546661377, 0.027695178985595703
1.3484151363372803, 0.027734756469726562
1.3440425395965576, 0.02769303321838379
1.340912103652954, 0.02819657325744629
1.3547167778015137, 0.027584075927734375
1.354751706123352, 0.027712345123291016
1.3554210662841797, 0.027719736099243164
1.343409538269043, 0.027674436569213867
1.354316234588623, 0.027678728103637695
1.33001708984375, 0.02755451202392578
1.3693491220474243, 0.027983427047729492
1.3434518575668335, 0.027692556381225586
1.350886583328247, 0.027643918991088867
1.3427414894104004, 0.027792692184448242
1.3449337482452393, 0.02768564224243164
1.35526704788208, 0.027881860733032227
1.3481906652450562, 0.02775883674621582
1.3531451225280762, 0.02787303924560547
1.3549928665161133, 0.028096437454223633
1.3525255918502808, 0.027352094650268555
1.3434910774230957, 0.027724504470825195
1.3608958721160889, 0.028102397918701172
1.3579291105270386, 0.027238130569458008
1.3552970886230469, 0.028677701950073242
1.3548128604888916, 0.027563810348510742
1.3568007946014404, 0.027820348739624023
1.345234751701355, 0.02782917022705078
1.3593182563781738, 0.027773618698120117
1.3590948581695557, 0.027673006057739258
1.3414041996002197, 0.027817487716674805
1.3531043529510498, 0.027971744537353516
1.3495569229125977, 0.027674198150634766
1.3539667129516602, 0.027421236038208008
1.3439970016479492, 0.027560949325561523
1.3473010063171387, 0.027559995651245117
1.3489158153533936, 0.028127193450927734
1.3439075946807861, 0.027542829513549805
1.3545620441436768, 0.027948617935180664
1.348371982574463, 0.027661800384521484
1.3419480323791504, 0.028026580810546875
1.3536728620529175, 0.027840137481689453
1.353370189666748, 0.027871131896972656
1.350592017173767, 0.02768254280090332
1.3489234447479248, 0.02765822410583496
1.3511483669281006, 0.027858972549438477
1.3620091676712036, 0.027428627014160156
1.3505384922027588, 0.027332067489624023
1.349958062171936, 0.027602434158325195
1.357846975326538, 0.02756810188293457
1.3470571041107178, 0.02768111228942871
1.356473684310913, 0.027611732482910156
1.3483500480651855, 0.027706623077392578
1.355217456817627, 0.02805638313293457
1.3448286056518555, 0.027377605438232422
1.3463642597198486, 0.02775406837463379
1.35430908203125, 0.027733325958251953
1.3571741580963135, 0.027707338333129883
1.3608455657958984, 0.027723312377929688
1.334807276725769, 0.02844548225402832
1.341205358505249, 0.027826547622680664
1.3471412658691406, 0.02769184112548828
1.3539471626281738, 0.027761459350585938
1.3504457473754883, 0.027794837951660156
1.3471928834915161, 0.027850627899169922
1.3484529256820679, 0.02777886390686035
1.346483588218689, 0.02758646011352539
1.3554860353469849, 0.027569293975830078
1.3565038442611694, 0.027694225311279297
1.3403856754302979, 0.02794337272644043
1.3475301265716553, 0.02767324447631836
1.3435462713241577, 0.027646541595458984
1.3524043560028076, 0.02775859832763672
1.3642714023590088, 0.02774357795715332
1.3507040739059448, 0.027851104736328125
1.3464637994766235, 0.027847766876220703
1.343342900276184, 0.0277407169342041
1.3515102863311768, 0.02796196937561035
1.3455445766448975, 0.027832746505737305
1.3649324178695679, 0.02758622169494629
1.3589739799499512, 0.02766871452331543
1.345923900604248, 0.02758479118347168
1.3487733602523804, 0.028023481369018555
1.347625494003296, 0.02765202522277832
1.346949577331543, 0.027601242065429688
1.3390222787857056, 0.02732110023498535
1.3431099653244019, 0.027759552001953125
1.3492285013198853, 0.028289318084716797
1.3483390808105469, 0.027594327926635742
1.3501031398773193, 0.0276491641998291
1.3579435348510742, 0.02762436866760254
1.3449565172195435, 0.027738094329833984
1.349813461303711, 0.02782917022705078
1.357409954071045, 0.027825355529785156
1.35036039352417, 0.02796459197998047
1.3548120260238647, 0.02774786949157715
1.351700782775879, 0.027841567993164062
1.3446418046951294, 0.027903318405151367
1.3613011837005615, 0.02774953842163086
1.3425501585006714, 0.027677059173583984
1.3489878177642822, 0.02756524085998535
1.3480595350265503, 0.027596235275268555
1.35683012008667, 0.027701377868652344
1.3603301048278809, 0.027817487716674805
1.3583563566207886, 0.02762627601623535
1.343030571937561, 0.027782678604125977
1.347740650177002, 0.027720928192138672
1.3562698364257812, 0.027756214141845703
1.3592216968536377, 0.02788233757019043
1.3319631814956665, 0.027692317962646484
1.353054404258728, 0.027817487716674805
1.3502540588378906, 0.027791976928710938
1.349746823310852, 0.0277407169342041
1.346664309501648, 0.027970075607299805
1.350541114807129, 0.027550935745239258
1.349594235420227, 0.0278170108795166
1.3533726930618286, 0.027758359909057617
1.3568837642669678, 0.028095006942749023
1.3549681901931763, 0.02746272087097168
1.3551592826843262, 0.02740311622619629
1.353698492050171, 0.027784347534179688
1.3515512943267822, 0.02771735191345215
1.3543606996536255, 0.02759838104248047
1.3536112308502197, 0.027746915817260742
1.3611843585968018, 0.027589082717895508
1.3397953510284424, 0.027713298797607422
1.338422179222107, 0.027860164642333984
1.3529796600341797, 0.027750492095947266
1.3355140686035156, 0.02771449089050293
1.3481817245483398, 0.027715444564819336
1.3453649282455444, 0.028159141540527344
1.3375699520111084, 0.027790069580078125
1.3513950109481812, 0.027376413345336914
1.350632905960083, 0.027690410614013672
1.359609842300415, 0.028284072875976562
1.3519530296325684, 0.02720499038696289
1.3381679058074951, 0.027604103088378906
1.3498995304107666, 0.02767324447631836
1.3476736545562744, 0.02775096893310547
1.338827133178711, 0.0277097225189209
1.352015495300293, 0.027690410614013672
1.3450912237167358, 0.02787303924560547
1.3492356538772583, 0.028100252151489258
1.3484199047088623, 0.027598142623901367
1.3489744663238525, 0.027701854705810547
1.3460116386413574, 0.027649641036987305
1.3606990575790405, 0.02765965461730957
1.3492565155029297, 0.027706146240234375
1.3421199321746826, 0.027774572372436523
1.358359456062317, 0.028031587600708008
1.340380072593689, 0.027702808380126953
1.3511639833450317, 0.027743816375732422
1.347910761833191, 0.027688980102539062
1.330104947090149, 0.027870893478393555
1.3487403392791748, 0.02777552604675293
1.3462450504302979, 0.027675390243530273
1.3567242622375488, 0.027650833129882812
1.3394856452941895, 0.027849197387695312
1.3546805381774902, 0.027695417404174805
1.3484398126602173, 0.027310609817504883
1.3379625082015991, 0.02768731117248535
1.3397362232208252, 0.0277559757232666
1.3518211841583252, 0.02789306640625
1.3637878894805908, 0.02775096893310547
1.3531668186187744, 0.027951717376708984
1.3553110361099243, 0.027838468551635742
1.3720502853393555, 0.027700424194335938
1.352489709854126, 0.027760982513427734
1.3447730541229248, 0.02784252166748047
1.3517431020736694, 0.027446746826171875
1.3438124656677246, 0.027225017547607422
1.3305811882019043, 0.027645587921142578
1.354034662246704, 0.027677297592163086
1.3374319076538086, 0.02778792381286621
1.3448822498321533, 0.027846574783325195
1.3504385948181152, 0.02786707878112793
1.346785306930542, 0.027817249298095703
1.3588464260101318, 0.02777552604675293
1.3584980964660645, 0.027684450149536133
1.3491613864898682, 0.02769923210144043
1.3564091920852661, 0.027631759643554688
1.3527097702026367, 0.027572154998779297
1.3488118648529053, 0.027634143829345703
1.3439037799835205, 0.02799224853515625
1.3536434173583984, 0.0279390811920166
1.3469603061676025, 0.02720785140991211
1.3524538278579712, 0.028240203857421875
1.344329595565796, 0.02773118019104004
1.349139928817749, 0.02773571014404297
1.3520779609680176, 0.02802252769470215
1.3524771928787231, 0.02754354476928711
1.3504061698913574, 0.02731013298034668
1.348914623260498, 0.02760767936706543
1.3416389226913452, 0.027576684951782227
1.3511931896209717, 0.02773880958557129
1.3458974361419678, 0.0278017520904541
1.360128402709961, 0.02784895896911621
1.3562071323394775, 0.027916908264160156
1.3579323291778564, 0.027813196182250977
1.3380744457244873, 0.02777266502380371
1.3462916612625122, 0.02795267105102539
1.3573731184005737, 0.027716875076293945
1.3497977256774902, 0.02771472930908203
1.3560552597045898, 0.02790069580078125
1.3559069633483887, 0.027380943298339844
1.3653573989868164, 0.02779984474182129
1.3489220142364502, 0.02724289894104004
1.3491027355194092, 0.027446746826171875
1.3525495529174805, 0.027883291244506836
1.3514002561569214, 0.027670621871948242
1.3481773138046265, 0.0280148983001709
1.3402986526489258, 0.027820110321044922
1.353027582168579, 0.028070449829101562
1.3710651397705078, 0.027588605880737305
1.3503694534301758, 0.027674436569213867
1.347338318824768, 0.027992963790893555
1.3516981601715088, 0.02765345573425293
1.3549083471298218, 0.02753162384033203
1.3429372310638428, 0.027950286865234375
1.3493785858154297, 0.027085542678833008
1.347962737083435, 0.027973175048828125
1.3461780548095703, 0.027204036712646484
1.3438866138458252, 0.027930736541748047
1.3580507040023804, 0.027638912200927734
1.344836711883545, 0.027623414993286133
1.362685203552246, 0.02761983871459961
1.3613661527633667, 0.02767491340637207
1.3563814163208008, 0.027703046798706055
1.3524632453918457, 0.02772045135498047
1.353286862373352, 0.028033733367919922
1.3562405109405518, 0.027384042739868164
1.3416821956634521, 0.02800893783569336
1.3432607650756836, 0.02745819091796875
1.3507732152938843, 0.028080463409423828
1.354508399963379, 0.027885913848876953
1.356702208518982, 0.027779579162597656
1.3461452722549438, 0.02780771255493164
1.3403329849243164, 0.02763986587524414
1.3513169288635254, 0.027584075927734375
1.357054591178894, 0.02767038345336914
1.3510339260101318, 0.027749300003051758
1.3407657146453857, 0.027640104293823242
1.3604657649993896, 0.02787470817565918
1.346282720565796, 0.028080463409423828
1.345131516456604, 0.028012990951538086
1.3477582931518555, 0.02776193618774414
1.355558156967163, 0.02802252769470215
1.3390272855758667, 0.027551889419555664
1.3350434303283691, 0.02783679962158203
1.3491159677505493, 0.027679443359375
1.3577125072479248, 0.027613401412963867
1.3650074005126953, 0.027707576751708984
1.359248161315918, 0.02759861946105957
1.3517744541168213, 0.027624845504760742
1.3495768308639526, 0.02764105796813965
1.3562978506088257, 0.02767205238342285
1.3363008499145508, 0.027597427368164062
1.3489677906036377, 0.0276031494140625
1.345747470855713, 0.027971506118774414
1.3524353504180908, 0.027553319931030273
1.3539619445800781, 0.027715444564819336
1.3559682369232178, 0.027720212936401367
1.3458690643310547, 0.02771925926208496
1.346248984336853, 0.027795076370239258
1.3377838134765625, 0.027680635452270508
1.3515692949295044, 0.027843236923217773
1.3423861265182495, 0.02792668342590332
1.3419432640075684, 0.027729272842407227
1.3552978038787842, 0.02772808074951172
1.3492153882980347, 0.02778315544128418
1.336700677871704, 0.027765989303588867
1.3419198989868164, 0.027817487716674805
1.3529547452926636, 0.027695655822753906
1.3572769165039062, 0.027753114700317383
1.3506991863250732, 0.027606487274169922
1.3470008373260498, 0.027576684951782227
1.3503283262252808, 0.027623414993286133
1.3524508476257324, 0.0277860164642334
1.3555705547332764, 0.027843236923217773
1.340134620666504, 0.028036832809448242
1.34346604347229, 0.0279543399810791
1.3696805238723755, 0.02782130241394043
1.3569469451904297, 0.027779817581176758
1.3460334539413452, 0.027780771255493164
1.3549214601516724, 0.027696847915649414
1.3519551753997803, 0.02776336669921875
1.3504621982574463, 0.027730226516723633
1.3580689430236816, 0.02765965461730957
1.3483588695526123, 0.027744531631469727
1.3552199602127075, 0.02753615379333496
1.3406295776367188, 0.02762293815612793
1.3569639921188354, 0.027530670166015625
1.3482387065887451, 0.027554988861083984
1.3466020822525024, 0.02751779556274414
1.3456671237945557, 0.02770256996154785
1.3501129150390625, 0.027928590774536133
1.351820707321167, 0.027679920196533203
1.345548391342163, 0.027701377868652344
1.3533380031585693, 0.027798175811767578
1.3466029167175293, 0.027902603149414062
1.3433051109313965, 0.027573347091674805
1.3537094593048096, 0.027871370315551758
1.3431872129440308, 0.027876853942871094
1.3524115085601807, 0.02777266502380371
1.35480797290802, 0.027848005294799805
1.3505384922027588, 0.027760982513427734
1.343306303024292, 0.027725934982299805
1.3556597232818604, 0.028197765350341797
1.355003833770752, 0.02750849723815918
1.3443881273269653, 0.027258634567260742
1.3541594743728638, 0.027590274810791016
1.366170883178711, 0.027803659439086914
1.3558650016784668, 0.027816295623779297
1.3489065170288086, 0.027736902236938477
1.3462690114974976, 0.027854442596435547
1.3364351987838745, 0.02786540985107422
1.33927583694458, 0.02788233757019043
1.347484827041626, 0.005426168441772461
1.3568308353424072, 0.004845857620239258
1.3488218784332275, 0.004679441452026367
1.3454623222351074, 0.024132490158081055
1.3568730354309082, 0.027411460876464844
1.3520570993423462, 0.027522802352905273
1.3478338718414307, 0.027671098709106445
1.3359284400939941, 0.02776503562927246
1.3593471050262451, 0.0276947021484375
1.3444085121154785, 0.027707815170288086
1.3412418365478516, 0.027717113494873047
1.3517570495605469, 0.028064250946044922
1.3493306636810303, 0.027463912963867188
1.3449455499649048, 0.02780294418334961
1.3630027770996094, 0.028554916381835938
1.3540185689926147, 0.02817249298095703
1.3531386852264404, 0.02742743492126465
1.3489000797271729, 0.027699708938598633
1.3421151638031006, 0.027681589126586914
1.3679578304290771, 0.02776479721069336
1.3497272729873657, 0.027640819549560547
1.3501322269439697, 0.027933597564697266
1.362203598022461, 0.02781367301940918
1.3401439189910889, 0.02771162986755371
1.3597573041915894, 0.027859926223754883
1.3515620231628418, 0.02756643295288086
1.3410313129425049, 0.027793169021606445
1.3389934301376343, 0.027739763259887695
1.3554799556732178, 0.027705669403076172
1.3424855470657349, 0.027823448181152344
1.359217643737793, 0.028045177459716797
1.3502423763275146, 0.02774834632873535
1.351745367050171, 0.027795076370239258
1.3505772352218628, 0.0278012752532959
1.3588687181472778, 0.027946949005126953
1.3476824760437012, 0.02808547019958496
1.3499817848205566, 0.028301477432250977
1.3417104482650757, 0.027187347412109375
1.3507448434829712, 0.027499675750732422
1.3531506061553955, 0.027749061584472656
1.337510108947754, 0.027730941772460938
1.3460259437561035, 0.027633190155029297
1.343724250793457, 0.027576923370361328
1.3441863059997559, 0.027589797973632812
1.349013090133667, 0.02774357795715332
1.3499085903167725, 0.027836084365844727
1.3478014469146729, 0.027584552764892578
1.3333275318145752, 0.027732372283935547
1.3481101989746094, 0.02772808074951172
1.338686227798462, 0.02813410758972168
1.3335294723510742, 0.028081178665161133
1.3540217876434326, 0.027044057846069336
1.3476841449737549, 0.028000354766845703
1.3487311601638794, 0.027138948440551758
1.3397307395935059, 0.027823448181152344
1.3460726737976074, 0.027725696563720703
1.3513034582138062, 0.027669429779052734
1.3459765911102295, 0.027742385864257812
1.3635181188583374, 0.02794361114501953
1.3531548976898193, 0.027936220169067383
1.3561005592346191, 0.027777671813964844
1.3431921005249023, 0.027637958526611328
1.3402653932571411, 0.027454614639282227
1.3496527671813965, 0.02762126922607422
1.3403456211090088, 0.027771472930908203
1.35377836227417, 0.02772068977355957
1.362156867980957, 0.027685880661010742
1.3431028127670288, 0.027790307998657227
1.3462018966674805, 0.027927160263061523
1.356510043144226, 0.027812719345092773
1.3600411415100098, 0.027765989303588867
1.3627840280532837, 0.027765989303588867
1.3462233543395996, 0.028209924697875977
1.3510218858718872, 0.027646303176879883
1.3468220233917236, 0.02775096893310547
1.3615334033966064, 0.028081417083740234
1.3490796089172363, 0.027227401733398438
1.3491084575653076, 0.02767205238342285
1.3538436889648438, 0.027898550033569336
1.353278398513794, 0.027342557907104492
1.3371143341064453, 0.027731657028198242
1.3583346605300903, 0.027730464935302734
1.3489246368408203, 0.027761220932006836
1.3526411056518555, 0.027834415435791016
1.3536149263381958, 0.027851104736328125
1.350393295288086, 0.027736902236938477
1.3596335649490356, 0.02787637710571289
1.3538869619369507, 0.027904510498046875
1.3557406663894653, 0.027447938919067383
1.352543830871582, 0.02759385108947754
1.3512555360794067, 0.027339696884155273
1.3377082347869873, 0.02809453010559082
1.343464732170105, 0.027842283248901367
1.3487011194229126, 0.02781200408935547
1.341879963874817, 0.027756214141845703
1.34317147731781, 0.027631521224975586
1.3484903573989868, 0.027645111083984375
1.35355806350708, 0.02771592140197754
1.3427232503890991, 0.027801036834716797
1.3533735275268555, 0.027805805206298828
1.362290620803833, 0.027805566787719727
1.3460659980773926, 0.027764320373535156
1.3430979251861572, 0.02793598175048828
1.3547451496124268, 0.027404308319091797
1.358750581741333, 0.02761697769165039
1.3475309610366821, 0.028022050857543945
1.3499293327331543, 0.02738499641418457
1.3529738187789917, 0.0277097225189209
1.3523955345153809, 0.02776646614074707
1.3554954528808594, 0.027851581573486328
1.3460215330123901, 0.027697324752807617
1.3578941822052002, 0.02767205238342285
1.3492028713226318, 0.027591705322265625
1.355525016784668, 0.027744054794311523
1.344064474105835, 0.027858257293701172
1.3502081632614136, 0.02834939956665039
1.3505338430404663, 0.02739429473876953
1.3517513275146484, 0.02824687957763672
1.3392834663391113, 0.027767658233642578
1.3369156122207642, 0.027454137802124023
1.346257209777832, 0.027810096740722656
1.3516188859939575, 0.02771759033203125
1.3512985706329346, 0.027698516845703125
1.3396930694580078, 0.027565956115722656
1.355919599533081, 0.027752161026000977
1.3478751182556152, 0.027629613876342773
1.359540581703186, 0.02768874168395996
1.349738597869873, 0.027945518493652344
1.3415727615356445, 0.02740311622619629
1.3565012216567993, 0.02772235870361328
1.3579449653625488, 0.028005123138427734
1.3480827808380127, 0.027351856231689453
1.3578749895095825, 0.027776718139648438
1.329856276512146, 0.027842283248901367
1.3551387786865234, 0.027878761291503906
1.3539023399353027, 0.027698516845703125
1.3483048677444458, 0.027713537216186523
1.343458890914917, 0.027659893035888672
1.3477189540863037, 0.0276641845703125
1.3551125526428223, 0.027687788009643555
1.3513667583465576, 0.02758049964904785
1.3545900583267212, 0.0277554988861084
1.3547782897949219, 0.02767324447631836
1.3377304077148438, 0.02781057357788086
1.336176872253418, 0.027765750885009766
1.3517705202102661, 0.027605533599853516
1.3313078880310059, 0.02768397331237793
1.3450675010681152, 0.028062105178833008
1.3482985496520996, 0.027123689651489258
1.3518778085708618, 0.027660608291625977
1.3460479974746704, 0.027842044830322266
1.349027156829834, 0.027759313583374023
1.3581656217575073, 0.027764320373535156
1.3422629833221436, 0.027784109115600586
1.339738368988037, 0.027645349502563477
1.347684383392334, 0.02783942222595215
1.3434736728668213, 0.027782201766967773
1.3526746034622192, 0.027684450149536133
1.3515007495880127, 0.027963876724243164
1.3535794019699097, 0.027735233306884766
1.3430025577545166, 0.027660608291625977
1.347706913948059, 0.02764582633972168
1.352189302444458, 0.02765202522277832
1.3587356805801392, 0.027751922607421875
1.3514389991760254, 0.027663230895996094
1.36065673828125, 0.027925729751586914
1.3524103164672852, 0.027747154235839844
1.3585549592971802, 0.02785015106201172
1.3564107418060303, 0.02777385711669922
1.3375799655914307, 0.027695894241333008
1.3357347249984741, 0.027825117111206055
1.3503671884536743, 0.0277862548828125
1.345095157623291, 0.02765345573425293
1.35633385181427, 0.02746868133544922
1.3490204811096191, 0.027677536010742188
1.3419736623764038, 0.027753591537475586
1.3476707935333252, 0.02764606475830078
1.356534481048584, 0.027812957763671875
1.3611241579055786, 0.027922391891479492
1.342043399810791, 0.027465343475341797
1.3456172943115234, 0.028033971786499023
1.3609834909439087, 0.02734231948852539
1.3562581539154053, 0.027578353881835938
1.3458149433135986, 0.027692556381225586
1.3550819158554077, 0.02764296531677246
1.361153244972229, 0.02783679962158203
1.3461413383483887, 0.027639150619506836
1.3508081436157227, 0.028026103973388672
1.341190218925476, 0.027936697006225586
1.3547594547271729, 0.028055667877197266
1.3572490215301514, 0.027830123901367188
1.35414457321167, 0.02767491340637207
1.3439233303070068, 0.027571678161621094
1.3484070301055908, 0.027759790420532227
1.3400131464004517, 0.027964115142822266
1.3479737043380737, 0.02749919891357422
1.3668056726455688, 0.027539730072021484
1.3470834493637085, 0.027728557586669922
1.3496733903884888, 0.028048038482666016
1.3464980125427246, 0.02737259864807129
1.3402554988861084, 0.02814626693725586
1.3455406427383423, 0.02748274803161621
1.3483699560165405, 0.027663230895996094
1.3446106910705566, 0.02801346778869629
1.3522154092788696, 0.027315855026245117
1.3396106958389282, 0.027660131454467773
1.360465407371521, 0.0277860164642334
1.3469141721725464, 0.027995586395263672
1.3616728782653809, 0.02753138542175293
1.3515307903289795, 0.02728557586669922
1.343364953994751, 0.027611255645751953
1.35035240650177, 0.02765679359436035
1.3494683504104614, 0.02769303321838379
1.3538806438446045, 0.027747392654418945
1.3448774814605713, 0.02762603759765625
1.3463249206542969, 0.027727603912353516
1.3517707586288452, 0.027593374252319336
1.3582943677902222, 0.027649641036987305
1.3509873151779175, 0.027704954147338867
1.3430976867675781, 0.027626514434814453
1.3326728343963623, 0.02804398536682129
1.3699125051498413, 0.027631521224975586
1.344709038734436, 0.027794837951660156
1.3527950048446655, 0.027825355529785156
1.3403151035308838, 0.027795791625976562
1.3544414043426514, 0.027874231338500977
1.3553168773651123, 0.027909040451049805
1.3473608493804932, 0.02796459197998047
1.351714849472046, 0.027333736419677734
1.3392817974090576, 0.027796268463134766
1.349609136581421, 0.027781248092651367
1.356555700302124, 0.028171777725219727
1.3484830856323242, 0.027634382247924805
1.3434945344924927, 0.02776336669921875
1.3449556827545166, 0.027664899826049805
1.342838168144226, 0.027791261672973633
1.3441050052642822, 0.02776312828063965
1.3524492979049683, 0.028032302856445312
1.3523075580596924, 0.02733898162841797
1.3550715446472168, 0.027782440185546875
1.3603061437606812, 0.027894973754882812
1.3535898923873901, 0.027827978134155273
1.3427002429962158, 0.02769160270690918
1.3511627912521362, 0.027731657028198242
1.3498669862747192, 0.02778482437133789
1.348813533782959, 0.02776193618774414
1.3607473373413086, 0.02777886390686035
1.3456566333770752, 0.02750229835510254
1.3457770347595215, 0.02722024917602539
1.3586313724517822, 0.0278933048248291
1.3423559665679932, 0.027788400650024414
1.3397891521453857, 0.028005123138427734
1.3522918224334717, 0.02727675437927246
1.354200839996338, 0.027817726135253906
1.346684455871582, 0.027779102325439453
1.3536055088043213, 0.0276186466217041
1.3506572246551514, 0.02768731117248535
1.3445804119110107, 0.02820301055908203
1.3464897871017456, 0.027256011962890625
1.35526442527771, 0.02806544303894043
1.3513526916503906, 0.028014421463012695
1.3444364070892334, 0.027240991592407227
1.3542065620422363, 0.02773904800415039
1.3459028005599976, 0.02833414077758789
1.354078769683838, 0.02744770050048828
1.335284948348999, 0.02768087387084961
1.3562886714935303, 0.028165340423583984
1.3483829498291016, 0.027459144592285156
1.3560547828674316, 0.02767467498779297
1.3495689630508423, 0.027605056762695312
1.3505014181137085, 0.027588844299316406
1.3455572128295898, 0.027752399444580078
1.3459076881408691, 0.027710914611816406
1.3486571311950684, 0.028148889541625977
1.3490533828735352, 0.027843475341796875
1.3469634056091309, 0.027536869049072266
1.3516228199005127, 0.027858257293701172
1.342804193496704, 0.02811574935913086
1.3565329313278198, 0.027684688568115234
1.3455090522766113, 0.026968955993652344
1.3543882369995117, 0.027782917022705078
1.3442819118499756, 0.027200698852539062
1.3619943857192993, 0.027602434158325195
1.3584343194961548, 0.02751016616821289
1.3338799476623535, 0.02762603759765625
1.3426694869995117, 0.02758622169494629
1.3588309288024902, 0.028005599975585938
1.3484598398208618, 0.027421951293945312
1.3496222496032715, 0.02769017219543457
1.3403565883636475, 0.02790355682373047
1.345841646194458, 0.027737855911254883
1.3577256202697754, 0.027747392654418945
1.354095458984375, 0.027890920639038086
1.3458771705627441, 0.0276944637298584
1.347944974899292, 0.027890682220458984
1.3412342071533203, 0.027780771255493164
1.3508689403533936, 0.02760481834411621
1.346508502960205, 0.028090476989746094
1.3511250019073486, 0.02717304229736328
1.345746397972107, 0.027683258056640625
1.346808910369873, 0.02778792381286621
1.353002905845642, 0.027802705764770508
1.3513247966766357, 0.027744293212890625
1.3443262577056885, 0.028382062911987305
1.3497891426086426, 0.027318954467773438
1.3393176794052124, 0.027895450592041016
1.3476461172103882, 0.02798748016357422
1.3472676277160645, 0.02771925926208496
1.351428508758545, 0.027439594268798828
1.3407546281814575, 0.027684926986694336
1.348616600036621, 0.027881145477294922
1.3344537019729614, 0.02776169776916504
1.337491750717163, 0.027721881866455078
1.3530876636505127, 0.027609825134277344
1.3500239849090576, 0.027791500091552734
1.3526456356048584, 0.027734994888305664
1.3464332818984985, 0.027627229690551758
1.3424263000488281, 0.027570247650146484
1.349266529083252, 0.027611255645751953
1.3555779457092285, 0.027716875076293945
1.352200984954834, 0.027629375457763672
1.352003574371338, 0.027870655059814453
1.3459253311157227, 0.027434825897216797
1.3474335670471191, 0.02814173698425293
1.3430006504058838, 0.027323007583618164
1.3543956279754639, 0.02778792381286621
1.352024793624878, 0.027819395065307617
1.3510401248931885, 0.02807903289794922
1.3532276153564453, 0.027956008911132812
1.3544925451278687, 0.027391672134399414
1.3508875370025635, 0.02758049964904785
1.3462646007537842, 0.02756047248840332
1.3496688604354858, 0.027692079544067383
1.3344194889068604, 0.027688980102539062
1.357647180557251, 0.02767324447631836
1.3387686014175415, 0.027660131454467773
1.3499836921691895, 0.027863025665283203
1.370128870010376, 0.027913808822631836
1.3494746685028076, 0.0278475284576416
1.3581160306930542, 0.028023481369018555
1.344079852104187, 0.027579069137573242
1.350710153579712, 0.027698755264282227
1.3420827388763428, 0.02775859832763672
1.352712869644165, 0.027714014053344727
1.3586533069610596, 0.027745962142944336
1.3530277013778687, 0.02777099609375
1.3449878692626953, 0.027782678604125977
1.3391109704971313, 0.027817964553833008
1.360884666442871, 0.027767419815063477
1.3501113653182983, 0.027805328369140625
1.3582854270935059, 0.027710437774658203
1.3396191596984863, 0.02774190902709961
1.3565109968185425, 0.027721643447875977
1.3457088470458984, 0.027655601501464844
1.3452430963516235, 0.027530193328857422
1.3495385646820068, 0.027684926986694336
1.3514058589935303, 0.027760982513427734
1.3449666500091553, 0.027910947799682617
1.3522666692733765, 0.02774834632873535
1.3497728109359741, 0.027748823165893555
1.361205816268921, 0.027823209762573242
1.3436362743377686, 0.027943849563598633
1.342961072921753, 0.027851343154907227
1.3663146495819092, 0.02761697769165039
1.3477624654769897, 0.027562618255615234
1.3491041660308838, 0.027684688568115234
1.3433752059936523, 0.027785301208496094
1.339709758758545, 0.027639150619506836
1.3494421243667603, 0.02761983871459961
1.3561923503875732, 0.027628421783447266
1.345015048980713, 0.027729034423828125
1.3484301567077637, 0.027875185012817383
1.3649729490280151, 0.027749061584472656
1.3427202701568604, 0.02773904800415039
1.3555755615234375, 0.027723073959350586
1.3439308404922485, 0.027741432189941406
1.3467037677764893, 0.028092384338378906
1.355303168296814, 0.027658462524414062
1.344010591506958, 0.027693510055541992
1.3442777395248413, 0.027834177017211914
1.343467354774475, 0.02779245376586914
1.347462773323059, 0.02776646614074707
1.341050148010254, 0.0277559757232666
1.352051019668579, 0.028014659881591797
1.3452019691467285, 0.027959346771240234
1.3494038581848145, 0.027765512466430664
1.3518966436386108, 0.02765655517578125
1.350877046585083, 0.02780604362487793
1.3520251512527466, 0.02772355079650879
1.3496904373168945, 0.02774786949157715
1.3485355377197266, 0.027713775634765625
1.3560125827789307, 0.02765059471130371
1.341660499572754, 0.027731657028198242
1.3443238735198975, 0.027949810028076172
1.348863959312439, 0.02782750129699707
1.3593004941940308, 0.0276944637298584
1.3524595499038696, 0.027724504470825195
1.3512822389602661, 0.027765512466430664
1.3560523986816406, 0.027786731719970703
1.3457965850830078, 0.02782464027404785
1.3460795879364014, 0.02785801887512207
1.3590203523635864, 0.027777433395385742
1.3488008975982666, 0.02764296531677246
1.3454337120056152, 0.027750492095947266
1.3542602062225342, 0.02773451805114746
1.3500237464904785, 0.02750849723815918
1.3482389450073242, 0.027907848358154297
1.3578448295593262, 0.02771902084350586
1.3581924438476562, 0.0277559757232666
1.3481988906860352, 0.027748823165893555
1.3639700412750244, 0.027852773666381836
1.3414413928985596, 0.027663230895996094
1.3469321727752686, 0.02823042869567871
1.3510308265686035, 0.028422832489013672
1.3455626964569092, 0.027382373809814453
1.3414031267166138, 0.02704334259033203
1.3471791744232178, 0.027958393096923828
1.3379770517349243, 0.027662038803100586
1.3441369533538818, 0.027399539947509766
1.3637564182281494, 0.028261899948120117
1.3422138690948486, 0.02833724021911621
1.350104808807373, 0.02822113037109375
1.3489301204681396, 0.028090715408325195
1.3528088331222534, 0.0271914005279541
1.3462700843811035, 0.0278780460357666
1.3471133708953857, 0.027914047241210938
1.35158109664917, 0.02799367904663086
1.351881742477417, 0.027689456939697266
1.3344167470932007, 0.027622461318969727
1.3633193969726562, 0.02823638916015625
1.348130226135254, 0.027728557586669922
1.3373589515686035, 0.028165578842163086
1.3479721546173096, 0.027948856353759766
1.3562582731246948, 0.027646780014038086
1.348557710647583, 0.027758121490478516
1.3443002700805664, 0.027736663818359375
1.353532314300537, 0.027842998504638672
1.353846549987793, 0.027786731719970703
1.3450735807418823, 0.027757883071899414
1.3369321823120117, 0.02767205238342285
1.3469418287277222, 0.027645587921142578
1.3635056018829346, 0.027741193771362305
1.3571425676345825, 0.0278322696685791
1.3433927297592163, 0.02772068977355957
1.3453350067138672, 0.027759313583374023
1.3532168865203857, 0.027730941772460938
1.348246693611145, 0.027750492095947266
1.353058934211731, 0.0277559757232666
1.3537858724594116, 0.02793574333190918
1.3570761680603027, 0.027779817581176758
1.3632822036743164, 0.02769017219543457
1.3543288707733154, 0.027845382690429688
1.345696210861206, 0.027880430221557617
1.348658800125122, 0.02777266502380371
1.3445038795471191, 0.027679920196533203
1.3486974239349365, 0.02764749526977539
1.3411898612976074, 0.027685880661010742
1.353783130645752, 0.027772903442382812
1.3409830331802368, 0.02776622772216797
1.3651556968688965, 0.027909278869628906
1.3554741144180298, 0.027822017669677734
1.355960488319397, 0.02786731719970703
1.3577909469604492, 0.027815580368041992
1.3526970148086548, 0.02773594856262207
1.3502063751220703, 0.027676105499267578
1.3432611227035522, 0.027706384658813477
1.352367639541626, 0.027623414993286133
1.3452749252319336, 0.027681589126586914
1.3480980396270752, 0.027569293975830078
1.3485233783721924, 0.027870655059814453
1.3457573652267456, 0.027698993682861328
1.3472000360488892, 0.027803659439086914
1.3502545356750488, 0.027807235717773438
1.3399882316589355, 0.027793407440185547
1.3573356866836548, 0.027762413024902344
1.356276273727417, 0.027687788009643555
1.3533713817596436, 0.027672290802001953
1.3541252613067627, 0.027757883071899414
1.362036943435669, 0.02775430679321289
1.337545394897461, 0.027700185775756836
1.3567240238189697, 0.02779555320739746
1.3447656631469727, 0.02755570411682129
1.3551560640335083, 0.027607440948486328
1.3522937297821045, 0.027984142303466797
1.3420469760894775, 0.027858495712280273
1.3438973426818848, 0.027598142623901367
1.3515880107879639, 0.027558326721191406
1.3454561233520508, 0.027830839157104492
1.3475418090820312, 0.02772998809814453
1.3508334159851074, 0.027753591537475586
1.3584401607513428, 0.027634620666503906
1.3735086917877197, 0.02770066261291504
1.349844217300415, 0.02792191505432129
1.3497058153152466, 0.02788567543029785
1.3657090663909912, 0.028235197067260742
1.351654052734375, 0.027332544326782227
1.3508100509643555, 0.027650833129882812
1.3558077812194824, 0.027875185012817383
1.3410449028015137, 0.027888774871826172
1.35589599609375, 0.027760028839111328
1.3477435111999512, 0.027691125869750977
1.3421677350997925, 0.02781510353088379
1.3434641361236572, 0.027714014053344727
1.3539807796478271, 0.027622699737548828
1.3584119081497192, 0.027651548385620117
1.3444105386734009, 0.02773284912109375
1.3472697734832764, 0.027786731719970703
1.347411036491394, 0.02783346176147461
1.3490461111068726, 0.02767491340637207
1.3550667762756348, 0.02779531478881836
1.352379322052002, 0.027709484100341797
1.3456448316574097, 0.027739763259887695
1.347917914390564, 0.027736186981201172
1.34050452709198, 0.027924060821533203
1.35682213306427, 0.027804851531982422
1.3599592447280884, 0.027746200561523438
1.34999418258667, 0.027801513671875
1.3481457233428955, 0.02776360511779785
1.3433191776275635, 0.027936697006225586
1.3452136516571045, 0.027412891387939453
1.338735818862915, 0.027301549911499023
1.3386116027832031, 0.028221845626831055
1.3705177307128906, 0.027510643005371094
1.3487253189086914, 0.02720022201538086
1.3446459770202637, 0.027646541595458984
1.3372657299041748, 0.027748823165893555
1.345505714416504, 0.02778339385986328
1.3575416803359985, 0.02776312828063965
1.3421499729156494, 0.02777266502380371
1.3489993810653687, 0.027818679809570312
1.354269027709961, 0.027856826782226562
1.3342448472976685, 0.027947664260864258
1.3619314432144165, 0.02771759033203125
1.3501741886138916, 0.027790546417236328
1.3465044498443604, 0.027832508087158203
1.3528697490692139, 0.02778315544128418
1.3492927551269531, 0.027997970581054688
1.3502453565597534, 0.027811765670776367
1.352966547012329, 0.027744531631469727
1.3559119701385498, 0.027777671813964844
1.346724510192871, 0.027637958526611328
1.3406263589859009, 0.027619123458862305
1.3566126823425293, 0.027638912200927734
1.3413355350494385, 0.027827739715576172
1.331714391708374, 0.02791619300842285
1.3627605438232422, 0.027754545211791992
1.3504266738891602, 0.027825355529785156
1.339247465133667, 0.027700185775756836
1.3509242534637451, 0.027711868286132812
1.3516461849212646, 0.02769637107849121
1.351118564605713, 0.02774977684020996
1.3415451049804688, 0.02766108512878418
1.3596675395965576, 0.02752995491027832
1.3470693826675415, 0.02777838706970215
1.3574557304382324, 0.02770853042602539
1.3490660190582275, 0.027834415435791016
1.3521682024002075, 0.027744770050048828
1.3357011079788208, 0.02782130241394043
1.3436436653137207, 0.02748894691467285
1.3485755920410156, 0.028085947036743164
1.3475306034088135, 0.027046918869018555
1.3547255992889404, 0.027899503707885742
1.348581075668335, 0.02746105194091797
1.347188949584961, 0.027724742889404297
1.3583579063415527, 0.02770686149597168
1.3583414554595947, 0.02776026725769043
1.3566601276397705, 0.027808666229248047
1.3495516777038574, 0.028104066848754883
1.3463680744171143, 0.027742862701416016
1.3513907194137573, 0.027486562728881836
1.3416601419448853, 0.02773571014404297
1.3525969982147217, 0.02779865264892578
1.3661160469055176, 0.027683258056640625
1.3424749374389648, 0.02784276008605957
1.3538219928741455, 0.02778935432434082
1.3608043193817139, 0.02782726287841797
1.364522933959961, 0.027742624282836914
1.3471710681915283, 0.02775287628173828
1.3496596813201904, 0.027718544006347656
1.348312258720398, 0.027904033660888672
1.3486237525939941, 0.027835845947265625
1.3426192998886108, 0.027711153030395508
1.3608882427215576, 0.027617692947387695
1.3614788055419922, 0.02769756317138672
1.3529729843139648, 0.027735233306884766
1.3523142337799072, 0.027712106704711914
1.3538156747817993, 0.027691125869750977
1.3508515357971191, 0.027838945388793945
1.3503223657608032, 0.027932405471801758
1.342152714729309, 0.02779841423034668
1.345446228981018, 0.027773380279541016
1.3441342115402222, 0.027848482131958008
1.3354653120040894, 0.027644872665405273
1.3501672744750977, 0.02803945541381836
1.350602626800537, 0.027600765228271484
1.3456368446350098, 0.027582883834838867
1.3551688194274902, 0.027568817138671875
1.3534095287322998, 0.027637720108032227
1.3609013557434082, 0.02759385108947754
1.357744574546814, 0.02782893180847168
1.347428798675537, 0.027681350708007812
1.351745367050171, 0.027968168258666992
1.3521320819854736, 0.027831554412841797
1.349587082862854, 0.027828693389892578
1.3536252975463867, 0.02777886390686035
1.3521257638931274, 0.02770233154296875
1.3576102256774902, 0.02772831916809082
1.3480873107910156, 0.027820348739624023
1.3376178741455078, 0.027759790420532227
1.3521267175674438, 0.027851104736328125
1.3450944423675537, 0.02770209312438965
1.3394496440887451, 0.028011083602905273
1.3457889556884766, 0.027467966079711914
1.3479113578796387, 0.028034210205078125
1.338181734085083, 0.027789831161499023
1.3495488166809082, 0.02778148651123047
1.3516604900360107, 0.027374982833862305
1.3548526763916016, 0.02804255485534668
1.3612151145935059, 0.027411937713623047
1.3538306951522827, 0.027659177780151367
1.3459335565567017, 0.02795243263244629
1.3494527339935303, 0.027591466903686523
1.353725790977478, 0.027927637100219727
1.3458993434906006, 0.027529001235961914
1.3365843296051025, 0.0275266170501709
1.3504642248153687, 0.027791500091552734
1.3571934700012207, 0.02772378921508789
1.3430781364440918, 0.027675867080688477
1.3529728651046753, 0.027834177017211914
1.3397176265716553, 0.027760744094848633
1.354758858680725, 0.027982234954833984
1.3583720922470093, 0.027576446533203125
1.3545984029769897, 0.02766871452331543
1.3628273010253906, 0.027519702911376953
1.3558454513549805, 0.02768397331237793
1.3458738327026367, 0.0281064510345459
1.3477001190185547, 0.027766942977905273
1.356023907661438, 0.02759552001953125
1.346712589263916, 0.027404069900512695
1.3558446168899536, 0.027714014053344727
1.3557101488113403, 0.02774953842163086
1.344646692276001, 0.027782201766967773
1.3415534496307373, 0.02790665626525879
1.3538494110107422, 0.02755260467529297
1.3523077964782715, 0.027972936630249023
1.343760371208191, 0.027774572372436523
1.3532524108886719, 0.028069019317626953
1.3502048254013062, 0.027594327926635742
1.3465372323989868, 0.0276186466217041
1.3451788425445557, 0.027753591537475586
1.3409209251403809, 0.027751684188842773
1.356029987335205, 0.028011560440063477
1.3476314544677734, 0.02748274803161621
1.3430622816085815, 0.0278317928314209
1.3536107540130615, 0.028107881546020508
1.3585596084594727, 0.02731776237487793
1.3471906185150146, 0.027466297149658203
1.339046835899353, 0.027675390243530273
1.346472978591919, 0.027910232543945312
1.3485031127929688, 0.0279843807220459
1.3367466926574707, 0.027581214904785156
1.3366590738296509, 0.02750706672668457
1.3546559810638428, 0.02753305435180664
1.3444311618804932, 0.027706384658813477
1.3520009517669678, 0.027462482452392578
1.3480459451675415, 0.02750539779663086
1.3582364320755005, 0.027759075164794922
1.3562743663787842, 0.02791309356689453
1.3443059921264648, 0.02761387825012207
1.3504307270050049, 0.02744269371032715
1.3544197082519531, 0.02788543701171875
1.3384675979614258, 0.027912616729736328
1.3536001443862915, 0.02777409553527832
1.3441832065582275, 0.02785515785217285
1.343113660812378, 0.02782917022705078
1.355729341506958, 0.02767205238342285
1.350949764251709, 0.02774333953857422
1.3484044075012207, 0.02779674530029297
1.3483521938323975, 0.027749061584472656
1.34871506690979, 0.027931928634643555
1.3539113998413086, 0.02732706069946289
1.3488943576812744, 0.0283353328704834
1.3516385555267334, 0.027318954467773438
1.3531469106674194, 0.027773380279541016
1.3467001914978027, 0.027704238891601562
1.3580739498138428, 0.02790212631225586
1.339213490486145, 0.027894973754882812
1.3482266664505005, 0.027904510498046875
1.3453125953674316, 0.02804708480834961
1.3412775993347168, 0.027425289154052734
1.3551443815231323, 0.02752065658569336
1.342170000076294, 0.027745962142944336
1.3407368659973145, 0.0279848575592041
1.3543026447296143, 0.02748584747314453
1.3388177156448364, 0.027840852737426758
1.3448885679244995, 0.02779245376586914
1.3461723327636719, 0.027982473373413086
1.3371937274932861, 0.02730083465576172
1.3396798372268677, 0.027477264404296875
1.3476343154907227, 0.02735137939453125
1.3630595207214355, 0.027557373046875
1.3417420387268066, 0.027696847915649414
1.3478031158447266, 0.028082609176635742
1.3557255268096924, 0.02769780158996582
1.3463330268859863, 0.028211116790771484
1.3505733013153076, 0.027681827545166016
1.3492261171340942, 0.027644872665405273
1.3516745567321777, 0.027438640594482422
1.3516936302185059, 0.027673721313476562
1.3559198379516602, 0.028128862380981445
1.3430421352386475, 0.027430295944213867
1.3549168109893799, 0.0276491641998291
1.3554960489273071, 0.027519702911376953
1.348741054534912, 0.027829885482788086
1.3444979190826416, 0.027616500854492188
1.3459137678146362, 0.027719736099243164
1.3550388813018799, 0.02777695655822754
1.3406169414520264, 0.027733802795410156
1.3544795513153076, 0.027827024459838867
1.345194935798645, 0.02780628204345703
1.3522334098815918, 0.02801680564880371
1.3578040599822998, 0.027430057525634766
1.3531177043914795, 0.028067588806152344
1.3449366092681885, 0.02748584747314453
1.3419079780578613, 0.027727365493774414
1.3591198921203613, 0.02778935432434082
1.3455219268798828, 0.027878284454345703
1.3589318990707397, 0.02779698371887207
1.3456289768218994, 0.027935028076171875
1.3530194759368896, 0.027454614639282227
1.351501226425171, 0.027757883071899414
1.3440238237380981, 0.027685165405273438
1.3487508296966553, 0.027562618255615234
1.3454244136810303, 0.02744889259338379
1.348446011543274, 0.027692317962646484
1.3396174907684326, 0.02769756317138672
1.3424460887908936, 0.027711868286132812
1.3538298606872559, 0.0279538631439209
1.3486064672470093, 0.02797865867614746
1.3570747375488281, 0.02806878089904785
1.3497035503387451, 0.027642488479614258
1.355924129486084, 0.027663230895996094
1.3426841497421265, 0.027870893478393555
1.3538720607757568, 0.02782607078552246
1.349980115890503, 0.027643918991088867
1.3493924140930176, 0.027669668197631836
1.3482972383499146, 0.02769017219543457
1.3497405052185059, 0.027904748916625977
1.3567745685577393, 0.0277252197265625
1.3436235189437866, 0.027786731719970703
1.3402376174926758, 0.027621984481811523
1.3492982387542725, 0.02768993377685547
1.3511977195739746, 0.027718544006347656
1.3550926446914673, 0.027814149856567383
1.346508502960205, 0.027787208557128906
1.3519394397735596, 0.027807950973510742
1.3522140979766846, 0.027719736099243164
1.3446674346923828, 0.02774834632873535
1.3517283201217651, 0.02773594856262207
1.3477210998535156, 0.02783346176147461
1.3425347805023193, 0.027988195419311523
1.3581793308258057, 0.02781081199645996
1.3581347465515137, 0.027669191360473633
1.3595986366271973, 0.028176307678222656
1.3557641506195068, 0.02701544761657715
1.3384172916412354, 0.02762579917907715
1.3602981567382812, 0.027571439743041992
1.3543765544891357, 0.027587175369262695
1.3529820442199707, 0.027500629425048828
1.3449320793151855, 0.027794361114501953
1.35384202003479, 0.027793407440185547
1.346729040145874, 0.027736425399780273
1.3564523458480835, 0.02793407440185547
1.3448052406311035, 0.02803826332092285
1.348456621170044, 0.028053998947143555
1.3465176820755005, 0.028049707412719727
1.3482435941696167, 0.027510404586791992
1.3704745769500732, 0.027776241302490234
1.3620591163635254, 0.027650833129882812
1.3482463359832764, 0.027666807174682617
1.347342848777771, 0.027681589126586914
1.3399062156677246, 0.02768230438232422
1.3435847759246826, 0.027687788009643555
1.3390507698059082, 0.027800321578979492
1.3370649814605713, 0.027762413024902344
1.3557548522949219, 0.028122425079345703
1.3612492084503174, 0.027703046798706055
1.3424921035766602, 0.027743816375732422
1.3489291667938232, 0.0279843807220459
1.3501856327056885, 0.027462482452392578
1.3423104286193848, 0.027767419815063477
1.346362590789795, 0.027749061584472656
1.3487420082092285, 0.02787613868713379
1.3451275825500488, 0.027882814407348633
1.3560603857040405, 0.027748823165893555
1.3496217727661133, 0.027814149856567383
1.3571500778198242, 0.027607202529907227
1.3528847694396973, 0.027637004852294922
1.349001169204712, 0.02764606475830078
1.3513871431350708, 0.027464866638183594
1.3557478189468384, 0.02764749526977539
1.344163179397583, 0.02772355079650879
1.3544161319732666, 0.027649402618408203
1.3493752479553223, 0.0277101993560791
1.3483843803405762, 0.02791905403137207
1.3608567714691162, 0.027570247650146484
1.3415000438690186, 0.027831077575683594
1.359039068222046, 0.02799534797668457
1.357287883758545, 0.027843713760375977
1.343504786491394, 0.02797722816467285
1.3465964794158936, 0.027713537216186523
1.343422770500183, 0.02808547019958496
1.3579241037368774, 0.027239561080932617
1.346710443496704, 0.027752161026000977
1.3541690111160278, 0.02797865867614746
1.345486044883728, 0.02747201919555664
1.3524315357208252, 0.027974367141723633
1.3574464321136475, 0.027787208557128906
1.3441267013549805, 0.02777719497680664
1.3564859628677368, 0.02777266502380371
1.3301550149917603, 0.027796268463134766
1.3441194295883179, 0.02795553207397461
1.337449073791504, 0.027969837188720703
1.3462023735046387, 0.027332544326782227
1.348402500152588, 0.027743816375732422
1.3461806774139404, 0.027833223342895508
1.3451300859451294, 0.028000354766845703
1.349003791809082, 0.0277557373046875
1.341507911682129, 0.02775430679321289
1.3532297611236572, 0.027635574340820312
1.3485517501831055, 0.027728557586669922
1.351287603378296, 0.0278322696685791
1.3494654893875122, 0.027590036392211914
1.344684362411499, 0.027657747268676758
1.3452068567276, 0.0276639461517334
1.3570705652236938, 0.027575254440307617
1.3623247146606445, 0.027769088745117188
1.3618935346603394, 0.027651548385620117
1.343268871307373, 0.02769923210144043
1.3534234762191772, 0.02779412269592285
1.3522396087646484, 0.027693510055541992
1.3512215614318848, 0.02792048454284668
1.3497929573059082, 0.02744317054748535
1.3540436029434204, 0.02795124053955078
1.370823621749878, 0.027629852294921875
1.3553791046142578, 0.027873992919921875
1.3426611423492432, 0.027998685836791992
1.3562530279159546, 0.028154373168945312
1.3583014011383057, 0.027257919311523438
1.3538153171539307, 0.02766895294189453
1.3462836742401123, 0.0277252197265625
1.3486738204956055, 0.02776622772216797
1.3670724630355835, 0.028100967407226562
1.3435282707214355, 0.027415990829467773
1.348408579826355, 0.027924776077270508
1.3418786525726318, 0.027808189392089844
1.3541178703308105, 0.028118610382080078
1.3479949235916138, 0.027312755584716797
1.3436305522918701, 0.02800130844116211
1.3550891876220703, 0.02785325050354004
1.3477199077606201, 0.028181791305541992
1.3500924110412598, 0.027206897735595703
1.3659498691558838, 0.027725696563720703
1.352569818496704, 0.02766108512878418
1.3619754314422607, 0.02809596061706543
1.3585383892059326, 0.027141332626342773
1.3442962169647217, 0.027565956115722656
1.355722188949585, 0.02767205238342285
1.3505113124847412, 0.027713537216186523
1.3597238063812256, 0.027693986892700195
1.3451504707336426, 0.027875185012817383
1.3498200178146362, 0.027813434600830078
1.3549771308898926, 0.02773308753967285
1.3503587245941162, 0.027631521224975586
1.3613519668579102, 0.027904987335205078
1.3441606760025024, 0.027529478073120117
1.3486722707748413, 0.02751898765563965
1.3445521593093872, 0.027625322341918945
1.3510901927947998, 0.02779531478881836
1.345189094543457, 0.027736186981201172
1.3521788120269775, 0.027692794799804688
1.3589861392974854, 0.027996540069580078
1.3409099578857422, 0.02788853645324707
1.3514561653137207, 0.027781248092651367
1.3572202920913696, 0.0280301570892334
1.3568120002746582, 0.02762317657470703
1.343508243560791, 0.028082847595214844
1.3563752174377441, 0.02775287628173828
1.3571412563323975, 0.02788233757019043
1.3446903228759766, 0.027736663818359375
1.3477963209152222, 0.027688026428222656
1.344348669052124, 0.027791738510131836
1.3482075929641724, 0.028056621551513672
1.3374793529510498, 0.027403593063354492
1.3437836170196533, 0.0276339054107666
1.3615233898162842, 0.02775120735168457
1.3555066585540771, 0.02782726287841797
1.3505525588989258, 0.027689218521118164
1.3532679080963135, 0.027805566787719727
1.3463847637176514, 0.027540206909179688
1.3548336029052734, 0.027722835540771484
1.357219934463501, 0.027319908142089844
1.3534413576126099, 0.027715206146240234
1.3433785438537598, 0.027686357498168945
1.3497211933135986, 0.02776050567626953
1.3539531230926514, 0.027814388275146484
1.3522794246673584, 0.027834415435791016
1.3419513702392578, 0.027721881866455078
1.3521053791046143, 0.02756786346435547
1.334998369216919, 0.02760028839111328
1.3504246473312378, 0.027710437774658203
1.3471646308898926, 0.0277252197265625
1.3602741956710815, 0.02771282196044922
1.3449673652648926, 0.027759075164794922
1.3477978706359863, 0.027827739715576172
1.3669357299804688, 0.027977705001831055
1.353851556777954, 0.02781820297241211
1.3484976291656494, 0.027747392654418945
1.3560948371887207, 0.027711153030395508
1.3561114072799683, 0.027815818786621094
1.3460949659347534, 0.028345584869384766
1.3489352464675903, 0.0277864933013916
1.3645992279052734, 0.027569293975830078
1.3453704118728638, 0.027712106704711914
1.3518211841583252, 0.028017520904541016
1.3477064371109009, 0.02745819091796875
1.3494551181793213, 0.027726411819458008
1.355306625366211, 0.027803659439086914
1.352914571762085, 0.02784132957458496
1.3492602109909058, 0.027743816375732422
1.3528432846069336, 0.027660846710205078
1.343797206878662, 0.027652740478515625
1.351679801940918, 0.027685880661010742
1.340209722518921, 0.027600765228271484
1.353867530822754, 0.028017520904541016
1.351588249206543, 0.027252912521362305
1.3602546453475952, 0.02751922607421875
1.3595186471939087, 0.027662992477416992
1.3434979915618896, 0.02790093421936035
1.367590069770813, 0.027775287628173828
1.3521075248718262, 0.027797698974609375
1.3466851711273193, 0.027863502502441406
1.344081163406372, 0.027141809463500977
1.3513977527618408, 0.027808666229248047
1.3618621826171875, 0.02758932113647461
1.347872018814087, 0.027702808380126953
1.342400074005127, 0.02791118621826172
1.342638373374939, 0.027849674224853516
1.3477089405059814, 0.027869224548339844
1.3450307846069336, 0.02770686149597168
1.3572672605514526, 0.028014183044433594
1.345691204071045, 0.027349472045898438
1.3543041944503784, 0.027877330780029297
1.3364312648773193, 0.027310609817504883
1.3520361185073853, 0.027737855911254883
1.3647764921188354, 0.02790069580078125
1.342826008796692, 0.028237104415893555
1.3454793691635132, 0.027984619140625
1.3382396697998047, 0.02778911590576172
1.3493895530700684, 0.027718305587768555
1.34138822555542, 0.02776503562927246
1.342376947402954, 0.028083324432373047
1.3560960292816162, 0.027788877487182617
1.342881679534912, 0.027557849884033203
1.342848539352417, 0.027260303497314453
1.3513765335083008, 0.02771592140197754
1.359344482421875, 0.02788567543029785
1.3597877025604248, 0.027713537216186523
1.339332103729248, 0.027655363082885742
1.3470526933670044, 0.02759265899658203
1.35978102684021, 0.02762126922607422
1.3490831851959229, 0.027711868286132812
1.350984811782837, 0.027585744857788086
1.3535852432250977, 0.02778172492980957
1.3444147109985352, 0.027779102325439453
1.3488105535507202, 0.027788162231445312
1.3502411842346191, 0.02780747413635254
1.3583643436431885, 0.027688264846801758
1.347764015197754, 0.027791976928710938
1.350786805152893, 0.02773427963256836
1.3556761741638184, 0.02783489227294922
1.353623628616333, 0.028142213821411133
1.355255365371704, 0.02769017219543457
1.3481723070144653, 0.02730250358581543
1.362616777420044, 0.027898311614990234
1.3433303833007812, 0.027605295181274414
1.339496374130249, 0.027605295181274414
1.355191946029663, 0.027643203735351562
1.3482025861740112, 0.027923107147216797
1.3651022911071777, 0.028077363967895508
1.341785192489624, 0.027764320373535156
1.3436428308486938, 0.027705907821655273
1.3477848768234253, 0.028233051300048828
1.354111909866333, 0.028217077255249023
1.3430485725402832, 0.02790355682373047
1.3524971008300781, 0.027762889862060547
1.3476982116699219, 0.02837657928466797
1.348137617111206, 0.02718496322631836
1.3411988019943237, 0.02778172492980957
1.3634355068206787, 0.02768540382385254
1.3363678455352783, 0.005515098571777344
1.3579734563827515, 0.0048940181732177734
1.3616304397583008, 0.004564762115478516
1.3502956628799438, 0.0241086483001709
1.3408901691436768, 0.027268171310424805
1.3376047611236572, 0.02775096893310547
1.3501126766204834, 0.027824878692626953
1.3494625091552734, 0.02793145179748535
1.3534921407699585, 0.02770209312438965
1.3450441360473633, 0.028000593185424805
1.3467230796813965, 0.028012514114379883
1.3502521514892578, 0.027975082397460938
1.3568048477172852, 0.02773308753967285
1.3556432723999023, 0.02765202522277832
1.3527791500091553, 0.027692079544067383
1.3552660942077637, 0.027843952178955078
1.3554611206054688, 0.027918577194213867
1.340221881866455, 0.027707576751708984
1.348276138305664, 0.02781510353088379
1.3438116312026978, 0.027877092361450195
1.3373920917510986, 0.02803969383239746
1.3559843301773071, 0.027353525161743164
1.3619016408920288, 0.027675628662109375
1.3430798053741455, 0.028136014938354492
1.3584837913513184, 0.02783203125
1.3412292003631592, 0.027531862258911133
1.3513619899749756, 0.027925729751586914
1.3371050357818604, 0.027670860290527344
1.347167730331421, 0.028203725814819336
1.350895643234253, 0.02849292755126953
1.3445212841033936, 0.027760982513427734
1.3407883644104004, 0.030408382415771484
1.3561968803405762, 0.02855205535888672
1.354186773300171, 0.027328014373779297
1.3582277297973633, 0.027695417404174805
1.3712248802185059, 0.027850866317749023
1.357187032699585, 0.027749061584472656
1.3506505489349365, 0.027607440948486328
1.3452187776565552, 0.027655363082885742
1.3434779644012451, 0.027671337127685547
1.3465102910995483, 0.027754545211791992
1.3505953550338745, 0.02774333953857422
1.3533365726470947, 0.027945518493652344
1.3560808897018433, 0.027640819549560547
1.3424313068389893, 0.027583837509155273
1.3537492752075195, 0.027335166931152344
1.3565971851348877, 0.0281522274017334
1.3510463237762451, 0.027268409729003906
1.3438708782196045, 0.027762889862060547
1.3549836874008179, 0.027849435806274414
1.3617329597473145, 0.027613401412963867
1.3546338081359863, 0.02787470817565918
1.3470876216888428, 0.027385711669921875
1.347736120223999, 0.027810335159301758
1.3533377647399902, 0.027803897857666016
1.3505797386169434, 0.027878522872924805
1.3413513898849487, 0.02753424644470215
1.3466401100158691, 0.027545928955078125
1.3627567291259766, 0.027482986450195312
1.348372459411621, 0.027815580368041992
1.354354977607727, 0.027810096740722656
1.3482167720794678, 0.027747392654418945
1.3550399541854858, 0.02784252166748047
1.3523669242858887, 0.0279848575592041
1.3475372791290283, 0.02825760841369629
1.333552598953247, 0.027703523635864258
1.3600331544876099, 0.02780628204345703
1.356198787689209, 0.02751326560974121
1.3499150276184082, 0.027776002883911133
1.3472905158996582, 0.02823495864868164
1.3468387126922607, 0.02758193016052246
1.355354905128479, 0.02746129035949707
1.3542430400848389, 0.028089523315429688
1.3545325994491577, 0.027742624282836914
1.3350043296813965, 0.027903318405151367
1.3525817394256592, 0.028038501739501953
1.3482630252838135, 0.027447223663330078
1.3424965143203735, 0.0274658203125
1.3473732471466064, 0.027378320693969727
1.3519752025604248, 0.027794837951660156
1.3497564792633057, 0.027732372283935547
1.359479308128357, 0.02779841423034668
1.3511106967926025, 0.027843475341796875
1.3423128128051758, 0.027767181396484375
1.3491830825805664, 0.027966737747192383
1.3538453578948975, 0.027346134185791016
1.3567070960998535, 0.027702808380126953
1.3523907661437988, 0.027678728103637695
1.3340964317321777, 0.027604341506958008
1.3401389122009277, 0.02745985984802246
1.3422706127166748, 0.027530431747436523
1.3461782932281494, 0.02768564224243164
1.3500473499298096, 0.0281069278717041
1.3434758186340332, 0.0273740291595459
1.3456981182098389, 0.02783370018005371
1.3528845310211182, 0.0277254581451416
1.3505120277404785, 0.027950763702392578
1.341568946838379, 0.02822732925415039
1.353532314300537, 0.027898311614990234
1.344401240348816, 0.027940034866333008
1.3556894063949585, 0.027693748474121094
1.3540014028549194, 0.028053760528564453
1.3438782691955566, 0.027846813201904297
1.3608975410461426, 0.027958154678344727
1.3475303649902344, 0.02747511863708496
1.3404541015625, 0.02773737907409668
1.3591485023498535, 0.02782130241394043
1.3471956253051758, 0.027998924255371094
1.3435192108154297, 0.02811574935913086
1.3530454635620117, 0.027543067932128906
1.3507885932922363, 0.027788877487182617
1.352012038230896, 0.027155637741088867
1.3460075855255127, 0.027669429779052734
1.3487682342529297, 0.027741670608520508
1.3490712642669678, 0.027814149856567383
1.3471808433532715, 0.027768850326538086
1.3495235443115234, 0.027803897857666016
1.3604860305786133, 0.02802276611328125
1.3510977029800415, 0.027448177337646484
1.3658047914505005, 0.02769327163696289
1.3584859371185303, 0.027517080307006836
1.366497278213501, 0.027504444122314453
1.3568990230560303, 0.02766585350036621
1.3322904109954834, 0.02776026725769043
1.3481183052062988, 0.027365446090698242
1.3444907665252686, 0.02741861343383789
1.3380666971206665, 0.027604341506958008
1.3294305801391602, 0.02777099609375
1.3411343097686768, 0.027634143829345703
1.3454797267913818, 0.027840375900268555
1.3548890352249146, 0.02793097496032715
1.350914478302002, 0.027736425399780273
1.3592205047607422, 0.027845144271850586
1.3603485822677612, 0.027790546417236328
1.3421210050582886, 0.02788543701171875
1.3412190675735474, 0.028100252151489258
1.3539965152740479, 0.027707338333129883
1.3550913333892822, 0.02832818031311035
1.3409444093704224, 0.027698516845703125
1.350681185722351, 0.027632474899291992
1.3458638191223145, 0.027932405471801758
1.345762848854065, 0.02756357192993164
1.347305178642273, 0.02808666229248047
1.3441598415374756, 0.027376651763916016
1.364753007888794, 0.027806997299194336
1.3423972129821777, 0.027910947799682617
1.3420641422271729, 0.028283357620239258
1.353771448135376, 0.0274045467376709
1.3576468229293823, 0.027472496032714844
1.3603148460388184, 0.0280606746673584
1.3529951572418213, 0.027454376220703125
1.3582186698913574, 0.02767181396484375
1.3494449853897095, 0.027790546417236328
1.3471393585205078, 0.02815699577331543
1.3495783805847168, 0.027715444564819336
1.3595856428146362, 0.027628421783447266
1.3460206985473633, 0.027088403701782227
1.3470577001571655, 0.027613401412963867
1.35601007938385, 0.027678728103637695
1.3524858951568604, 0.02756476402282715
1.3553792238235474, 0.027711868286132812
1.3438372611999512, 0.027566909790039062
1.3338072299957275, 0.02833843231201172
1.3459012508392334, 0.02760481834411621
1.3557956218719482, 0.02793145179748535
1.3523998260498047, 0.027779817581176758
1.353132963180542, 0.027600765228271484
1.3502832651138306, 0.0274503231048584
1.3454434871673584, 0.0272676944732666
1.3456164598464966, 0.02784585952758789
1.3405619859695435, 0.02774667739868164
1.3515102863311768, 0.02782750129699707
1.3409807682037354, 0.0279691219329834
1.3503233194351196, 0.027837038040161133
1.350109577178955, 0.028286218643188477
1.3482651710510254, 0.027319908142089844
1.3551361560821533, 0.028023242950439453
1.3435463905334473, 0.027323246002197266
1.3560575246810913, 0.027762413024902344
1.3621749877929688, 0.027814865112304688
1.334394097328186, 0.02776360511779785
1.3471686840057373, 0.027833938598632812
1.3637924194335938, 0.02801346778869629
1.3556703329086304, 0.027441024780273438
1.3425471782684326, 0.0277249813079834
1.3563709259033203, 0.02775430679321289
1.3444209098815918, 0.027801513671875
1.3521569967269897, 0.02780914306640625
1.3486069440841675, 0.02765655517578125
1.3450461626052856, 0.027693986892700195
1.355170726776123, 0.02798628807067871
1.3569507598876953, 0.02714848518371582
1.3506906032562256, 0.027632713317871094
1.3476665019989014, 0.02745962142944336
1.3497323989868164, 0.027532100677490234
1.352060079574585, 0.027492284774780273
1.3515048027038574, 0.028284549713134766
1.3441194295883179, 0.027948379516601562
1.3521417379379272, 0.027714967727661133
1.3482328653335571, 0.02808833122253418
1.3439942598342896, 0.027066707611083984
1.3513765335083008, 0.027646541595458984
1.3481178283691406, 0.027835369110107422
1.3441033363342285, 0.02793431282043457
1.3476474285125732, 0.027965545654296875
1.3465471267700195, 0.02781987190246582
1.3476579189300537, 0.027832508087158203
1.3545194864273071, 0.02766132354736328
1.35042142868042, 0.02783656120300293
1.3485636711120605, 0.02760457992553711
1.3416070938110352, 0.028154373168945312
1.3520572185516357, 0.02725362777709961
1.3412021398544312, 0.027836084365844727
1.3459256887435913, 0.027861833572387695
1.3446587324142456, 0.02764105796813965
1.3569598197937012, 0.02783823013305664
1.3525121212005615, 0.027657270431518555
1.339609146118164, 0.02807021141052246
1.3445689678192139, 0.027475357055664062
1.3349323272705078, 0.027927875518798828
1.3585001230239868, 0.027681589126586914
1.341939926147461, 0.027740478515625
1.3400182723999023, 0.027753114700317383
1.347532868385315, 0.02768397331237793
1.3431252241134644, 0.027773380279541016
1.354041337966919, 0.027686595916748047
1.34568452835083, 0.027622461318969727
1.3400185108184814, 0.027948617935180664
1.3567495346069336, 0.027477502822875977
1.359494924545288, 0.027222156524658203
1.3551042079925537, 0.027982711791992188
1.3486857414245605, 0.027706146240234375
1.3461074829101562, 0.02736639976501465
1.3445148468017578, 0.02765035629272461
1.338890790939331, 0.027794361114501953
1.3574986457824707, 0.02771139144897461
1.3528386354446411, 0.02805781364440918
1.359269142150879, 0.027440309524536133
1.339360237121582, 0.02785038948059082
1.3446651697158813, 0.028176307678222656
1.3543026447296143, 0.027710437774658203
1.3385415077209473, 0.027388572692871094
1.364182710647583, 0.02779841423034668
1.3356261253356934, 0.027617216110229492
1.3502583503723145, 0.02814507484436035
1.3517755270004272, 0.02766728401184082
1.3525583744049072, 0.027769804000854492
1.3544137477874756, 0.027684688568115234
1.359938144683838, 0.02781844139099121
1.359919786453247, 0.028170108795166016
1.353377103805542, 0.02733469009399414
1.343281865119934, 0.0279388427734375
1.3447785377502441, 0.02832651138305664
1.3470898866653442, 0.027313709259033203
1.3408191204071045, 0.027738571166992188
1.3587191104888916, 0.02785944938659668
1.3598384857177734, 0.02787017822265625
1.3417506217956543, 0.027842044830322266
1.3566563129425049, 0.0276947021484375
1.354722261428833, 0.027741432189941406
1.3390791416168213, 0.027802228927612305
1.3533546924591064, 0.027729272842407227
1.336859941482544, 0.027823925018310547
1.350879192352295, 0.027863502502441406
1.340677261352539, 0.0272066593170166
1.3472020626068115, 0.027663469314575195
1.3626770973205566, 0.027722597122192383
1.3580665588378906, 0.027652502059936523
1.3361434936523438, 0.02761054039001465
1.3558396100997925, 0.02782607078552246
1.3449431657791138, 0.027850866317749023
1.3401336669921875, 0.02776479721069336
1.3412411212921143, 0.02789473533630371
1.3528231382369995, 0.027677536010742188
1.3514659404754639, 0.02788233757019043
1.34434175491333, 0.027922391891479492
1.3488292694091797, 0.027812719345092773
1.3501062393188477, 0.02773451805114746
1.3580615520477295, 0.02758955955505371
1.3482632637023926, 0.027564287185668945
1.346566915512085, 0.027731657028198242
1.3541152477264404, 0.02753424644470215
1.3543740510940552, 0.028269052505493164
1.3406555652618408, 0.02753472328186035
1.3441463708877563, 0.02772808074951172
1.34552001953125, 0.028047561645507812
1.344472885131836, 0.02757716178894043
1.3495038747787476, 0.02766132354736328
1.3455862998962402, 0.0276339054107666
1.35640287399292, 0.02803969383239746
1.3392579555511475, 0.027697086334228516
1.3432552814483643, 0.027483463287353516
1.3367037773132324, 0.0277101993560791
1.348327398300171, 0.027748823165893555
1.3499646186828613, 0.0277712345123291
1.3525328636169434, 0.027943849563598633
1.3566087484359741, 0.027736186981201172
1.3503062725067139, 0.027748823165893555
1.3478317260742188, 0.02768850326538086
1.3454068899154663, 0.027559995651245117
1.3518404960632324, 0.02776312828063965
1.349083662033081, 0.02765512466430664
1.3501042127609253, 0.027596712112426758
1.3516470193862915, 0.0277707576751709
1.3562703132629395, 0.027767419815063477
1.351409912109375, 0.027784109115600586
1.357750654220581, 0.027858972549438477
1.3331849575042725, 0.027864456176757812
1.360227108001709, 0.027868270874023438
1.3495323657989502, 0.027806997299194336
1.3534765243530273, 0.027894973754882812
1.3436341285705566, 0.027806997299194336
1.3372802734375, 0.027714967727661133
1.3458073139190674, 0.0278017520904541
1.3524153232574463, 0.02773594856262207
1.3563504219055176, 0.027739524841308594
1.3584413528442383, 0.027770042419433594
1.3510913848876953, 0.02772688865661621
1.348113775253296, 0.027877092361450195
1.338749885559082, 0.028101205825805664
1.3504738807678223, 0.027571439743041992
1.342989206314087, 0.027643680572509766
1.3538813591003418, 0.027664661407470703
1.352757215499878, 0.02782130241394043
1.353806972503662, 0.02784252166748047
1.349127173423767, 0.027710676193237305
1.3422954082489014, 0.027819156646728516
1.3670421838760376, 0.027713775634765625
1.354508399963379, 0.027870655059814453
1.3574577569961548, 0.027717113494873047
1.352834939956665, 0.027920246124267578
1.35612952709198, 0.027788162231445312
1.352374792098999, 0.027490854263305664
1.3606863021850586, 0.027265071868896484
1.33446204662323, 0.028087139129638672
1.344826579093933, 0.027205705642700195
1.3464019298553467, 0.027519702911376953
1.3598718643188477, 0.027591943740844727
1.3408281803131104, 0.02773261070251465
1.3499438762664795, 0.02763080596923828
1.3466753959655762, 0.027695417404174805
1.340355396270752, 0.027854204177856445
1.3547637462615967, 0.027851581573486328
1.351332426071167, 0.027835369110107422
1.352217435836792, 0.027684688568115234
1.3476390838623047, 0.0278623104095459
1.357637882232666, 0.027943849563598633
1.349980354309082, 0.02782130241394043
1.3522318601608276, 0.02781081199645996
1.3532955646514893, 0.027783870697021484
1.3340489864349365, 0.027692556381225586
1.3555421829223633, 0.027755260467529297
1.3554930686950684, 0.02778005599975586
1.3473650217056274, 0.027718782424926758
1.3605033159255981, 0.027769804000854492
1.3591854572296143, 0.027919530868530273
1.3540722131729126, 0.027866363525390625
1.3455467224121094, 0.02786087989807129
1.3583450317382812, 0.027791738510131836
1.361331820487976, 0.027695417404174805
1.3700878620147705, 0.027709245681762695
1.345242977142334, 0.027944087982177734
1.3405274152755737, 0.027876853942871094
1.3414785861968994, 0.02775406837463379
1.3534083366394043, 0.027623891830444336
1.3514173030853271, 0.027700185775756836
1.3512555360794067, 0.027655601501464844
1.340957522392273, 0.027527570724487305
1.351294755935669, 0.02745842933654785
1.3465609550476074, 0.027608394622802734
1.3442366123199463, 0.02763986587524414
1.3511433601379395, 0.027706384658813477
1.3504949808120728, 0.02761220932006836
1.3508213758468628, 0.027588844299316406
1.3478550910949707, 0.02779364585876465
1.339695692062378, 0.027750492095947266
1.3566774129867554, 0.027791261672973633
1.3415477275848389, 0.02800440788269043
1.3512957096099854, 0.027393341064453125
1.3423852920532227, 0.02797555923461914
1.3382256031036377, 0.02771925926208496
1.351369857788086, 0.02779698371887207
1.3512108325958252, 0.027823925018310547
1.353344202041626, 0.027742385864257812
1.3567962646484375, 0.027916431427001953
1.3449325561523438, 0.027841806411743164
1.354421854019165, 0.028011560440063477
1.3489487171173096, 0.027441978454589844
1.340184211730957, 0.027820348739624023
1.3533573150634766, 0.02775120735168457
1.3458609580993652, 0.027836322784423828
1.343738317489624, 0.02797865867614746
1.3460028171539307, 0.028039932250976562
1.3469605445861816, 0.027339935302734375
1.3612871170043945, 0.02781963348388672
1.3599319458007812, 0.028009414672851562
1.3505574464797974, 0.027762413024902344
1.34945809841156, 0.02769613265991211
1.3538763523101807, 0.027805566787719727
1.3418622016906738, 0.02767467498779297
1.3524179458618164, 0.027541399002075195
1.3530912399291992, 0.027698040008544922
1.3453021049499512, 0.027667522430419922
1.342466115951538, 0.0277099609375
1.3525506258010864, 0.02781224250793457
1.343656063079834, 0.028033733367919922
1.3521995544433594, 0.027261018753051758
1.3515725135803223, 0.027753114700317383
1.3576236963272095, 0.027708768844604492
1.3433022499084473, 0.027567625045776367
1.3447831869125366, 0.027974605560302734
1.3490880727767944, 0.027212858200073242
1.3550069332122803, 0.027712583541870117
1.3411314487457275, 0.028127670288085938
1.3550080060958862, 0.0272829532623291
1.3477753400802612, 0.027863264083862305
1.3498977422714233, 0.027812719345092773
1.3469092845916748, 0.02792525291442871
1.3567934036254883, 0.027808666229248047
1.3378924131393433, 0.028078079223632812
1.341710090637207, 0.027925729751586914
1.3547325134277344, 0.027422428131103516
1.349133014678955, 0.02723979949951172
1.3553473949432373, 0.027579307556152344
1.339966058731079, 0.027825355529785156
1.3569735288619995, 0.027814865112304688
1.3456898927688599, 0.027804136276245117
1.3509246110916138, 0.02780914306640625
1.359039306640625, 0.028187990188598633
1.3436254262924194, 0.027736425399780273
1.3517004251480103, 0.027963638305664062
1.3304646015167236, 0.027868032455444336
1.3463528156280518, 0.027610063552856445
1.3539330959320068, 0.02756214141845703
1.3518120050430298, 0.028052091598510742
1.3496290445327759, 0.027112483978271484
1.3552765846252441, 0.02758955955505371
1.347874402999878, 0.027729034423828125
1.3406344652175903, 0.027724027633666992
1.3458541631698608, 0.027770042419433594
1.337789535522461, 0.027857303619384766
1.3377232551574707, 0.027850866317749023
1.3482574224472046, 0.027595043182373047
1.358373761177063, 0.0275421142578125
1.3476173877716064, 0.02771449089050293
1.3536601066589355, 0.027680635452270508
1.3511106967926025, 0.028071165084838867
1.3365790843963623, 0.027458906173706055
1.3580536842346191, 0.027646780014038086
1.3539667129516602, 0.02780747413635254
1.3467779159545898, 0.027774333953857422
1.3490660190582275, 0.02776622772216797
1.350422978401184, 0.027909040451049805
1.3539886474609375, 0.02789449691772461
1.3366258144378662, 0.02798914909362793
1.3556525707244873, 0.027375459671020508
1.356260061264038, 0.027706146240234375
1.3485448360443115, 0.027936458587646484
1.359462022781372, 0.027892351150512695
1.3423044681549072, 0.027802467346191406
1.3493852615356445, 0.02779388427734375
1.3427302837371826, 0.027652978897094727
1.346314787864685, 0.02785348892211914
1.3561944961547852, 0.028002262115478516
1.3301502466201782, 0.028056859970092773
1.3459577560424805, 0.02746105194091797
1.3328208923339844, 0.02754950523376465
1.3530611991882324, 0.027684450149536133
1.3432185649871826, 0.027629852294921875
1.3488659858703613, 0.027716875076293945
1.355309009552002, 0.028066396713256836
1.3498196601867676, 0.02734518051147461
1.3522473573684692, 0.028110742568969727
1.3564231395721436, 0.027476787567138672
1.3521889448165894, 0.027736186981201172
1.3508224487304688, 0.027588605880737305
1.3514903783798218, 0.027718544006347656
1.350353717803955, 0.0277407169342041
1.3569486141204834, 0.027618408203125
1.3442870378494263, 0.0275876522064209
1.3657317161560059, 0.027652978897094727
1.3457791805267334, 0.027827978134155273
1.3543896675109863, 0.02789306640625
1.3474174737930298, 0.027860641479492188
1.351083517074585, 0.02776360511779785
1.3430278301239014, 0.02782917022705078
1.3465137481689453, 0.027950525283813477
1.3480775356292725, 0.027735471725463867
1.3542555570602417, 0.027693986892700195
1.3547656536102295, 0.02771615982055664
1.34037184715271, 0.027825117111206055
1.3601951599121094, 0.02771449089050293
1.3440258502960205, 0.027851343154907227
1.351279854774475, 0.027796506881713867
1.3452856540679932, 0.028186559677124023
1.3516106605529785, 0.027237892150878906
1.3521242141723633, 0.027985572814941406
1.3531622886657715, 0.027787446975708008
1.353574275970459, 0.027724742889404297
1.3467040061950684, 0.027798891067504883
1.341622233390808, 0.028017520904541016
1.3503243923187256, 0.028017520904541016
1.3579514026641846, 0.02717876434326172
1.3605536222457886, 0.027532100677490234
1.3503196239471436, 0.02775716781616211
1.354498028755188, 0.027542829513549805
1.3491196632385254, 0.028086423873901367
1.3482584953308105, 0.027643442153930664
1.3527756929397583, 0.02768683433532715
1.3469858169555664, 0.0277099609375
1.345474123954773, 0.027432680130004883
1.3498173952102661, 0.027799367904663086
1.3551959991455078, 0.027842044830322266
1.3431204557418823, 0.02783989906311035
1.3418312072753906, 0.02779841423034668
1.3468923568725586, 0.027773141860961914
1.3447304964065552, 0.02791118621826172
1.3486518859863281, 0.027718067169189453
1.3412120342254639, 0.027846097946166992
1.3505314588546753, 0.028094053268432617
1.3518983125686646, 0.027866840362548828
1.3498250246047974, 0.02762913703918457
1.3498504161834717, 0.027657747268676758
1.3455703258514404, 0.027771949768066406
1.3585447072982788, 0.02778005599975586
1.3469079732894897, 0.027748823165893555
1.3577357530593872, 0.027747154235839844
1.3583872318267822, 0.02771735191345215
1.3495185375213623, 0.027799367904663086
1.3407933712005615, 0.02803325653076172
1.3542430400848389, 0.027774333953857422
1.3503615856170654, 0.027725934982299805
1.3404278755187988, 0.027677536010742188
1.3602147102355957, 0.027873754501342773
1.3529350757598877, 0.027654170989990234
1.3450570106506348, 0.02772235870361328
1.3575730323791504, 0.028087139129638672
1.3369874954223633, 0.027530908584594727
1.3434463739395142, 0.027640342712402344
1.3364083766937256, 0.02764129638671875
1.3450289964675903, 0.027559280395507812
1.3504045009613037, 0.027681589126586914
1.3440606594085693, 0.027630090713500977
1.3587510585784912, 0.027805328369140625
1.3607628345489502, 0.02779388427734375
1.334689974784851, 0.02746129035949707
1.341383934020996, 0.027911901473999023
1.3517677783966064, 0.027899503707885742
1.3490177392959595, 0.027864694595336914
1.3590086698532104, 0.027755022048950195
1.3483612537384033, 0.027760744094848633
1.347447395324707, 0.027833938598632812
1.3550975322723389, 0.027904987335205078
1.3487248420715332, 0.02778792381286621
1.363640308380127, 0.028110742568969727
1.3496202230453491, 0.02739548683166504
1.3562501668930054, 0.0278167724609375
1.3417260646820068, 0.02773904800415039
1.3534936904907227, 0.02860569953918457
1.3537592887878418, 0.027534008026123047
1.3425679206848145, 0.02769637107849121
1.345508337020874, 0.027956008911132812
1.3561325073242188, 0.02750682830810547
1.3403658866882324, 0.02796769142150879
1.3377420902252197, 0.027659893035888672
1.3598908185958862, 0.027704238891601562
1.3478176593780518, 0.027832746505737305
1.3466289043426514, 0.027959108352661133
1.3475663661956787, 0.027866840362548828
1.345952033996582, 0.02772688865661621
1.3512582778930664, 0.02801346778869629
1.3507115840911865, 0.027051448822021484
1.3411145210266113, 0.027690887451171875
1.33859121799469, 0.02794814109802246
1.3493200540542603, 0.027510643005371094
1.3577234745025635, 0.027652978897094727
1.3544023036956787, 0.027647018432617188
1.3579972982406616, 0.02780628204345703
1.3476234674453735, 0.027809858322143555
1.3472342491149902, 0.02766728401184082
1.3552833795547485, 0.027956724166870117
1.3494949340820312, 0.027797460556030273
1.345433235168457, 0.027732372283935547
1.3422898054122925, 0.027798891067504883
1.353893756866455, 0.027852535247802734
1.3512134552001953, 0.028008699417114258
1.3389034271240234, 0.027739524841308594
1.3467309474945068, 0.027726411819458008
1.3450652360916138, 0.02784872055053711
1.3343825340270996, 0.0279238224029541
1.3417900800704956, 0.027890920639038086
1.3583924770355225, 0.027832746505737305
1.3584284782409668, 0.027713775634765625
1.3502591848373413, 0.027749300003051758
1.3390393257141113, 0.027833938598632812
1.3573670387268066, 0.027873516082763672
1.351841688156128, 0.027940034866333008
1.3399584293365479, 0.02763843536376953
1.3536217212677002, 0.027534961700439453
1.3452787399291992, 0.027750730514526367
1.3516103029251099, 0.02800440788269043
1.340401291847229, 0.027773618698120117
1.342298984527588, 0.027727603912353516
1.3534932136535645, 0.027689218521118164
1.344576358795166, 0.02797555923461914
1.3473646640777588, 0.027389049530029297
1.3571503162384033, 0.02763986587524414
1.353262186050415, 0.02753448486328125
1.3583929538726807, 0.027485132217407227
1.3388605117797852, 0.028067827224731445
1.3525090217590332, 0.027625083923339844
1.3413419723510742, 0.02763080596923828
1.34871244430542, 0.027689695358276367
1.3614075183868408, 0.0277402400970459
1.344191551208496, 0.0278317928314209
1.3515877723693848, 0.0278012752532959
1.3514541387557983, 0.027657508850097656
1.3457231521606445, 0.02786707878112793
1.342818021774292, 0.028189897537231445
1.354408860206604, 0.0274808406829834
1.3529481887817383, 0.02772068977355957
1.3499281406402588, 0.027692317962646484
1.3700830936431885, 0.02791571617126465
1.3451237678527832, 0.028074264526367188
1.3588865995407104, 0.02789902687072754
1.3541903495788574, 0.027788162231445312
1.3392857313156128, 0.027853727340698242
1.356289029121399, 0.027846813201904297
1.3459744453430176, 0.028177976608276367
1.3490723371505737, 0.02760171890258789
1.3480315208435059, 0.027323484420776367
1.3419384956359863, 0.027698278427124023
1.3472316265106201, 0.02794671058654785
1.3550652265548706, 0.027977466583251953
1.3502905368804932, 0.027814388275146484
1.3453452587127686, 0.02771282196044922
1.3339239358901978, 0.027794361114501953
1.3465759754180908, 0.02755904197692871
1.3376072645187378, 0.027741670608520508
1.3592545986175537, 0.027537107467651367
1.3595623970031738, 0.02762913703918457
1.3493366241455078, 0.027740955352783203
1.3451428413391113, 0.02799820899963379
1.368680715560913, 0.027367591857910156
1.3614041805267334, 0.027608394622802734
1.3525030612945557, 0.028040647506713867
1.3581147193908691, 0.027616024017333984
1.355626106262207, 0.027692317962646484
1.348646879196167, 0.02763819694519043
1.350049376487732, 0.02770233154296875
1.350271224975586, 0.027907848358154297
1.3630502223968506, 0.02777862548828125
1.3502036333084106, 0.027575969696044922
1.3426553010940552, 0.027739763259887695
1.3561259508132935, 0.027659893035888672
1.3614904880523682, 0.027780771255493164
1.3589160442352295, 0.028049230575561523
1.3510781526565552, 0.027611732482910156
1.351040005683899, 0.02731633186340332
1.3446826934814453, 0.027809858322143555
1.3504393100738525, 0.02791285514831543
1.3489997386932373, 0.027995586395263672
1.345062255859375, 0.027834415435791016
1.358035922050476, 0.027647018432617188
1.336552619934082, 0.02805352210998535
1.353097677230835, 0.027443408966064453
1.3583745956420898, 0.027875900268554688
1.3562629222869873, 0.02774834632873535
1.3608851432800293, 0.027803897857666016
1.3447296619415283, 0.027779817581176758
1.342331886291504, 0.027800798416137695
1.3405718803405762, 0.027800321578979492
1.3401600122451782, 0.027748823165893555
1.3545036315917969, 0.027544260025024414
1.3511298894882202, 0.027651309967041016
1.3447582721710205, 0.028195619583129883
1.345697283744812, 0.027095794677734375
1.3463377952575684, 0.027672529220581055
1.3555779457092285, 0.027858257293701172
1.3517417907714844, 0.027784347534179688
1.3649258613586426, 0.027788877487182617
1.3433864116668701, 0.028054475784301758
1.353046178817749, 0.027562379837036133
1.3457534313201904, 0.027491092681884766
1.3366103172302246, 0.027901172637939453
1.3491555452346802, 0.027746915817260742
1.35037100315094, 0.0278470516204834
1.3440637588500977, 0.027802467346191406
1.3615916967391968, 0.027878761291503906
1.3555378913879395, 0.028188467025756836
1.3544907569885254, 0.02738499641418457
1.3459104299545288, 0.02718377113342285
1.3396345376968384, 0.02762317657470703
1.3426848649978638, 0.027777671813964844
1.3492622375488281, 0.027672767639160156
1.3399262428283691, 0.0277559757232666
1.3385956287384033, 0.02775883674621582
1.3428504467010498, 0.027842044830322266
1.3594138622283936, 0.02784562110900879
1.3517849445343018, 0.02772045135498047
1.3444836139678955, 0.028103113174438477
1.3436014652252197, 0.02733445167541504
1.348399043083191, 0.027883291244506836
1.3449987173080444, 0.027769804000854492
1.3548004627227783, 0.027777671813964844
1.3385857343673706, 0.02784132957458496
1.3500832319259644, 0.027699947357177734
1.3480746746063232, 0.02780437469482422
1.3437583446502686, 0.02800750732421875
1.354691743850708, 0.027624130249023438
1.3604865074157715, 0.027360200881958008
1.3426353931427002, 0.027355194091796875
1.3478548526763916, 0.02784132957458496
1.350980520248413, 0.027997970581054688
1.3363983631134033, 0.027436494827270508
1.352709412574768, 0.02774810791015625
1.359950065612793, 0.02825641632080078
1.3476524353027344, 0.02751779556274414
1.3506510257720947, 0.027949810028076172
1.3535665273666382, 0.027696847915649414
1.3486042022705078, 0.027770042419433594
1.3441423177719116, 0.027820348739624023
1.3489118814468384, 0.028216123580932617
1.3503676652908325, 0.027248620986938477
1.352430820465088, 0.02776932716369629
1.351101040840149, 0.027709245681762695
1.350293517112732, 0.02768397331237793
1.3479127883911133, 0.027823209762573242
1.3436760902404785, 0.02771282196044922
1.3518716096878052, 0.027645111083984375
1.350494623184204, 0.027559995651245117
1.342905879020691, 0.02764439582824707
1.3503929376602173, 0.027694225311279297
1.3440864086151123, 0.027804851531982422
1.3506523370742798, 0.027750015258789062
1.3419150114059448, 0.02801823616027832
1.351088285446167, 0.02779078483581543
1.3528730869293213, 0.027738571166992188
1.3547828197479248, 0.027821063995361328
1.3518345355987549, 0.0278170108795166
1.3551321029663086, 0.028133630752563477
1.347132682800293, 0.02725505828857422
1.3649276494979858, 0.02759718894958496
1.346606731414795, 0.02758622169494629
1.3500361442565918, 0.027752161026000977
1.3364341259002686, 0.02775096893310547
1.3504080772399902, 0.027733802795410156
1.3388127088546753, 0.0277557373046875
1.3490253686904907, 0.02778458595275879
1.3532198667526245, 0.027805566787719727
1.3602243661880493, 0.02786993980407715
1.350624442100525, 0.027556419372558594
1.3435908555984497, 0.02799820899963379
1.3628405332565308, 0.02768230438232422
1.3546849489212036, 0.0280303955078125
1.3502681255340576, 0.027403593063354492
1.3376502990722656, 0.027764081954956055
1.351980447769165, 0.02785205841064453
1.3560067415237427, 0.02761054039001465
1.3555383682250977, 0.027700424194335938
1.3623062372207642, 0.027895689010620117
1.34689462184906, 0.027188777923583984
1.346805453300476, 0.027832984924316406
1.3457305431365967, 0.027823209762573242
1.3483119010925293, 0.027712583541870117
1.3479866981506348, 0.027817964553833008
1.3542803525924683, 0.02783513069152832
1.3460032939910889, 0.027947187423706055
1.3523623943328857, 0.027923107147216797
1.3476756811141968, 0.02767491340637207
1.3438098430633545, 0.0277860164642334
1.3547594547271729, 0.027793169021606445
1.3580594062805176, 0.027619361877441406
1.3558878898620605, 0.027664899826049805
1.3494793176651, 0.027737855911254883
1.3543540239334106, 0.027681827545166016
1.3539409637451172, 0.027643203735351562
1.3375250101089478, 0.027628660202026367
1.3498811721801758, 0.02770829200744629
1.3549671173095703, 0.0277097225189209
1.3485193252563477, 0.027707338333129883
1.3460338115692139, 0.02774524688720703
1.3248109817504883, 0.027794361114501953
1.3448439836502075, 0.02779245376586914
1.3626196384429932, 0.027987957000732422
1.3447000980377197, 0.027272701263427734
1.3435369729995728, 0.027843236923217773
1.3557183742523193, 0.028044939041137695
1.3576871156692505, 0.027351856231689453
1.3426172733306885, 0.027765750885009766
1.3505189418792725, 0.028153181076049805
1.3565638065338135, 0.027836084365844727
1.3461401462554932, 0.02785801887512207
1.3471412658691406, 0.02765655517578125
1.354184865951538, 0.027554988861083984
1.3450953960418701, 0.027731657028198242
1.3631200790405273, 0.02793097496032715
1.3604559898376465, 0.027873754501342773
1.340559482574463, 0.027770280838012695
1.360300064086914, 0.027776479721069336
1.3504619598388672, 0.028197288513183594
1.3468703031539917, 0.027798891067504883
1.3455963134765625, 0.027681589126586914
1.3463468551635742, 0.02766895294189453
1.342866063117981, 0.027744054794311523
1.3564611673355103, 0.027723073959350586
1.3463902473449707, 0.027816057205200195
1.3449082374572754, 0.027577638626098633
1.3535401821136475, 0.027437210083007812
1.3530739545822144, 0.02761101722717285
1.3388943672180176, 0.027690649032592773
1.3474596738815308, 0.02768564224243164
1.3474483489990234, 0.027709245681762695
1.3630212545394897, 0.027792930603027344
1.360571026802063, 0.027769804000854492
1.3389790058135986, 0.02774977684020996
1.3554246425628662, 0.027729034423828125
1.3567228317260742, 0.027733325958251953
1.335618257522583, 0.027753829956054688
1.3519949913024902, 0.027888059616088867
1.3519463539123535, 0.02779865264892578
1.3523311614990234, 0.027552366256713867
1.352506399154663, 0.02796626091003418
1.3445924520492554, 0.027938365936279297
1.3606421947479248, 0.027875661849975586
1.352813482284546, 0.0276944637298584
1.3598028421401978, 0.028043746948242188
1.3580541610717773, 0.02793574333190918
1.350939154624939, 0.027559995651245117
1.3411229848861694, 0.027436017990112305
1.3500280380249023, 0.02778148651123047
1.3515045642852783, 0.02771162986755371
1.33811354637146, 0.02768540382385254
1.3445017337799072, 0.027915239334106445
1.350123405456543, 0.027950286865234375
1.3488726615905762, 0.027796030044555664
1.3643193244934082, 0.027866363525390625
1.3502087593078613, 0.027755022048950195
1.3529198169708252, 0.027864456176757812
1.3518421649932861, 0.02798175811767578
1.3373576402664185, 0.027717113494873047
1.3441972732543945, 0.027640581130981445
1.3580659627914429, 0.027677297592163086
1.3565770387649536, 0.0276339054107666
1.3564975261688232, 0.027630090713500977
1.3465418815612793, 0.027542591094970703
1.3524763584136963, 0.027672529220581055
1.350959300994873, 0.02777695655822754
1.3495272397994995, 0.02797865867614746
1.3498188257217407, 0.027887821197509766
1.3506532907485962, 0.02765822410583496
1.3517775535583496, 0.02773451805114746
1.3441331386566162, 0.02786087989807129
1.3484833240509033, 0.02773737907409668
1.358770728111267, 0.027919769287109375
1.353438377380371, 0.0276339054107666
1.3457012176513672, 0.027738094329833984
1.3507273197174072, 0.02790069580078125
1.3411966562271118, 0.027822494506835938
1.3434724807739258, 0.027717113494873047
1.3478093147277832, 0.02780628204345703
1.3419532775878906, 0.02778029441833496
1.3474371433258057, 0.028176546096801758
1.3483244180679321, 0.027606487274169922
1.3415950536727905, 0.02771782875061035
1.3440077304840088, 0.02783966064453125
1.3527607917785645, 0.027802705764770508
1.358699083328247, 0.027842044830322266
1.3585070371627808, 0.02768254280090332
1.3513853549957275, 0.0283355712890625
1.3460538387298584, 0.027223825454711914
1.3498939275741577, 0.0281674861907959
1.342857837677002, 0.027513980865478516
1.3613672256469727, 0.02765631675720215
1.3486391305923462, 0.027677297592163086
1.347557783126831, 0.027842044830322266
1.3419182300567627, 0.027760028839111328
1.3549129962921143, 0.027695655822753906
1.3472340106964111, 0.02763652801513672
1.3602055311203003, 0.02770209312438965
1.357384204864502, 0.02766275405883789
1.3485710620880127, 0.027517080307006836
1.3653576374053955, 0.027676105499267578
1.34434175491333, 0.02755451202392578
1.3486573696136475, 0.028061628341674805
1.3544411659240723, 0.027340173721313477
1.3491628170013428, 0.027729034423828125
1.3521634340286255, 0.02787303924560547
1.3594367504119873, 0.027983427047729492
1.3529282808303833, 0.02784562110900879
1.3605854511260986, 0.0277707576751709
1.3455753326416016, 0.027658700942993164
1.3424264192581177, 0.027667999267578125
1.3499517440795898, 0.028004884719848633
1.3383550643920898, 0.02723073959350586
1.3477671146392822, 0.027664661407470703
1.350647211074829, 0.027609586715698242
1.3572423458099365, 0.027630329132080078
1.3506416082382202, 0.02781510353088379
1.3470491170883179, 0.028052091598510742
1.3554412126541138, 0.027579307556152344
1.354608178138733, 0.027634143829345703
1.3432540893554688, 0.027709484100341797
1.3539923429489136, 0.0279233455657959
1.3474899530410767, 0.027894258499145508
1.3437097072601318, 0.02789020538330078
1.3497898578643799, 0.027728796005249023
1.3510661125183105, 0.02787947654724121
1.3447998762130737, 0.02774643898010254
1.3610033988952637, 0.027828454971313477
1.342928409576416, 0.02789592742919922
1.3466265201568604, 0.027788162231445312
1.352933645248413, 0.02777862548828125
1.3548107147216797, 0.02784419059753418
1.3477405309677124, 0.027722597122192383
1.3600172996520996, 0.027681589126586914
1.3695632219314575, 0.027686357498168945
1.3517236709594727, 0.027786970138549805
1.3508093357086182, 0.027762413024902344
1.3442459106445312, 0.027708053588867188
1.3527708053588867, 0.027774333953857422
1.36006498336792, 0.027556180953979492
1.3507148027420044, 0.027767419815063477
1.339524745941162, 0.027938127517700195
1.3459389209747314, 0.027923107147216797
1.3478238582611084, 0.027782678604125977
1.3439947366714478, 0.027716636657714844
1.3436315059661865, 0.027678966522216797
1.3550714254379272, 0.027757883071899414
1.3397291898727417, 0.027511119842529297
1.3359484672546387, 0.02762460708618164
1.349174976348877, 0.02757096290588379
1.353814721107483, 0.027763843536376953
1.3485286235809326, 0.027645587921142578
1.3416720628738403, 0.02778911590576172
1.3509979248046875, 0.02797222137451172
1.3518991470336914, 0.02774810791015625
1.3451108932495117, 0.02785205841064453
1.3422821760177612, 0.02770686149597168
1.3484728336334229, 0.027834177017211914
1.3512306213378906, 0.027889013290405273
1.3584339618682861, 0.027823686599731445
1.3464910984039307, 0.02765512466430664
1.3555641174316406, 0.027688264846801758
1.345712661743164, 0.0273897647857666
1.3495218753814697, 0.02767658233642578
1.3488171100616455, 0.027768373489379883
1.342807650566101, 0.027695417404174805
1.3522801399230957, 0.027823686599731445
1.3522398471832275, 0.02767801284790039
1.3408470153808594, 0.027923583984375
1.3480693101882935, 0.027932167053222656
1.3545162677764893, 0.028255701065063477
1.3440444469451904, 0.02768230438232422
1.3481419086456299, 0.027670621871948242
1.3574632406234741, 0.027683496475219727
1.337817907333374, 0.027757644653320312
1.3608105182647705, 0.02770829200744629
1.3369274139404297, 0.027797222137451172
1.3445427417755127, 0.027851104736328125
1.3478765487670898, 0.027984619140625
1.3468507528305054, 0.027800321578979492
1.352781057357788, 0.027753353118896484
1.3499057292938232, 0.027615070343017578
1.3466367721557617, 0.027586936950683594
1.341247320175171, 0.027618408203125
1.350984811782837, 0.027571678161621094
1.351773977279663, 0.02794480323791504
1.345679759979248, 0.027480602264404297
1.3428196907043457, 0.027602195739746094
1.354628086090088, 0.027970075607299805
1.3443565368652344, 0.02823472023010254
1.3519071340560913, 0.028007030487060547
1.3395705223083496, 0.027620792388916016
1.3432636260986328, 0.027626991271972656
1.3528239727020264, 0.027767181396484375
1.3604464530944824, 0.02780914306640625
1.3476839065551758, 0.027550458908081055
1.3573440313339233, 0.027419090270996094
1.3421072959899902, 0.027545452117919922
1.351866602897644, 0.027827739715576172
1.3498857021331787, 0.02810359001159668
1.3397748470306396, 0.027839183807373047
1.348454236984253, 0.027929067611694336
1.348447561264038, 0.027972936630249023
1.3457486629486084, 0.027781248092651367
1.343456506729126, 0.028122901916503906
1.3548839092254639, 0.027385473251342773
1.3501375913619995, 0.02768254280090332
1.3405239582061768, 0.027589082717895508
1.3574252128601074, 0.02770829200744629
1.3583433628082275, 0.027671098709106445
1.3543410301208496, 0.027759552001953125
1.3521382808685303, 0.027788162231445312
1.3488717079162598, 0.028279542922973633
1.3558865785598755, 0.02737712860107422
1.3499771356582642, 0.02776312828063965
1.3520140647888184, 0.027681589126586914
1.339729905128479, 0.02777576446533203
1.3581124544143677, 0.02775716781616211
1.3547579050064087, 0.005141735076904297
1.358306646347046, 0.004868507385253906
1.3443655967712402, 0.0044116973876953125
1.3493165969848633, 0.02451038360595703
1.3525769710540771, 0.027660608291625977
1.3567419052124023, 0.027718544006347656
1.3437700271606445, 0.027942895889282227
1.3594169616699219, 0.028142452239990234
1.3363921642303467, 0.028076171875
1.3539149761199951, 0.02779412269592285
1.3430430889129639, 0.027823448181152344
1.3437868356704712, 0.027841567993164062
1.3447647094726562, 0.027809858322143555
1.3510017395019531, 0.027803659439086914
1.3448362350463867, 0.02778792381286621
1.3545000553131104, 0.02792072296142578
1.3534213304519653, 0.02782464027404785
1.3577020168304443, 0.027756690979003906
1.3563168048858643, 0.027985572814941406
1.3491346836090088, 0.0279085636138916
1.3579440116882324, 0.02790355682373047
1.3566714525222778, 0.028096914291381836
1.3519771099090576, 0.027959585189819336
1.3459017276763916, 0.027819395065307617
1.3603768348693848, 0.027859210968017578
1.356953501701355, 0.02777099609375
1.3631123304367065, 0.028006315231323242
1.3628771305084229, 0.02782464027404785
1.3418605327606201, 0.02797102928161621
1.3483538627624512, 0.027842044830322266
1.3640902042388916, 0.02787160873413086
1.3501288890838623, 0.02794933319091797
1.3487741947174072, 0.02784109115600586
1.3592629432678223, 0.027892112731933594
1.3485217094421387, 0.027981042861938477
1.3551539182662964, 0.027631044387817383
1.357168436050415, 0.02778339385986328
1.3497463464736938, 0.027872562408447266
1.3552318811416626, 0.02778911590576172
1.3418068885803223, 0.027845382690429688
1.3486322164535522, 0.027797460556030273
1.3486132621765137, 0.027873516082763672
1.343855619430542, 0.027948379516601562
1.3553191423416138, 0.028032302856445312
1.339531421661377, 0.028513193130493164
1.3443081378936768, 0.027396440505981445
1.3473036289215088, 0.027782440185546875
1.3536418676376343, 0.027758359909057617
1.3420703411102295, 0.027884960174560547
1.3589762449264526, 0.027915239334106445
1.3414087295532227, 0.027871370315551758
1.3451006412506104, 0.02783060073852539
1.334344506263733, 0.027864694595336914
1.341764211654663, 0.02780890464782715
1.3491588830947876, 0.02776479721069336
1.352936029434204, 0.02763962745666504
1.3551061153411865, 0.027710914611816406
1.3514633178710938, 0.027684450149536133
1.3552203178405762, 0.027684450149536133
1.3459630012512207, 0.027786731719970703
1.3501006364822388, 0.02803206443786621
1.3528878688812256, 0.027359724044799805
1.3492344617843628, 0.02771735191345215
1.3438966274261475, 0.02783823013305664
1.343440055847168, 0.027942657470703125
1.3459506034851074, 0.027695655822753906
1.3606820106506348, 0.027718305587768555
1.3341665267944336, 0.02783656120300293
1.345085859298706, 0.027567625045776367
1.3529059886932373, 0.02774667739868164
1.3480199575424194, 0.02769160270690918
1.35733962059021, 0.027811527252197266
1.3525047302246094, 0.02810359001159668
1.357097864151001, 0.02766251564025879
1.3600139617919922, 0.027643680572509766
1.3511282205581665, 0.027712345123291016
1.360769510269165, 0.027712106704711914
1.3519461154937744, 0.027669906616210938
1.348069667816162, 0.027690649032592773
1.3542752265930176, 0.02778458595275879
1.3589820861816406, 0.028003692626953125
1.349935531616211, 0.027878761291503906
1.3541282415390015, 0.027744054794311523
1.3467684984207153, 0.027672767639160156
1.3697621822357178, 0.028113126754760742
1.3482955694198608, 0.027387142181396484
1.356621265411377, 0.02786397933959961
1.34956693649292, 0.027865886688232422
1.3614777326583862, 0.027930498123168945
1.353515625, 0.027699947357177734
1.341784954071045, 0.02799510955810547
1.3586673736572266, 0.027347803115844727
1.3577165603637695, 0.02791142463684082
1.3475699424743652, 0.02819204330444336
1.348026990890503, 0.027661800384521484
1.352981448173523, 0.027702808380126953
1.3406023979187012, 0.027147531509399414
1.3530635833740234, 0.027902841567993164
1.3492733240127563, 0.02772212028503418
1.3585190773010254, 0.027817964553833008
1.3595365285873413, 0.02772378921508789
1.3463404178619385, 0.02760624885559082
1.3512415885925293, 0.028026819229125977
1.3429298400878906, 0.027794361114501953
1.3454898595809937, 0.02762746810913086
1.3347711563110352, 0.027718067169189453
1.346142292022705, 0.027517080307006836
1.3402215242385864, 0.02773571014404297
1.3498438596725464, 0.027661561965942383
1.336953043937683, 0.02770209312438965
1.3406723737716675, 0.02775716781616211
1.3397784233093262, 0.02785778045654297
1.3449305295944214, 0.027848243713378906
1.3445395231246948, 0.02758479118347168
1.3409364223480225, 0.027430057525634766
1.345307469367981, 0.02752971649169922
1.3445930480957031, 0.028042316436767578
1.3504582643508911, 0.027750730514526367
1.349973201751709, 0.027669906616210938
1.3466930389404297, 0.027900218963623047
1.335639476776123, 0.027863502502441406
1.3527400493621826, 0.027799129486083984
1.3527183532714844, 0.02776360511779785
1.351479411125183, 0.027701377868652344
1.352507472038269, 0.02791452407836914
1.3536148071289062, 0.027896881103515625
1.3378331661224365, 0.02781987190246582
1.345967411994934, 0.027675628662109375
1.3408105373382568, 0.02770543098449707
1.3515945672988892, 0.02777099609375
1.3483765125274658, 0.0278017520904541
1.3454009294509888, 0.027913808822631836
1.3514677286148071, 0.027513742446899414
1.3493282794952393, 0.027755260467529297
1.351444125175476, 0.027767181396484375
1.340773105621338, 0.027770042419433594
1.337897777557373, 0.02782607078552246
1.3468842506408691, 0.027846097946166992
1.3561508655548096, 0.027656078338623047
1.3422763347625732, 0.027721881866455078
1.3464006185531616, 0.027812719345092773
1.3453580141067505, 0.027781248092651367
1.3492692708969116, 0.027710676193237305
1.3411526679992676, 0.027883529663085938
1.3499337434768677, 0.027704954147338867
1.3406140804290771, 0.02794671058654785
1.3526549339294434, 0.02710580825805664
1.3512115478515625, 0.027575254440307617
1.346001148223877, 0.027703523635864258
1.354370355606079, 0.027889013290405273
1.3493854999542236, 0.027710914611816406
1.343104362487793, 0.027497529983520508
1.36350679397583, 0.02799224853515625
1.35161292552948, 0.027797460556030273
1.343234896659851, 0.027779102325439453
1.3536784648895264, 0.02783942222595215
1.3561886548995972, 0.027638912200927734
1.346569299697876, 0.027724266052246094
1.346854567527771, 0.027954578399658203
1.3472397327423096, 0.027806997299194336
1.353992223739624, 0.02806401252746582
1.350682020187378, 0.027540206909179688
1.3523268699645996, 0.027785062789916992
1.3647953271865845, 0.02776050567626953
1.3346807956695557, 0.027744531631469727
1.3512094020843506, 0.027749300003051758
1.353825569152832, 0.02767491340637207
1.3632926940917969, 0.02772998809814453
1.358512043952942, 0.027740955352783203
1.3528006076812744, 0.027758359909057617
1.3404927253723145, 0.02770686149597168
1.350095510482788, 0.02774214744567871
1.3592778444290161, 0.027802705764770508
1.3513247966766357, 0.02814650535583496
1.356257677078247, 0.027328968048095703
1.3395066261291504, 0.027787208557128906
1.3591125011444092, 0.02773451805114746
1.3540289402008057, 0.02770256996154785
1.344119668006897, 0.027795076370239258
1.3468347787857056, 0.027808666229248047
1.342693567276001, 0.0280611515045166
1.3379286527633667, 0.027349472045898438
1.343916893005371, 0.02765488624572754
1.354611873626709, 0.027710676193237305
1.3520314693450928, 0.027588844299316406
1.3589979410171509, 0.027862548828125
1.3522686958312988, 0.027983427047729492
1.3511940240859985, 0.027811765670776367
1.3362051248550415, 0.027714252471923828
1.3508532047271729, 0.027989625930786133
1.3460359573364258, 0.028298377990722656
1.348523736000061, 0.02743697166442871
1.3479266166687012, 0.02775883674621582
1.348581075668335, 0.027786970138549805
1.3432056903839111, 0.027744770050048828
1.3419861793518066, 0.027925729751586914
1.3387326002120972, 0.028014183044433594
1.3568922281265259, 0.0281527042388916
1.3587136268615723, 0.027605772018432617
1.3634299039840698, 0.02764129638671875
1.3458821773529053, 0.0273284912109375
1.3471176624298096, 0.027753353118896484
1.3458409309387207, 0.02773308753967285
1.3558802604675293, 0.02777886390686035
1.3536186218261719, 0.027688264846801758
1.350785732269287, 0.028159379959106445
1.3612128496170044, 0.027325868606567383
1.3503667116165161, 0.027976512908935547
1.3521337509155273, 0.027306318283081055
1.364007592201233, 0.027654409408569336
1.3506474494934082, 0.028014421463012695
1.3478718996047974, 0.027486801147460938
1.3564529418945312, 0.027894973754882812
1.3503551483154297, 0.027785301208496094
1.347346305847168, 0.028159379959106445
1.3576385974884033, 0.027536869049072266
1.3436810970306396, 0.02682018280029297
1.3550220727920532, 0.02758049964904785
1.3435664176940918, 0.02775406837463379
1.3469535112380981, 0.027805566787719727
1.358647108078003, 0.02795243263244629
1.3438262939453125, 0.02783036231994629
1.3477706909179688, 0.027849435806274414
1.3578226566314697, 0.02827596664428711
1.3580067157745361, 0.027367591857910156
1.3473174571990967, 0.028206586837768555
1.3422033786773682, 0.02712106704711914
1.3496052026748657, 0.027937650680541992
1.3502113819122314, 0.027547359466552734
1.3540639877319336, 0.027487754821777344
1.3390491008758545, 0.028135299682617188
1.360609531402588, 0.027518510818481445
1.3440735340118408, 0.02764296531677246
1.3438827991485596, 0.02784872055053711
1.350083589553833, 0.028067827224731445
1.3506741523742676, 0.027749300003051758
1.3481866121292114, 0.02770709991455078
1.3496370315551758, 0.02766895294189453
1.3449592590332031, 0.028044700622558594
1.354675531387329, 0.027346134185791016
1.3452467918395996, 0.02773737907409668
1.3517415523529053, 0.02770709991455078
1.3447329998016357, 0.027883291244506836
1.353851079940796, 0.027677536010742188
1.3575389385223389, 0.02775430679321289
1.3456292152404785, 0.027910709381103516
1.347396969795227, 0.027966976165771484
1.3462231159210205, 0.027640819549560547
1.3495397567749023, 0.027744531631469727
1.335822343826294, 0.02762603759765625
1.3516995906829834, 0.02755594253540039
1.3530726432800293, 0.0279388427734375
1.359602689743042, 0.02757740020751953
1.3532406091690063, 0.02756333351135254
1.3509371280670166, 0.0277252197265625
1.358209490776062, 0.02734541893005371
1.371046543121338, 0.028032779693603516
1.3534770011901855, 0.02803182601928711
1.343393325805664, 0.027411699295043945
1.35268235206604, 0.027755260467529297
1.3471413850784302, 0.02763199806213379
1.354248285293579, 0.02818751335144043
1.3513011932373047, 0.02743697166442871
1.3535908460617065, 0.0279843807220459
1.3589468002319336, 0.027500152587890625
1.348022222518921, 0.02735304832458496
1.3426707983016968, 0.027742862701416016
1.3443059921264648, 0.02781844139099121
1.3464884757995605, 0.02779245376586914
1.361321210861206, 0.027746200561523438
1.3647480010986328, 0.027815580368041992
1.3545873165130615, 0.027877330780029297
1.353557825088501, 0.027864694595336914
1.3509275913238525, 0.0278012752532959
1.3536415100097656, 0.0276641845703125
1.3524304628372192, 0.027712583541870117
1.3503931760787964, 0.02781224250793457
1.3439137935638428, 0.027998924255371094
1.340517520904541, 0.02769780158996582
1.3524174690246582, 0.027470111846923828
1.3495985269546509, 0.02802300453186035
1.3546574115753174, 0.027958154678344727
1.3412342071533203, 0.028029203414916992
1.3460540771484375, 0.02711176872253418
1.341294288635254, 0.02789020538330078
1.3576958179473877, 0.027509689331054688
1.3547821044921875, 0.027615070343017578
1.3570750951766968, 0.02787494659423828
1.3420528173446655, 0.027482032775878906
1.347619652748108, 0.027711153030395508
1.3388944864273071, 0.02780914306640625
1.3460135459899902, 0.027639389038085938
1.3459620475769043, 0.02762293815612793
1.3445523977279663, 0.02767801284790039
1.3555290699005127, 0.028229713439941406
1.3445980548858643, 0.027425765991210938
1.3529548645019531, 0.02765941619873047
1.3581597805023193, 0.028519868850708008
1.347445011138916, 0.02690887451171875
1.3473172187805176, 0.027649641036987305
1.3480745553970337, 0.027594804763793945
1.3429303169250488, 0.02805161476135254
1.3449313640594482, 0.027186870574951172
1.3498890399932861, 0.027891159057617188
1.3467950820922852, 0.028022050857543945
1.3489501476287842, 0.02803778648376465
1.3463733196258545, 0.02738213539123535
1.3469375371932983, 0.027967453002929688
1.3474620580673218, 0.028402328491210938
1.3448657989501953, 0.027870655059814453
1.3527367115020752, 0.02689981460571289
1.3585901260375977, 0.027770280838012695
1.3399219512939453, 0.027646541595458984
1.349609375, 0.027832508087158203
1.3409309387207031, 0.027851104736328125
1.3452138900756836, 0.027652502059936523
1.3436509370803833, 0.028563499450683594
1.3441665172576904, 0.02679276466369629
1.3503984212875366, 0.027999162673950195
1.3250093460083008, 0.027108192443847656
1.3501675128936768, 0.027681827545166016
1.3533070087432861, 0.027848005294799805
1.3558651208877563, 0.027682065963745117
1.359220266342163, 0.027817726135253906
1.3534469604492188, 0.027787446975708008
1.353529453277588, 0.027695655822753906
1.3424193859100342, 0.027678251266479492
1.352735161781311, 0.027855873107910156
1.3402528762817383, 0.02787017822265625
1.335407018661499, 0.02771759033203125
1.351209044456482, 0.027762889862060547
1.3397886753082275, 0.027749061584472656
1.3459584712982178, 0.027625560760498047
1.3489570617675781, 0.027722597122192383
1.3552987575531006, 0.02789306640625
1.349387764930725, 0.027630329132080078
1.3585580587387085, 0.027855634689331055
1.3527328968048096, 0.027844905853271484
1.3387070894241333, 0.02786850929260254
1.3545253276824951, 0.0277712345123291
1.3588470220565796, 0.027943849563598633
1.359320878982544, 0.027848482131958008
1.3403629064559937, 0.02790522575378418
1.345505714416504, 0.027739763259887695
1.3473396301269531, 0.02777242660522461
1.3628857135772705, 0.02814030647277832
1.3581032752990723, 0.027765989303588867
1.3548625707626343, 0.027694225311279297
1.357595682144165, 0.027274608612060547
1.3464372158050537, 0.027712345123291016
1.3481228351593018, 0.0278780460357666
1.3411988019943237, 0.028043270111083984
1.3499664068222046, 0.027746200561523438
1.3550035953521729, 0.02765631675720215
1.3503663539886475, 0.027800798416137695
1.3525935411453247, 0.027492761611938477
1.3559596538543701, 0.027345895767211914
1.338653802871704, 0.027721405029296875
1.3457562923431396, 0.028290748596191406
1.3422819375991821, 0.027707815170288086
1.3449819087982178, 0.027750492095947266
1.343916416168213, 0.02796196937561035
1.3476240634918213, 0.027773618698120117
1.353877305984497, 0.027883052825927734
1.3579092025756836, 0.028030872344970703
1.3572773933410645, 0.02724933624267578
1.352862000465393, 0.027567625045776367
1.3548052310943604, 0.027578115463256836
1.3563445806503296, 0.027541160583496094
1.355337381362915, 0.0277101993560791
1.3501479625701904, 0.028022050857543945
1.352874994277954, 0.027640104293823242
1.339829683303833, 0.02816033363342285
1.3499503135681152, 0.02715301513671875
1.348484992980957, 0.028074264526367188
1.356825828552246, 0.02777862548828125
1.3396263122558594, 0.02776622772216797
1.3527439832687378, 0.02774214744567871
1.3526177406311035, 0.027839183807373047
1.3486809730529785, 0.027927875518798828
1.3487887382507324, 0.027961015701293945
1.3572478294372559, 0.027876853942871094
1.3459291458129883, 0.02756643295288086
1.3591569662094116, 0.028139352798461914
1.339240550994873, 0.02752208709716797
1.3551017045974731, 0.027779579162597656
1.3537442684173584, 0.027620315551757812
1.3428385257720947, 0.027690410614013672
1.3643741607666016, 0.028056859970092773
1.3462750911712646, 0.027428388595581055
1.3448677062988281, 0.027654409408569336
1.335652232170105, 0.027523279190063477
1.3441345691680908, 0.027648448944091797
1.3545072078704834, 0.027881860733032227
1.3404731750488281, 0.027877330780029297
1.3427913188934326, 0.027782201766967773
1.3479573726654053, 0.027853012084960938
1.352508544921875, 0.02774214744567871
1.3483296632766724, 0.02781081199645996
1.3581470251083374, 0.027672767639160156
1.3583414554595947, 0.027710676193237305
1.3433386087417603, 0.027559995651245117
1.359915852546692, 0.02767491340637207
1.3555679321289062, 0.027661800384521484
1.3535897731781006, 0.027770280838012695
1.3465170860290527, 0.027611494064331055
1.348607063293457, 0.028027772903442383
1.3584543466567993, 0.02799391746520996
1.351121425628662, 0.027850627899169922
1.3523612022399902, 0.02763223648071289
1.3618526458740234, 0.027978181838989258
1.3405053615570068, 0.027716875076293945
1.3480908870697021, 0.027672767639160156
1.3429007530212402, 0.027841567993164062
1.3509407043457031, 0.028110980987548828
1.3627210855484009, 0.027207374572753906
1.3524318933486938, 0.027784347534179688
1.3536696434020996, 0.02801656723022461
1.3535394668579102, 0.02771592140197754
1.3363094329833984, 0.027684450149536133
1.356757640838623, 0.027719497680664062
1.3402599096298218, 0.028016328811645508
1.3533860445022583, 0.02783489227294922
1.350250005722046, 0.027783632278442383
1.349623203277588, 0.027640819549560547
1.3599421977996826, 0.02775287628173828
1.3472516536712646, 0.027695894241333008
1.34676992893219, 0.027678966522216797
1.353661060333252, 0.0277402400970459
1.3544671535491943, 0.02774357795715332
1.3437573909759521, 0.027910947799682617
1.345537543296814, 0.027762889862060547
1.3508856296539307, 0.027718305587768555
1.3531221151351929, 0.02825164794921875
1.3406542539596558, 0.027553796768188477
1.3494865894317627, 0.027378320693969727
1.348402738571167, 0.027591705322265625
1.3438358306884766, 0.02778911590576172
1.355948567390442, 0.027849674224853516
1.341713547706604, 0.02771925926208496
1.3561383485794067, 0.02764439582824707
1.341770887374878, 0.02754664421081543
1.3482575416564941, 0.027924060821533203
1.3585145473480225, 0.028036117553710938
1.3570234775543213, 0.027147531509399414
1.351029634475708, 0.027807235717773438
1.3539299964904785, 0.02791142463684082
1.3563742637634277, 0.027860641479492188
1.3632513284683228, 0.027925968170166016
1.3407838344573975, 0.027912378311157227
1.3506758213043213, 0.027820348739624023
1.3548173904418945, 0.027582406997680664
1.353566288948059, 0.027576684951782227
1.3437221050262451, 0.02786397933959961
1.3435382843017578, 0.027806520462036133
1.336806058883667, 0.027686119079589844
1.3505058288574219, 0.027576923370361328
1.348323106765747, 0.02772688865661621
1.3401618003845215, 0.027945756912231445
1.3512511253356934, 0.027657508850097656
1.340528964996338, 0.027746915817260742
1.3588101863861084, 0.027571916580200195
1.3506360054016113, 0.027872800827026367
1.3548303842544556, 0.02773261070251465
1.3428168296813965, 0.02776336669921875
1.3356959819793701, 0.027660608291625977
1.345771074295044, 0.02757096290588379
1.36812162399292, 0.027753591537475586
1.353635549545288, 0.028001785278320312
1.3662853240966797, 0.02789306640625
1.358143925666809, 0.02775096893310547
1.3567306995391846, 0.027607440948486328
1.354935884475708, 0.027669191360473633
1.353055715560913, 0.02803349494934082
1.3407384157180786, 0.027634143829345703
1.3470053672790527, 0.027223587036132812
1.3546597957611084, 0.027577638626098633
1.3414379358291626, 0.02773261070251465
1.337106466293335, 0.027684688568115234
1.348027229309082, 0.027858495712280273
1.352306604385376, 0.027675390243530273
1.355804204940796, 0.0278012752532959
1.3497265577316284, 0.027866840362548828
1.3416935205459595, 0.02780604362487793
1.3340693712234497, 0.027770519256591797
1.3589107990264893, 0.027744293212890625
1.3362468481063843, 0.027822256088256836
1.344602346420288, 0.027733802795410156
1.3466217517852783, 0.027669191360473633
1.359596848487854, 0.027729511260986328
1.3542170524597168, 0.027827978134155273
1.3526113033294678, 0.02779698371887207
1.3432729244232178, 0.027747392654418945
1.3443461656570435, 0.027763843536376953
1.345326542854309, 0.027706623077392578
1.3560855388641357, 0.027891874313354492
1.35099196434021, 0.027954816818237305
1.350143313407898, 0.027762174606323242
1.3444161415100098, 0.02766108512878418
1.3417880535125732, 0.02760028839111328
1.3539385795593262, 0.02776050567626953
1.350757122039795, 0.0278012752532959
1.3596103191375732, 0.027828693389892578
1.346299409866333, 0.027749061584472656
1.3487615585327148, 0.02764296531677246
1.352997064590454, 0.027933359146118164
1.3551820516586304, 0.027885913848876953
1.3558931350708008, 0.027904033660888672
1.3482165336608887, 0.027503013610839844
1.3454408645629883, 0.027728557586669922
1.3553555011749268, 0.027547121047973633
1.3510775566101074, 0.027683258056640625
1.3545678853988647, 0.027595043182373047
1.3485629558563232, 0.0277101993560791
1.3540722131729126, 0.02786874771118164
1.3490077257156372, 0.028054237365722656
1.3569896221160889, 0.027816295623779297
1.3533077239990234, 0.02779412269592285
1.3547019958496094, 0.027838706970214844
1.3608804941177368, 0.02780318260192871
1.3577113151550293, 0.027790069580078125
1.3499231338500977, 0.027789831161499023
1.3481361865997314, 0.027779579162597656
1.3502273559570312, 0.027616024017333984
1.3434226512908936, 0.027882099151611328
1.3509573936462402, 0.02760910987854004
1.3595027923583984, 0.02785015106201172
1.341101050376892, 0.028237342834472656
1.3495838642120361, 0.027573347091674805
1.3445967435836792, 0.0275576114654541
1.3427753448486328, 0.027688980102539062
1.3589723110198975, 0.02759861946105957
1.3527801036834717, 0.027618885040283203
1.3442143201828003, 0.027681589126586914
1.357574701309204, 0.027770519256591797
1.3448693752288818, 0.02767634391784668
1.3392021656036377, 0.027861833572387695
1.3580683469772339, 0.027854442596435547
1.3532134294509888, 0.027881145477294922
1.3494044542312622, 0.028047800064086914
1.348560094833374, 0.027778148651123047
1.3547545671463013, 0.02770066261291504
1.3529095649719238, 0.02778029441833496
1.3495718240737915, 0.02761530876159668
1.3574550151824951, 0.027521848678588867
1.3484649658203125, 0.02762627601623535
1.3470524549484253, 0.027869462966918945
1.3491148948669434, 0.02741837501525879
1.3449070453643799, 0.027942895889282227
1.3538849353790283, 0.027762889862060547
1.3481650352478027, 0.027613401412963867
1.3489124774932861, 0.027838945388793945
1.357043981552124, 0.027822017669677734
1.349841833114624, 0.027636051177978516
1.3453142642974854, 0.027787208557128906
1.3370935916900635, 0.027858734130859375
1.3433270454406738, 0.028023242950439453
1.3506832122802734, 0.027878522872924805
1.3501142263412476, 0.027648210525512695
1.3539533615112305, 0.02803635597229004
1.356928825378418, 0.027837276458740234
1.3446274995803833, 0.02752375602722168
1.3504791259765625, 0.027636289596557617
1.3405070304870605, 0.027331113815307617
1.3372721672058105, 0.027591943740844727
1.3620309829711914, 0.027851343154907227
1.3473970890045166, 0.028172969818115234
1.3550928831100464, 0.027538776397705078
1.3482868671417236, 0.027679920196533203
1.3557401895523071, 0.027830839157104492
1.344738245010376, 0.02776789665222168
1.3439421653747559, 0.02793288230895996
1.3431824445724487, 0.028742074966430664
1.3626223802566528, 0.028188705444335938
1.349682331085205, 0.028055667877197266
1.350083589553833, 0.02848076820373535
1.3477731943130493, 0.027573347091674805
1.3441452980041504, 0.027643680572509766
1.352994441986084, 0.027639389038085938
1.3386070728302002, 0.027660131454467773
1.352858066558838, 0.02761554718017578
1.3486953973770142, 0.02773904800415039
1.3446296453475952, 0.028537511825561523
1.346221923828125, 0.027710676193237305
1.3540843725204468, 0.02835679054260254
1.3525590896606445, 0.028269529342651367
1.3484959602355957, 0.0278170108795166
1.3528633117675781, 0.027808427810668945
1.3520134687423706, 0.028144121170043945
1.354196548461914, 0.02799201011657715
1.3451781272888184, 0.02739405632019043
1.3523218631744385, 0.027765512466430664
1.3568934202194214, 0.027786731719970703
1.3563549518585205, 0.027828216552734375
1.343693733215332, 0.0275421142578125
1.3439745903015137, 0.027769804000854492
1.3520615100860596, 0.027718067169189453
1.345997929573059, 0.02752828598022461
1.3512623310089111, 0.027568578720092773
1.361412763595581, 0.027884960174560547
1.3488175868988037, 0.0277554988861084
1.3525627851486206, 0.027463436126708984
1.3520267009735107, 0.02771925926208496
1.3611748218536377, 0.027634859085083008
1.3415062427520752, 0.027877330780029297
1.3391468524932861, 0.02782440185546875
1.3523318767547607, 0.02784276008605957
1.3525646924972534, 0.02782893180847168
1.3602700233459473, 0.027870893478393555
1.3441901206970215, 0.02783656120300293
1.3526471853256226, 0.02771735191345215
1.3586639165878296, 0.027631044387817383
1.352292537689209, 0.027638673782348633
1.3424140214920044, 0.027598142623901367
1.336147427558899, 0.027698040008544922
1.3539674282073975, 0.027805805206298828
1.3527259826660156, 0.0278012752532959
1.3498189449310303, 0.027701377868652344
1.348240613937378, 0.02781367301940918
1.346696138381958, 0.027909517288208008
1.3534729480743408, 0.02792048454284668
1.3528156280517578, 0.027738332748413086
1.3423349857330322, 0.027796506881713867
1.346590280532837, 0.027762413024902344
1.3404916524887085, 0.02817082405090332
1.338430404663086, 0.02772998809814453
1.338958978652954, 0.02770829200744629
1.3457043170928955, 0.027825593948364258
1.3590266704559326, 0.027858495712280273
1.3501737117767334, 0.027694225311279297
1.3442764282226562, 0.02777576446533203
1.3424994945526123, 0.027825355529785156
1.3591411113739014, 0.028003692626953125
1.367077112197876, 0.027399301528930664
1.3472976684570312, 0.02771759033203125
1.3524117469787598, 0.027649402618408203
1.3458153009414673, 0.02760934829711914
1.348206877708435, 0.027943134307861328
1.3444668054580688, 0.02779245376586914
1.3505759239196777, 0.027317285537719727
1.352950096130371, 0.027775287628173828
1.3527644872665405, 0.027790546417236328
1.343139886856079, 0.02790045738220215
1.3482632637023926, 0.027777671813964844
1.3603436946868896, 0.02814650535583496
1.3541761636734009, 0.0283200740814209
1.3460230827331543, 0.027354001998901367
1.3586978912353516, 0.02780604362487793
1.3571138381958008, 0.02768874168395996
1.3480079174041748, 0.027941226959228516
1.3351597785949707, 0.027400970458984375
1.3539550304412842, 0.027673721313476562
1.3465842008590698, 0.027774333953857422
1.3485498428344727, 0.027859926223754883
1.358910322189331, 0.02781057357788086
1.3578588962554932, 0.028015851974487305
1.350482702255249, 0.02770090103149414
1.3430826663970947, 0.027491092681884766
1.3444757461547852, 0.02785634994506836
1.3452434539794922, 0.02808666229248047
1.347691297531128, 0.027461767196655273
1.3440539836883545, 0.027765750885009766
1.3359668254852295, 0.027844905853271484
1.3447675704956055, 0.0278778076171875
1.328763484954834, 0.02776026725769043
1.3527705669403076, 0.02773571014404297
1.3651783466339111, 0.02782464027404785
1.3517769575119019, 0.02780914306640625
1.3318536281585693, 0.027643442153930664
1.342691421508789, 0.027730464935302734
1.3496315479278564, 0.027628183364868164
1.3478947877883911, 0.02764129638671875
1.345900297164917, 0.027781248092651367
1.350482702255249, 0.027803659439086914
1.3523156642913818, 0.02765631675720215
1.34393310546875, 0.027772903442382812
1.3521836996078491, 0.027705907821655273
1.3553656339645386, 0.027785539627075195
1.3464176654815674, 0.02792978286743164
1.3471598625183105, 0.02777719497680664
1.3456276655197144, 0.027745962142944336
1.343044638633728, 0.02771162986755371
1.346440076828003, 0.027789831161499023
1.3596206903457642, 0.02779221534729004
1.3529069423675537, 0.02781987190246582
1.34572434425354, 0.027766942977905273
1.3605916500091553, 0.027779579162597656
1.3567137718200684, 0.02775287628173828
1.3601187467575073, 0.027965545654296875
1.3507661819458008, 0.027794599533081055
1.3513617515563965, 0.027683019638061523
1.3529503345489502, 0.027665138244628906
1.3439767360687256, 0.02756476402282715
1.356568455696106, 0.02767324447631836
1.3604979515075684, 0.027864694595336914
1.338273048400879, 0.02771735191345215
1.3389556407928467, 0.027966976165771484
1.342353343963623, 0.027743816375732422
1.3417632579803467, 0.027784347534179688
1.352637529373169, 0.0280301570892334
1.3604965209960938, 0.02778148651123047
1.3510875701904297, 0.027511119842529297
1.3605351448059082, 0.027729034423828125
1.3451805114746094, 0.027774810791015625
1.3392620086669922, 0.027883291244506836
1.3377991914749146, 0.027637243270874023
1.354140281677246, 0.02789020538330078
1.3515079021453857, 0.027289152145385742
1.3570406436920166, 0.027770519256591797
1.3489527702331543, 0.0277097225189209
1.3510159254074097, 0.027864694595336914
1.3410682678222656, 0.02778172492980957
1.361069917678833, 0.02774643898010254
1.3584885597229004, 0.02777838706970215
1.3498671054840088, 0.027727127075195312
1.3376271724700928, 0.027736902236938477
1.3342578411102295, 0.028079986572265625
1.3460760116577148, 0.027744531631469727
1.3584352731704712, 0.027643203735351562
1.349149465560913, 0.02776050567626953
1.358698844909668, 0.027415037155151367
1.3500293493270874, 0.027801036834716797
1.3632752895355225, 0.027826786041259766
1.3452401161193848, 0.0278165340423584
1.3548955917358398, 0.027828693389892578
1.3423781394958496, 0.02774786949157715
1.3391680717468262, 0.02773118019104004
1.3528814315795898, 0.027812480926513672
1.343860149383545, 0.027677059173583984
1.3529458045959473, 0.027594566345214844
1.351640224456787, 0.027722835540771484
1.3480491638183594, 0.027794361114501953
1.3480260372161865, 0.027858734130859375
1.341591238975525, 0.028004169464111328
1.3436537981033325, 0.027773380279541016
1.352432370185852, 0.02817559242248535
1.3422188758850098, 0.027777910232543945
1.3413050174713135, 0.027313709259033203
1.3378973007202148, 0.027506113052368164
1.3536688089370728, 0.027607202529907227
1.3536309003829956, 0.027740955352783203
1.351088047027588, 0.027669906616210938
1.3595941066741943, 0.028141498565673828
1.341939926147461, 0.027035951614379883
1.343343734741211, 0.02767491340637207
1.3580466508865356, 0.028135061264038086
1.341221809387207, 0.028246641159057617
1.3490179777145386, 0.027142763137817383
1.3561861515045166, 0.02769327163696289
1.349660038948059, 0.027710914611816406
1.346923589706421, 0.027931690216064453
1.3510313034057617, 0.02774357795715332
1.341646432876587, 0.02768397331237793
1.3503644466400146, 0.027827739715576172
1.3574351072311401, 0.027769088745117188
1.3472847938537598, 0.027750015258789062
1.3540174961090088, 0.027774572372436523
1.3410539627075195, 0.02798295021057129
1.3520874977111816, 0.02775287628173828
1.339484691619873, 0.02780771255493164
1.3490266799926758, 0.02766871452331543
1.3542755842208862, 0.02781844139099121
1.3455564975738525, 0.0276491641998291
1.3486807346343994, 0.027655601501464844
1.3546712398529053, 0.02770209312438965
1.3446662425994873, 0.027753114700317383
1.3552980422973633, 0.027826786041259766
1.3417915105819702, 0.028133630752563477
1.3568265438079834, 0.02780890464782715
1.3429049253463745, 0.028067588806152344
1.344401240348816, 0.027687549591064453
1.3602012395858765, 0.027866601943969727
1.3518719673156738, 0.02739572525024414
1.353133201599121, 0.02731156349182129
1.350724220275879, 0.027797222137451172
1.342038631439209, 0.027611732482910156
1.3582580089569092, 0.027743101119995117
1.3509687185287476, 0.0277557373046875
1.3409380912780762, 0.02776503562927246
1.342958688735962, 0.02779555320739746
1.3476141691207886, 0.027880191802978516
1.3533090353012085, 0.02789139747619629
1.3544983863830566, 0.027673006057739258
1.3470098972320557, 0.027804851531982422
1.3503074645996094, 0.027840375900268555
1.3391404151916504, 0.027906179428100586
1.3455467224121094, 0.028003931045532227
1.352594256401062, 0.027507781982421875
1.3611876964569092, 0.027768611907958984
1.3533999919891357, 0.027804136276245117
1.3555469512939453, 0.02795100212097168
1.3473796844482422, 0.027850866317749023
1.355358362197876, 0.028318166732788086
1.336134672164917, 0.027690649032592773
1.343582034111023, 0.02787470817565918
1.3409321308135986, 0.02782130241394043
1.3463830947875977, 0.027767658233642578
1.346153974533081, 0.027785778045654297
1.3469104766845703, 0.027682065963745117
1.3457722663879395, 0.02760481834411621
1.3527604341506958, 0.028150081634521484
1.3513743877410889, 0.027726173400878906
1.3570501804351807, 0.027784109115600586
1.3522441387176514, 0.028123140335083008
1.361181616783142, 0.027501583099365234
1.3509893417358398, 0.02801036834716797
1.3607800006866455, 0.027334213256835938
1.3488259315490723, 0.02756500244140625
1.3499231338500977, 0.02765178680419922
1.3471546173095703, 0.02763676643371582
1.3492085933685303, 0.027809858322143555
1.3497151136398315, 0.02808237075805664
1.3519339561462402, 0.02793741226196289
1.358898401260376, 0.026979446411132812
1.3486957550048828, 0.027968883514404297
1.3518041372299194, 0.0276639461517334
1.3514879941940308, 0.02744889259338379
1.3339115381240845, 0.02805042266845703
1.3538768291473389, 0.027876853942871094
1.3469932079315186, 0.027803659439086914
1.3612912893295288, 0.02753758430480957
1.3396010398864746, 0.027587175369262695
1.3421754837036133, 0.02762317657470703
1.357406497001648, 0.027968645095825195
1.3520662784576416, 0.027904748916625977
1.3438564538955688, 0.027920007705688477
1.339822769165039, 0.027701139450073242
1.3587815761566162, 0.027956485748291016
1.346540093421936, 0.028254032135009766
1.357610821723938, 0.027181148529052734
1.3609355688095093, 0.028067588806152344
1.3453731536865234, 0.027611255645751953
1.3451292514801025, 0.027388811111450195
1.3452543020248413, 0.027846574783325195
1.3507282733917236, 0.027721881866455078
1.3424279689788818, 0.02779984474182129
1.3556108474731445, 0.027739286422729492
1.352561593055725, 0.027863502502441406
1.3313477039337158, 0.027956008911132812
1.3442082405090332, 0.02789306640625
1.3552474975585938, 0.02792191505432129
1.3370983600616455, 0.02716660499572754
1.3466503620147705, 0.027761220932006836
1.3432443141937256, 0.02763509750366211
1.3449199199676514, 0.027603864669799805
1.3487008810043335, 0.027734994888305664
1.3394856452941895, 0.02777862548828125
1.355945348739624, 0.02756047248840332
1.3334929943084717, 0.027794837951660156
1.3629645109176636, 0.027976274490356445
1.3581979274749756, 0.027728796005249023
1.3358163833618164, 0.02789020538330078
1.3385043144226074, 0.02776312828063965
1.3444137573242188, 0.02786087989807129
1.353208065032959, 0.028163909912109375
1.3542375564575195, 0.02724623680114746
1.3489086627960205, 0.027625322341918945
1.3443632125854492, 0.027676820755004883
1.3398317098617554, 0.027704954147338867
1.3415606021881104, 0.02759528160095215
1.3584067821502686, 0.02759552001953125
1.3476028442382812, 0.027811765670776367
1.343576431274414, 0.027770280838012695
1.3424508571624756, 0.02801799774169922
1.3461945056915283, 0.027817964553833008
1.3390713930130005, 0.027733325958251953
1.356053113937378, 0.027763843536376953
1.3503538370132446, 0.027810335159301758
1.3436851501464844, 0.027840614318847656
1.3328933715820312, 0.027712345123291016
1.3610429763793945, 0.02768254280090332
1.3447232246398926, 0.027670860290527344
1.3382701873779297, 0.027638673782348633
1.3532118797302246, 0.02762126922607422
1.3451099395751953, 0.02758646011352539
1.3489046096801758, 0.027684926986694336
1.3494281768798828, 0.02765679359436035
1.3464833498001099, 0.027627229690551758
1.3593641519546509, 0.02798295021057129
1.3643059730529785, 0.027612686157226562
1.351961374282837, 0.02772378921508789
1.3499513864517212, 0.02773571014404297
1.343850016593933, 0.027776718139648438
1.3435595035552979, 0.027773618698120117
1.3445639610290527, 0.02793741226196289
1.3466875553131104, 0.027875900268554688
1.3554658889770508, 0.027881383895874023
1.344630241394043, 0.027727365493774414
1.358014702796936, 0.027892589569091797
1.3600353002548218, 0.028017044067382812
1.3485777378082275, 0.027808666229248047
1.342586874961853, 0.027788639068603516
1.3563909530639648, 0.027573347091674805
1.3524291515350342, 0.027614831924438477
1.3479725122451782, 0.02775287628173828
1.3408410549163818, 0.02785658836364746
1.3494665622711182, 0.02785634994506836
1.351409673690796, 0.0277402400970459
1.3515448570251465, 0.02785634994506836
1.3444280624389648, 0.027957916259765625
1.3562555313110352, 0.027828216552734375
1.3615391254425049, 0.027715682983398438
1.3463668823242188, 0.02782154083251953
1.3543801307678223, 0.027645111083984375
1.3376832008361816, 0.02774786949157715
1.3482491970062256, 0.027832508087158203
1.3438031673431396, 0.02763819694519043
1.3600504398345947, 0.02767634391784668
1.3455026149749756, 0.028017759323120117
1.3539810180664062, 0.027393817901611328
1.3463160991668701, 0.027373790740966797
1.3519554138183594, 0.027640581130981445
1.3561060428619385, 0.027622222900390625
1.3508381843566895, 0.027646780014038086
1.352586030960083, 0.027995824813842773
1.3327035903930664, 0.0275876522064209
1.3557510375976562, 0.027724266052246094
1.3414299488067627, 0.028088808059692383
1.3461222648620605, 0.027341365814208984
1.3543121814727783, 0.027724266052246094
1.345909833908081, 0.027730703353881836
1.3471980094909668, 0.027930021286010742
1.3434324264526367, 0.028151273727416992
1.3410568237304688, 0.02776169776916504
1.3437556028366089, 0.027771711349487305
1.3485538959503174, 0.027822256088256836
1.3442667722702026, 0.02777838706970215
1.3452861309051514, 0.028076171875
1.35183846950531, 0.02782273292541504
1.3473809957504272, 0.02774953842163086
1.3369296789169312, 0.027669668197631836
1.3442473411560059, 0.028029918670654297
1.3447644710540771, 0.027994871139526367
1.3490471839904785, 0.028038501739501953
1.3477580547332764, 0.027623891830444336
1.342333197593689, 0.02800440788269043
1.3456599712371826, 0.0274355411529541
1.3608932495117188, 0.027372121810913086
1.3600091934204102, 0.02785468101501465
1.3593428134918213, 0.02764415740966797
1.3372559547424316, 0.027776718139648438
1.347095012664795, 0.028815746307373047
1.3507919311523438, 0.0274810791015625
1.3515667915344238, 0.02744770050048828
1.348438024520874, 0.02794361114501953
1.3486918210983276, 0.027151823043823242
1.3484302759170532, 0.02788686752319336
1.3476113080978394, 0.02723550796508789
1.3316277265548706, 0.027740478515625
1.3574177026748657, 0.0283052921295166
1.3449941873550415, 0.02878570556640625
1.3465297222137451, 0.028058528900146484
1.3453094959259033, 0.02834153175354004
1.361088514328003, 0.02808666229248047
1.363155484199524, 0.028186559677124023
1.3591818809509277, 0.028365612030029297
1.3480945825576782, 0.027916431427001953
1.349215030670166, 0.028197288513183594
1.3432255983352661, 0.028087377548217773
1.359525203704834, 0.028012752532958984
1.3446513414382935, 0.02784872055053711
1.3408102989196777, 0.027999401092529297
1.3545796871185303, 0.028156280517578125
1.351265549659729, 0.02771759033203125
1.3547639846801758, 0.028134822845458984
1.3359380960464478, 0.02751946449279785
1.369143009185791, 0.02688741683959961
1.34919273853302, 0.027627944946289062
1.347867488861084, 0.02786111831665039
1.353816032409668, 0.027220964431762695
1.348034143447876, 0.02734375
1.3562054634094238, 0.02747201919555664
1.3518848419189453, 0.0273740291595459
1.3441271781921387, 0.027511119842529297
1.3486474752426147, 0.027635812759399414
1.3469538688659668, 0.027747631072998047
1.3532254695892334, 0.027979135513305664
1.346043348312378, 0.0274660587310791
1.3520283699035645, 0.027293682098388672
1.3518624305725098, 0.027188777923583984
1.3530833721160889, 0.027719497680664062
1.3452198505401611, 0.027911663055419922
1.3643770217895508, 0.02745199203491211
1.3487863540649414, 0.027141571044921875
1.3439861536026, 0.02787041664123535
1.3505878448486328, 0.028342008590698242
1.338646411895752, 0.02777719497680664
1.3526158332824707, 0.027918577194213867
1.344372272491455, 0.02778148651123047
1.3500840663909912, 0.02817368507385254
1.3383960723876953, 0.02802872657775879
1.3508918285369873, 0.028124332427978516
1.3329905271530151, 0.028145313262939453
1.3436472415924072, 0.028105735778808594
1.3473341464996338, 0.028081893920898438
1.355139970779419, 0.028126239776611328
1.3459854125976562, 0.02781820297241211
1.3537945747375488, 0.02782297134399414
1.3496103286743164, 0.02777409553527832
1.3532763719558716, 0.028066635131835938
1.3613098859786987, 0.008318662643432617
